This is pdfTeX, Version 3.141592653-2.6-1.40.27 (MiKTeX 25.4) (preloaded format=pdflatex 2025.12.24)  27 FEB 2026 01:07
entering extended mode
 restricted \write18 enabled.
 file:line:error style messages enabled.
 %&-line parsing enabled.
**c:/Users/Youssef/Desktop/UNI/S7/Bachelorarbeit/Data-Driven-Camera-Calibration/docs/thesis/thesis.tex
(c:/Users/Youssef/Desktop/UNI/S7/Bachelorarbeit/Data-Driven-Camera-Calibration/docs/thesis/thesis.tex
LaTeX2e <2025-11-01>
L3 programming layer <2025-11-06>
(C:\Users\Youssef\AppData\Local\Programs\MiKTeX\tex/latex/koma-script\scrartcl.cls
Document Class: scrartcl 2025/09/09 v3.48 KOMA-Script document class (article)
(C:\Users\Youssef\AppData\Local\Programs\MiKTeX\tex/latex/koma-script\scrkbase.sty
Package: scrkbase 2025/09/09 v3.48 KOMA-Script package (KOMA-Script-dependent basics and keyval usage)
 (C:\Users\Youssef\AppData\Local\Programs\MiKTeX\tex/latex/koma-script\scrbase.sty
Package: scrbase 2025/09/09 v3.48 KOMA-Script package (KOMA-Script-independent basics and keyval usage)
 (C:\Users\Youssef\AppData\Local\Programs\MiKTeX\tex/latex/koma-script\scrlfile.sty
Package: scrlfile 2025/09/09 v3.48 KOMA-Script package (file load hooks)
 (C:\Users\Youssef\AppData\Local\Programs\MiKTeX\tex/latex/koma-script\scrlfile-hook.sty
Package: scrlfile-hook 2025/09/09 v3.48 KOMA-Script package (using LaTeX hooks)
 (C:\Users\Youssef\AppData\Local\Programs\MiKTeX\tex/latex/koma-script\scrlogo.sty
Package: scrlogo 2025/09/09 v3.48 KOMA-Script package (logo)
))) (C:\Users\Youssef\AppData\Local\Programs\MiKTeX\tex/latex/graphics\keyval.sty
Package: keyval 2022/05/29 v1.15 key=value parser (DPC)
\KV@toks@=\toks17
)
Applying: [2021/05/01] Usage of raw or classic option list on input line 254.
Already applied: [0000/00/00] Usage of raw or classic option list on input line 370.
)) (C:\Users\Youssef\AppData\Local\Programs\MiKTeX\tex/latex/koma-script\tocbasic.sty
Package: tocbasic 2025/09/09 v3.48 KOMA-Script package (handling toc-files)
\scr@dte@tocline@numberwidth=\skip49
\scr@dte@tocline@numbox=\box53
)
Package tocbasic Info: omitting babel extension for `toc'
(tocbasic)             because of feature `nobabel' available
(tocbasic)             for `toc' on input line 141.
Package scrartcl Info: You've used standard option `12pt'.
(scrartcl)             This is correct!
(scrartcl)             Internally I'm using `fontsize=12pt'.
(scrartcl)             If you'd like to set the option with \KOMAoptions,
(scrartcl)             you'd have to use `fontsize=12pt' there
(scrartcl)             instead of `12pt', too.
Class scrartcl Info: File `scrsize12pt.clo' used to setup font sizes on input line 2486.
 (C:\Users\Youssef\AppData\Local\Programs\MiKTeX\tex/latex/koma-script\scrsize12pt.clo
File: scrsize12pt.clo 2025/09/09 v3.48 KOMA-Script font size class option (12pt)
) (C:\Users\Youssef\AppData\Local\Programs\MiKTeX\tex/latex/koma-script\typearea.sty
Package: typearea 2025/09/09 v3.48 KOMA-Script package (type area)
\ta@bcor=\skip50
\ta@div=\count275
\ta@hblk=\skip51
\ta@vblk=\skip52
\ta@temp=\skip53
\footheight=\skip54
Package typearea Info: These are the values describing the layout:
(typearea)             DIV  = 12
(typearea)             BCOR = 0.0pt
(typearea)             \paperwidth      = 597.50793pt
(typearea)              \textwidth      = 448.13095pt
(typearea)              DIV departure   = -6%
(typearea)              \evensidemargin = 2.4185pt
(typearea)              \oddsidemargin  = 2.4185pt
(typearea)             \paperheight     = 845.04694pt
(typearea)              \textheight     = 635.5pt
(typearea)              \topmargin      = -41.72441pt
(typearea)              \headheight     = 18.125pt
(typearea)              \headsep        = 21.75pt
(typearea)              \topskip        = 12.0pt
(typearea)              \footskip       = 50.75pt
(typearea)              \baselineskip   = 14.5pt
(typearea)              on input line 1807.
)
\c@part=\count276
\c@section=\count277
\c@subsection=\count278
\c@subsubsection=\count279
\c@paragraph=\count280
\c@subparagraph=\count281
\scr@dte@section@maxnumwidth=\skip55
Class scrartcl Info: using compatibility default `runin=bysign'
(scrartcl)           for `\section on input line 5161.
Class scrartcl Info: using compatibility default `afterindent=bysign'
(scrartcl)           for `\section on input line 5161.
\scr@dte@part@maxnumwidth=\skip56
Class scrartcl Info: using compatibility default `afterindent=false'
(scrartcl)           for `\part on input line 5169.
\scr@dte@subsection@maxnumwidth=\skip57
Class scrartcl Info: using compatibility default `runin=bysign'
(scrartcl)           for `\subsection on input line 5179.
Class scrartcl Info: using compatibility default `afterindent=bysign'
(scrartcl)           for `\subsection on input line 5179.
\scr@dte@subsubsection@maxnumwidth=\skip58
Class scrartcl Info: using compatibility default `runin=bysign'
(scrartcl)           for `\subsubsection on input line 5189.
Class scrartcl Info: using compatibility default `afterindent=bysign'
(scrartcl)           for `\subsubsection on input line 5189.
\scr@dte@paragraph@maxnumwidth=\skip59
Class scrartcl Info: using compatibility default `runin=bysign'
(scrartcl)           for `\paragraph on input line 5200.
Class scrartcl Info: using compatibility default `afterindent=bysign'
(scrartcl)           for `\paragraph on input line 5200.
\scr@dte@subparagraph@maxnumwidth=\skip60
Class scrartcl Info: using compatibility default `runin=bysign'
(scrartcl)           for `\subparagraph on input line 5210.
Class scrartcl Info: using compatibility default `afterindent=bysign'
(scrartcl)           for `\subparagraph on input line 5210.
\abovecaptionskip=\skip61
\belowcaptionskip=\skip62
\c@pti@nb@sid@b@x=\box54
Package tocbasic Info: omitting babel extension for `lof'
(tocbasic)             because of feature `nobabel' available
(tocbasic)             for `lof' on input line 6410.
\scr@dte@figure@maxnumwidth=\skip63
\c@figure=\count282
Package tocbasic Info: omitting babel extension for `lot'
(tocbasic)             because of feature `nobabel' available
(tocbasic)             for `lot' on input line 6422.
\scr@dte@table@maxnumwidth=\skip64
\c@table=\count283
Class scrartcl Info: Redefining `\numberline' on input line 6592.
\bibindent=\dimen148
) (C:\Users\Youssef\AppData\Local\Programs\MiKTeX\tex/latex/base\fontenc.sty
Package: fontenc 2025/07/18 v2.1d Standard LaTeX package
) (C:\Users\Youssef\AppData\Local\Programs\MiKTeX\tex/latex/base\inputenc.sty
Package: inputenc 2024/02/08 v1.3d Input encoding file
\inpenc@prehook=\toks18
\inpenc@posthook=\toks19
) (C:\Users\Youssef\AppData\Local\Programs\MiKTeX\tex/generic/babel\babel.sty
Package: babel 2025/11/09 v25.15 The multilingual framework for LuaLaTeX, pdfLaTeX and XeLaTeX
\babel@savecnt=\count284
LaTeX Encoding Info:    Redeclaring text command \ij (encoding OT1) on input line 2050.
LaTeX Encoding Info:    Redeclaring text command \IJ (encoding OT1) on input line 2052.
LaTeX Encoding Info:    Redeclaring text command \ij (encoding T1) on input line 2054.
LaTeX Encoding Info:    Redeclaring text command \IJ (encoding T1) on input line 2055.
LaTeX Encoding Info:    Ignoring declaration for text command \ij (encoding ?) on input line 2056.
LaTeX Encoding Info:    Ignoring declaration for text command \IJ (encoding ?) on input line 2058.
LaTeX Encoding Info:    Ignoring declaration for text command \SS (encoding ?) on input line 2083.
\U@D=\dimen149
\l@unhyphenated=\language79
 (C:\Users\Youssef\AppData\Local\Programs\MiKTeX\tex/generic/babel\txtbabel.def)
\bbl@readstream=\read2
\bbl@dirlevel=\count285
Package babel Info: Configuration files are deprecated, as
(babel)             they can break document portability.
(babel)             Reported on input line 4175.

*************************************
* Local config file bblopts.cfg used
*
(C:\Users\Youssef\AppData\Local\Programs\MiKTeX\tex/latex/arabi\bblopts.cfg
File: bblopts.cfg 2005/09/08 v0.1 add Arabic and Farsi to "declared" options of babel
) (C:\Users\Youssef\AppData\Local\Programs\MiKTeX\tex/generic/babel/locale/en\babel-english.tex)
Package babel Info: Importing font and identification data for english
(babel)             from babel-en.ini. Reported on input line 4298.
 (C:\Users\Youssef\AppData\Local\Programs\MiKTeX\tex/latex/babel-english\english.ldf
Language: english 2017/06/06 v3.3r English support from the babel system
Package babel Info: Hyphen rules for 'canadian' set to \l@english
(babel)             (\language0). Reported on input line 102.
Package babel Info: Hyphen rules for 'australian' set to \l@ukenglish
(babel)             (\language73). Reported on input line 105.
Package babel Info: Hyphen rules for 'newzealand' set to \l@ukenglish
(babel)             (\language73). Reported on input line 108.
)) (C:\Users\Youssef\AppData\Local\Programs\MiKTeX\tex/latex/lm\lmodern.sty
Package: lmodern 2015/05/01 v1.6.1 Latin Modern Fonts
LaTeX Font Info:    Overwriting symbol font `operators' in version `normal'
(Font)                  OT1/cmr/m/n --> OT1/lmr/m/n on input line 22.
LaTeX Font Info:    Overwriting symbol font `letters' in version `normal'
(Font)                  OML/cmm/m/it --> OML/lmm/m/it on input line 23.
LaTeX Font Info:    Overwriting symbol font `symbols' in version `normal'
(Font)                  OMS/cmsy/m/n --> OMS/lmsy/m/n on input line 24.
LaTeX Font Info:    Overwriting symbol font `largesymbols' in version `normal'
(Font)                  OMX/cmex/m/n --> OMX/lmex/m/n on input line 25.
LaTeX Font Info:    Overwriting symbol font `operators' in version `bold'
(Font)                  OT1/cmr/bx/n --> OT1/lmr/bx/n on input line 26.
LaTeX Font Info:    Overwriting symbol font `letters' in version `bold'
(Font)                  OML/cmm/b/it --> OML/lmm/b/it on input line 27.
LaTeX Font Info:    Overwriting symbol font `symbols' in version `bold'
(Font)                  OMS/cmsy/b/n --> OMS/lmsy/b/n on input line 28.
LaTeX Font Info:    Overwriting symbol font `largesymbols' in version `bold'
(Font)                  OMX/cmex/m/n --> OMX/lmex/m/n on input line 29.
LaTeX Font Info:    Overwriting math alphabet `\mathbf' in version `normal'
(Font)                  OT1/cmr/bx/n --> OT1/lmr/bx/n on input line 31.
LaTeX Font Info:    Overwriting math alphabet `\mathsf' in version `normal'
(Font)                  OT1/cmss/m/n --> OT1/lmss/m/n on input line 32.
LaTeX Font Info:    Overwriting math alphabet `\mathit' in version `normal'
(Font)                  OT1/cmr/m/it --> OT1/lmr/m/it on input line 33.
LaTeX Font Info:    Overwriting math alphabet `\mathtt' in version `normal'
(Font)                  OT1/cmtt/m/n --> OT1/lmtt/m/n on input line 34.
LaTeX Font Info:    Overwriting math alphabet `\mathbf' in version `bold'
(Font)                  OT1/cmr/bx/n --> OT1/lmr/bx/n on input line 35.
LaTeX Font Info:    Overwriting math alphabet `\mathsf' in version `bold'
(Font)                  OT1/cmss/bx/n --> OT1/lmss/bx/n on input line 36.
LaTeX Font Info:    Overwriting math alphabet `\mathit' in version `bold'
(Font)                  OT1/cmr/bx/it --> OT1/lmr/bx/it on input line 37.
LaTeX Font Info:    Overwriting math alphabet `\mathtt' in version `bold'
(Font)                  OT1/cmtt/m/n --> OT1/lmtt/m/n on input line 38.
) (C:\Users\Youssef\AppData\Local\Programs\MiKTeX\tex/latex/geometry\geometry.sty
Package: geometry 2020/01/02 v5.9 Page Geometry
 (C:\Users\Youssef\AppData\Local\Programs\MiKTeX\tex/generic/iftex\ifvtex.sty
Package: ifvtex 2019/10/25 v1.7 ifvtex legacy package. Use iftex instead.
 (C:\Users\Youssef\AppData\Local\Programs\MiKTeX\tex/generic/iftex\iftex.sty
Package: iftex 2024/12/12 v1.0g TeX engine tests
))
\Gm@cnth=\count286
\Gm@cntv=\count287
\c@Gm@tempcnt=\count288
\Gm@bindingoffset=\dimen150
\Gm@wd@mp=\dimen151
\Gm@odd@mp=\dimen152
\Gm@even@mp=\dimen153
\Gm@layoutwidth=\dimen154
\Gm@layoutheight=\dimen155
\Gm@layouthoffset=\dimen156
\Gm@layoutvoffset=\dimen157
\Gm@dimlist=\toks20
 (C:\Users\Youssef\AppData\Local\Programs\MiKTeX\tex/latex/geometry\geometry.cfg)) (C:\Users\Youssef\AppData\Local\Programs\MiKTeX\tex/latex/booktabs\booktabs.sty
Package: booktabs 2020/01/12 v1.61803398 Publication quality tables
\heavyrulewidth=\dimen158
\lightrulewidth=\dimen159
\cmidrulewidth=\dimen160
\belowrulesep=\dimen161
\belowbottomsep=\dimen162
\aboverulesep=\dimen163
\abovetopsep=\dimen164
\cmidrulesep=\dimen165
\cmidrulekern=\dimen166
\defaultaddspace=\dimen167
\@cmidla=\count289
\@cmidlb=\count290
\@aboverulesep=\dimen168
\@belowrulesep=\dimen169
\@thisruleclass=\count291
\@lastruleclass=\count292
\@thisrulewidth=\dimen170
) (C:\Users\Youssef\AppData\Local\Programs\MiKTeX\tex/latex/amsmath\amsmath.sty
Package: amsmath 2025/07/09 v2.17z AMS math features
\@mathmargin=\skip65

For additional information on amsmath, use the `?' option.
(C:\Users\Youssef\AppData\Local\Programs\MiKTeX\tex/latex/amsmath\amstext.sty
Package: amstext 2024/11/17 v2.01 AMS text
 (C:\Users\Youssef\AppData\Local\Programs\MiKTeX\tex/latex/amsmath\amsgen.sty
File: amsgen.sty 1999/11/30 v2.0 generic functions
\@emptytoks=\toks21
\ex@=\dimen171
)) (C:\Users\Youssef\AppData\Local\Programs\MiKTeX\tex/latex/amsmath\amsbsy.sty
Package: amsbsy 1999/11/29 v1.2d Bold Symbols
\pmbraise@=\dimen172
) (C:\Users\Youssef\AppData\Local\Programs\MiKTeX\tex/latex/amsmath\amsopn.sty
Package: amsopn 2022/04/08 v2.04 operator names
)
\inf@bad=\count293
LaTeX Info: Redefining \frac on input line 233.
\uproot@=\count294
\leftroot@=\count295
LaTeX Info: Redefining \overline on input line 398.
LaTeX Info: Redefining \colon on input line 409.
\classnum@=\count296
\DOTSCASE@=\count297
LaTeX Info: Redefining \ldots on input line 495.
LaTeX Info: Redefining \dots on input line 498.
LaTeX Info: Redefining \cdots on input line 619.
\Mathstrutbox@=\box55
\strutbox@=\box56
LaTeX Info: Redefining \big on input line 721.
LaTeX Info: Redefining \Big on input line 722.
LaTeX Info: Redefining \bigg on input line 723.
LaTeX Info: Redefining \Bigg on input line 724.
\big@size=\dimen173
LaTeX Font Info:    Redeclaring font encoding OML on input line 742.
LaTeX Font Info:    Redeclaring font encoding OMS on input line 743.
\macc@depth=\count298
LaTeX Info: Redefining \bmod on input line 904.
LaTeX Info: Redefining \pmod on input line 909.
LaTeX Info: Redefining \smash on input line 939.
LaTeX Info: Redefining \relbar on input line 969.
LaTeX Info: Redefining \Relbar on input line 970.
\c@MaxMatrixCols=\count299
\dotsspace@=\muskip17
\c@parentequation=\count300
\dspbrk@lvl=\count301
\tag@help=\toks22
\row@=\count302
\column@=\count303
\maxfields@=\count304
\andhelp@=\toks23
\eqnshift@=\dimen174
\alignsep@=\dimen175
\tagshift@=\dimen176
\tagwidth@=\dimen177
\totwidth@=\dimen178
\lineht@=\dimen179
\@envbody=\toks24
\multlinegap=\skip66
\multlinetaggap=\skip67
\mathdisplay@stack=\toks25
LaTeX Info: Redefining \[ on input line 2950.
LaTeX Info: Redefining \] on input line 2951.
) (C:\Users\Youssef\AppData\Local\Programs\MiKTeX\tex/latex/amsfonts\amssymb.sty
Package: amssymb 2013/01/14 v3.01 AMS font symbols
 (C:\Users\Youssef\AppData\Local\Programs\MiKTeX\tex/latex/amsfonts\amsfonts.sty
Package: amsfonts 2013/01/14 v3.01 Basic AMSFonts support
\symAMSa=\mathgroup4
\symAMSb=\mathgroup5
LaTeX Font Info:    Redeclaring math symbol \hbar on input line 98.
LaTeX Font Info:    Overwriting math alphabet `\mathfrak' in version `bold'
(Font)                  U/euf/m/n --> U/euf/b/n on input line 106.
)) (C:\Users\Youssef\AppData\Local\Programs\MiKTeX\tex/latex/graphics\graphicx.sty
Package: graphicx 2024/12/31 v1.2e Enhanced LaTeX Graphics (DPC,SPQR)
 (C:\Users\Youssef\AppData\Local\Programs\MiKTeX\tex/latex/graphics\graphics.sty
Package: graphics 2024/08/06 v1.4g Standard LaTeX Graphics (DPC,SPQR)
 (C:\Users\Youssef\AppData\Local\Programs\MiKTeX\tex/latex/graphics\trig.sty
Package: trig 2023/12/02 v1.11 sin cos tan (DPC)
) (C:\Users\Youssef\AppData\Local\Programs\MiKTeX\tex/latex/graphics-cfg\graphics.cfg
File: graphics.cfg 2016/06/04 v1.11 sample graphics configuration
)
Package graphics Info: Driver file: pdftex.def on input line 106.
 (C:\Users\Youssef\AppData\Local\Programs\MiKTeX\tex/latex/graphics-def\pdftex.def
File: pdftex.def 2025/09/29 v1.2d Graphics/color driver for pdftex
))
\Gin@req@height=\dimen180
\Gin@req@width=\dimen181
) (C:\Users\Youssef\AppData\Local\Programs\MiKTeX\tex/latex/svg\svg.sty
Package: svg 2020/11/26 v2.02k (include SVG pictures)
 (C:\Users\Youssef\AppData\Local\Programs\MiKTeX\tex/generic/pdftexcmds\pdftexcmds.sty
Package: pdftexcmds 2020-06-27 v0.33 Utility functions of pdfTeX for LuaTeX (HO)
 (C:\Users\Youssef\AppData\Local\Programs\MiKTeX\tex/generic/infwarerr\infwarerr.sty
Package: infwarerr 2019/12/03 v1.5 Providing info/warning/error messages (HO)
) (C:\Users\Youssef\AppData\Local\Programs\MiKTeX\tex/generic/ltxcmds\ltxcmds.sty
Package: ltxcmds 2023-12-04 v1.26 LaTeX kernel commands for general use (HO)
)
Package pdftexcmds Info: \pdf@primitive is available.
Package pdftexcmds Info: \pdf@ifprimitive is available.
Package pdftexcmds Info: \pdfdraftmode found.
) (C:\Users\Youssef\AppData\Local\Programs\MiKTeX\tex/latex/trimspaces\trimspaces.sty
Package: trimspaces 2009/09/17 v1.1 Trim spaces around a token list
) (C:\Users\Youssef\AppData\Local\Programs\MiKTeX\tex/latex/tools\shellesc.sty
Package: shellesc 2023/07/08 v1.0d unified shell escape interface for LaTeX
Package shellesc Info: Restricted shell escape enabled on input line 77.
)
\c@svg@param@lastpage=\count305
\svg@box=\box57
\c@svg@param@currpage=\count306
) (C:\Users\Youssef\AppData\Local\Programs\MiKTeX\tex/latex/xcolor\xcolor.sty
Package: xcolor 2024/09/29 v3.02 LaTeX color extensions (UK)
 (C:\Users\Youssef\AppData\Local\Programs\MiKTeX\tex/latex/graphics-cfg\color.cfg
File: color.cfg 2016/01/02 v1.6 sample color configuration
)
Package xcolor Info: Driver file: pdftex.def on input line 274.
 (C:\Users\Youssef\AppData\Local\Programs\MiKTeX\tex/latex/graphics\mathcolor.ltx)
Package xcolor Info: Model `cmy' substituted by `cmy0' on input line 1349.
Package xcolor Info: Model `hsb' substituted by `rgb' on input line 1353.
Package xcolor Info: Model `RGB' extended on input line 1365.
Package xcolor Info: Model `HTML' substituted by `rgb' on input line 1367.
Package xcolor Info: Model `Hsb' substituted by `hsb' on input line 1368.
Package xcolor Info: Model `tHsb' substituted by `hsb' on input line 1369.
Package xcolor Info: Model `HSB' substituted by `hsb' on input line 1370.
Package xcolor Info: Model `Gray' substituted by `gray' on input line 1371.
Package xcolor Info: Model `wave' substituted by `hsb' on input line 1372.
) (C:\Users\Youssef\AppData\Local\Programs\MiKTeX\tex/latex/transparent\transparent.sty
Package: transparent 2025-06-23 v1.6 Transparency with color stacks
 (C:\Users\Youssef\AppData\Local\Programs\MiKTeX\tex/latex/transparent\transparent-nometadata.sty
Package: transparent-nometadata 2025-06-23 v1.6 Transparency via pdfTeX's color stack (HO)
 (C:\Users\Youssef\AppData\Local\Programs\MiKTeX\tex/latex/auxhook\auxhook.sty
Package: auxhook 2019-12-17 v1.6 Hooks for auxiliary files (HO)
))) (C:\Users\Youssef\AppData\Local\Programs\MiKTeX\tex/latex/pgf/systemlayer\pgfsys.sty (C:\Users\Youssef\AppData\Local\Programs\MiKTeX\tex/latex/pgf/utilities\pgfrcs.sty (C:\Users\Youssef\AppData\Local\Programs\MiKTeX\tex/generic/pgf/utilities\pgfutil-common.tex
\pgfutil@everybye=\toks26
\pgfutil@tempdima=\dimen182
\pgfutil@tempdimb=\dimen183
) (C:\Users\Youssef\AppData\Local\Programs\MiKTeX\tex/generic/pgf/utilities\pgfutil-latex.def
\pgfutil@abb=\box58
) (C:\Users\Youssef\AppData\Local\Programs\MiKTeX\tex/generic/pgf/utilities\pgfrcs.code.tex (C:\Users\Youssef\AppData\Local\Programs\MiKTeX\tex/generic/pgf\pgf.revision.tex)
Package: pgfrcs 2025-08-29 v3.1.11a (3.1.11a)
)) (C:\Users\Youssef\AppData\Local\Programs\MiKTeX\tex/generic/pgf/systemlayer\pgfsys.code.tex
Package: pgfsys 2025-08-29 v3.1.11a (3.1.11a)
 (C:\Users\Youssef\AppData\Local\Programs\MiKTeX\tex/generic/pgf/utilities\pgfkeys.code.tex
\pgfkeys@pathtoks=\toks27
\pgfkeys@temptoks=\toks28
 (C:\Users\Youssef\AppData\Local\Programs\MiKTeX\tex/generic/pgf/utilities\pgfkeyslibraryfiltered.code.tex
\pgfkeys@tmptoks=\toks29
))
\pgf@x=\dimen184
\pgf@y=\dimen185
\pgf@xa=\dimen186
\pgf@ya=\dimen187
\pgf@xb=\dimen188
\pgf@yb=\dimen189
\pgf@xc=\dimen190
\pgf@yc=\dimen191
\pgf@xd=\dimen192
\pgf@yd=\dimen193
\w@pgf@writea=\write3
\r@pgf@reada=\read3
\c@pgf@counta=\count307
\c@pgf@countb=\count308
\c@pgf@countc=\count309
\c@pgf@countd=\count310
\t@pgf@toka=\toks30
\t@pgf@tokb=\toks31
\t@pgf@tokc=\toks32
\pgf@sys@id@count=\count311
 (C:\Users\Youssef\AppData\Local\Programs\MiKTeX\tex/generic/pgf/systemlayer\pgf.cfg
File: pgf.cfg 2025-08-29 v3.1.11a (3.1.11a)
)
Driver file for pgf: pgfsys-pdftex.def
 (C:\Users\Youssef\AppData\Local\Programs\MiKTeX\tex/generic/pgf/systemlayer\pgfsys-pdftex.def
File: pgfsys-pdftex.def 2025-08-29 v3.1.11a (3.1.11a)
 (C:\Users\Youssef\AppData\Local\Programs\MiKTeX\tex/generic/pgf/systemlayer\pgfsys-common-pdf.def
File: pgfsys-common-pdf.def 2025-08-29 v3.1.11a (3.1.11a)
))) (C:\Users\Youssef\AppData\Local\Programs\MiKTeX\tex/generic/pgf/systemlayer\pgfsyssoftpath.code.tex
File: pgfsyssoftpath.code.tex 2025-08-29 v3.1.11a (3.1.11a)
\pgfsyssoftpath@smallbuffer@items=\count312
\pgfsyssoftpath@bigbuffer@items=\count313
) (C:\Users\Youssef\AppData\Local\Programs\MiKTeX\tex/generic/pgf/systemlayer\pgfsysprotocol.code.tex
File: pgfsysprotocol.code.tex 2025-08-29 v3.1.11a (3.1.11a)
)) (C:\Users\Youssef\AppData\Local\Programs\MiKTeX\tex/latex/xurl\xurl.sty
Package: xurl 2022/01/09 v 0.10 modify URL breaks
 (C:\Users\Youssef\AppData\Local\Programs\MiKTeX\tex/latex/url\url.sty
\Urlmuskip=\muskip18
Package: url 2013/09/16  ver 3.4  Verb mode for urls, etc.
)) (C:\Users\Youssef\AppData\Local\Programs\MiKTeX\tex/latex/pdfpages\pdfpages.sty
Package: pdfpages 2025/07/23 v0.6g Insert pages of external PDF documents (AM)
 (C:\Users\Youssef\AppData\Local\Programs\MiKTeX\tex/latex/base\ifthen.sty
Package: ifthen 2024/03/16 v1.1e Standard LaTeX ifthen package (DPC)
) (C:\Users\Youssef\AppData\Local\Programs\MiKTeX\tex/latex/tools\calc.sty
Package: calc 2025/03/01 v4.3b Infix arithmetic (KKT,FJ)
\calc@Acount=\count314
\calc@Bcount=\count315
\calc@Adimen=\dimen194
\calc@Bdimen=\dimen195
\calc@Askip=\skip68
\calc@Bskip=\skip69
LaTeX Info: Redefining \setlength on input line 86.
LaTeX Info: Redefining \addtolength on input line 87.
\calc@Ccount=\count316
\calc@Cskip=\skip70
) (C:\Users\Youssef\AppData\Local\Programs\MiKTeX\tex/latex/eso-pic\eso-pic.sty
Package: eso-pic 2023/05/03 v3.0c eso-pic (RN)
\ESO@tempdima=\dimen196
\ESO@tempdimb=\dimen197
) (C:\Users\Youssef\AppData\Local\Programs\MiKTeX\tex/latex/etoolbox\etoolbox.sty
Package: etoolbox 2025/10/02 v2.5m e-TeX tools for LaTeX (JAW)
\etb@tempcnta=\count317
)
\AM@pagewidth=\dimen198
\AM@pageheight=\dimen199
\AM@fboxrule=\dimen256
 (C:\Users\Youssef\AppData\Local\Programs\MiKTeX\tex/latex/pdfpages\pppdftex.def
File: pppdftex.def 2025/07/23 v0.6g Pdfpages driver for pdfTeX (AM)
)
\pdfpages@includegraphics@status=\count318
\AM@pagebox=\box59
\AM@global@opts=\toks33
\AM@pagecnt=\count319
\AM@toc@title=\toks34
\AM@lof@heading=\toks35
\c@AM@survey=\count320
\AM@templatesizebox=\box60
) (C:\Users\Youssef\AppData\Local\Programs\MiKTeX\tex/latex/hyperref\hyperref.sty
Package: hyperref 2025-07-12 v7.01o Hypertext links for LaTeX
 (C:\Users\Youssef\AppData\Local\Programs\MiKTeX\tex/latex/kvsetkeys\kvsetkeys.sty
Package: kvsetkeys 2022-10-05 v1.19 Key value parser (HO)
) (C:\Users\Youssef\AppData\Local\Programs\MiKTeX\tex/generic/kvdefinekeys\kvdefinekeys.sty
Package: kvdefinekeys 2019-12-19 v1.6 Define keys (HO)
) (C:\Users\Youssef\AppData\Local\Programs\MiKTeX\tex/generic/pdfescape\pdfescape.sty
Package: pdfescape 2019/12/09 v1.15 Implements pdfTeX's escape features (HO)
) (C:\Users\Youssef\AppData\Local\Programs\MiKTeX\tex/latex/hycolor\hycolor.sty
Package: hycolor 2020-01-27 v1.10 Color options for hyperref/bookmark (HO)
) (C:\Users\Youssef\AppData\Local\Programs\MiKTeX\tex/latex/hyperref\nameref.sty
Package: nameref 2025-06-21 v2.57 Cross-referencing by name of section
 (C:\Users\Youssef\AppData\Local\Programs\MiKTeX\tex/latex/refcount\refcount.sty
Package: refcount 2019/12/15 v3.6 Data extraction from label references (HO)
) (C:\Users\Youssef\AppData\Local\Programs\MiKTeX\tex/generic/gettitlestring\gettitlestring.sty
Package: gettitlestring 2019/12/15 v1.6 Cleanup title references (HO)
 (C:\Users\Youssef\AppData\Local\Programs\MiKTeX\tex/latex/kvoptions\kvoptions.sty
Package: kvoptions 2022-06-15 v3.15 Key value format for package options (HO)
))
\c@section@level=\count321
) (C:\Users\Youssef\AppData\Local\Programs\MiKTeX\tex/generic/stringenc\stringenc.sty
Package: stringenc 2019/11/29 v1.12 Convert strings between diff. encodings (HO)
)
\@linkdim=\dimen257
\Hy@linkcounter=\count322
\Hy@pagecounter=\count323
 (C:\Users\Youssef\AppData\Local\Programs\MiKTeX\tex/latex/hyperref\pd1enc.def
File: pd1enc.def 2025-07-12 v7.01o Hyperref: PDFDocEncoding definition (HO)
Now handling font encoding PD1 ...
... no UTF-8 mapping file for font encoding PD1
) (C:\Users\Youssef\AppData\Local\Programs\MiKTeX\tex/generic/intcalc\intcalc.sty
Package: intcalc 2019/12/15 v1.3 Expandable calculations with integers (HO)
)
\Hy@SavedSpaceFactor=\count324
 (C:\Users\Youssef\AppData\Local\Programs\MiKTeX\tex/latex/hyperref\puenc.def
File: puenc.def 2025-07-12 v7.01o Hyperref: PDF Unicode definition (HO)
Now handling font encoding PU ...
... no UTF-8 mapping file for font encoding PU
)
Package hyperref Info: Option `colorlinks' set `true' on input line 4066.
Package hyperref Info: Hyper figures OFF on input line 4195.
Package hyperref Info: Link nesting OFF on input line 4200.
Package hyperref Info: Hyper index ON on input line 4203.
Package hyperref Info: Plain pages OFF on input line 4210.
Package hyperref Info: Backreferencing OFF on input line 4215.
Package hyperref Info: Implicit mode ON; LaTeX internals redefined.
Package hyperref Info: Bookmarks ON on input line 4462.
\c@Hy@tempcnt=\count325
LaTeX Info: Redefining \url on input line 4801.
\XeTeXLinkMargin=\dimen258
 (C:\Users\Youssef\AppData\Local\Programs\MiKTeX\tex/generic/bitset\bitset.sty
Package: bitset 2019/12/09 v1.3 Handle bit-vector datatype (HO)
 (C:\Users\Youssef\AppData\Local\Programs\MiKTeX\tex/generic/bigintcalc\bigintcalc.sty
Package: bigintcalc 2019/12/15 v1.5 Expandable calculations on big integers (HO)
))
\Fld@menulength=\count326
\Field@Width=\dimen259
\Fld@charsize=\dimen260
Package hyperref Info: Hyper figures OFF on input line 6078.
Package hyperref Info: Link nesting OFF on input line 6083.
Package hyperref Info: Hyper index ON on input line 6086.
Package hyperref Info: backreferencing OFF on input line 6093.
Package hyperref Info: Link coloring ON on input line 6096.
Package hyperref Info: Link coloring with OCG OFF on input line 6103.
Package hyperref Info: PDF/A mode OFF on input line 6108.
\Hy@abspage=\count327
\c@Item=\count328
\c@Hfootnote=\count329
)
Package hyperref Info: Driver (autodetected): hpdftex.
 (C:\Users\Youssef\AppData\Local\Programs\MiKTeX\tex/latex/hyperref\hpdftex.def
File: hpdftex.def 2025-07-12 v7.01o Hyperref driver for pdfTeX
\Fld@listcount=\count330
\c@bookmark@seq@number=\count331
 (C:\Users\Youssef\AppData\Local\Programs\MiKTeX\tex/latex/rerunfilecheck\rerunfilecheck.sty
Package: rerunfilecheck 2025-06-21 v1.11 Rerun checks for auxiliary files (HO)
 (C:\Users\Youssef\AppData\Local\Programs\MiKTeX\tex/generic/uniquecounter\uniquecounter.sty
Package: uniquecounter 2019/12/15 v1.4 Provide unlimited unique counter (HO)
)
Package uniquecounter Info: New unique counter `rerunfilecheck' on input line 284.
)
\Hy@SectionHShift=\skip71
) (C:\Users\Youssef\AppData\Local\Programs\MiKTeX\tex/latex/listings\listings.sty
\lst@mode=\count332
\lst@gtempboxa=\box61
\lst@token=\toks36
\lst@length=\count333
\lst@currlwidth=\dimen261
\lst@column=\count334
\lst@pos=\count335
\lst@lostspace=\dimen262
\lst@width=\dimen263
\lst@newlines=\count336
\lst@lineno=\count337
\lst@maxwidth=\dimen264
 (C:\Users\Youssef\AppData\Local\Programs\MiKTeX\tex/latex/listings\lstpatch.sty
File: lstpatch.sty 2025/11/14 1.11b (Carsten Heinz)
) (C:\Users\Youssef\AppData\Local\Programs\MiKTeX\tex/latex/listings\lstmisc.sty
File: lstmisc.sty 2025/11/14 1.11b (Carsten Heinz)
\c@lstnumber=\count338
\lst@skipnumbers=\count339
\lst@framebox=\box62
) (C:\Users\Youssef\AppData\Local\Programs\MiKTeX\tex/latex/listings\listings.cfg
File: listings.cfg 2025/11/14 1.11b listings configuration
))
Package: listings 2025/11/14 1.11b (Carsten Heinz)

==> First Aid for listings.sty no longer applied!
    Expected:
        2024/09/23 1.10c (Carsten Heinz)
    but found:
        2025/11/14 1.11b (Carsten Heinz)
    so I'm assuming it got fixed.
(C:\Users\Youssef\AppData\Local\Programs\MiKTeX\tex/latex/natbib\natbib.sty
Package: natbib 2010/09/13 8.31b (PWD, AO)
\bibhang=\skip72
\bibsep=\skip73
LaTeX Info: Redefining \cite on input line 694.
\c@NAT@ctr=\count340
)
Class scrartcl Info: loading recommended package `bookmark'.
(scrartcl)           Using `bookmark' together with `hyperref' is recommended,
(scrartcl)           because of handling of possible bookmark level gaps.
(scrartcl)           You can avoid loading `bookmark' with KOMA-Script option
(scrartcl)           `bookmarkpackage=false' before \begin{document} and
(scrartcl)           you can avoid this message adding:
(scrartcl)             \usepackage{bookmark}
(scrartcl)           before \begin{document} on input line 36.
 (C:\Users\Youssef\AppData\Local\Programs\MiKTeX\tex/latex/bookmark\bookmark.sty
Package: bookmark 2023-12-10 v1.31 PDF bookmarks (HO)
 (C:\Users\Youssef\AppData\Local\Programs\MiKTeX\tex/latex/bookmark\bkm-pdftex.def
File: bkm-pdftex.def 2023-12-10 v1.31 bookmark driver for pdfTeX and luaTeX (HO)
\BKM@id=\count341
))
LaTeX Font Info:    Trying to load font information for T1+lmr on input line 36.
 (C:\Users\Youssef\AppData\Local\Programs\MiKTeX\tex/latex/lm\t1lmr.fd
File: t1lmr.fd 2015/05/01 v1.6.1 Font defs for Latin Modern
) (C:\Users\Youssef\AppData\Local\Programs\MiKTeX\tex/latex/l3backend\l3backend-pdftex.def
File: l3backend-pdftex.def 2025-10-09 L3 backend support: PDF output (pdfTeX)
\l__color_backend_stack_int=\count342
) (thesis.aux)
\openout1 = `thesis.aux'.

LaTeX Font Info:    Checking defaults for OML/cmm/m/it on input line 36.
LaTeX Font Info:    ... okay on input line 36.
LaTeX Font Info:    Checking defaults for OMS/cmsy/m/n on input line 36.
LaTeX Font Info:    ... okay on input line 36.
LaTeX Font Info:    Checking defaults for OT1/cmr/m/n on input line 36.
LaTeX Font Info:    ... okay on input line 36.
LaTeX Font Info:    Checking defaults for T1/cmr/m/n on input line 36.
LaTeX Font Info:    ... okay on input line 36.
LaTeX Font Info:    Checking defaults for TS1/cmr/m/n on input line 36.
LaTeX Font Info:    ... okay on input line 36.
LaTeX Font Info:    Checking defaults for OMX/cmex/m/n on input line 36.
LaTeX Font Info:    ... okay on input line 36.
LaTeX Font Info:    Checking defaults for U/cmr/m/n on input line 36.
LaTeX Font Info:    ... okay on input line 36.
LaTeX Font Info:    Checking defaults for PD1/pdf/m/n on input line 36.
LaTeX Font Info:    ... okay on input line 36.
LaTeX Font Info:    Checking defaults for PU/pdf/m/n on input line 36.
LaTeX Font Info:    ... okay on input line 36.
Package scrbase Info: activating english \abstractname on input line 36.
Package scrbase Info: activating english \partname on input line 36.
Package scrbase Info: activating english \figurename on input line 36.
Package scrbase Info: activating english \tablename on input line 36.
Package scrbase Info: activating english \contentsname on input line 36.
Package scrbase Info: activating english \listfigurename on input line 36.
Package scrbase Info: activating english \listtablename on input line 36.
Package scrbase Info: activating english \refname on input line 36.
Package scrbase Info: activating english \indexname on input line 36.

*geometry* driver: auto-detecting
*geometry* detected driver: pdftex
*geometry* verbose mode - [ preamble ] result:
* driver: pdftex
* paper: a4paper
* layout: <same size as paper>
* layoutoffset:(h,v)=(0.0pt,0.0pt)
* modes: 
* h-part:(L,W,R)=(72.26999pt, 452.9679pt, 72.26999pt)
* v-part:(T,H,B)=(72.26999pt, 700.50687pt, 72.26999pt)
* \paperwidth=597.50787pt
* \paperheight=845.04684pt
* \textwidth=452.9679pt
* \textheight=700.50687pt
* \oddsidemargin=0.0pt
* \evensidemargin=0.0pt
* \topmargin=-39.875pt
* \headheight=18.125pt
* \headsep=21.75pt
* \topskip=12.0pt
* \footskip=50.75pt
* \marginparwidth=49.79233pt
* \marginparsep=12.8401pt
* \columnsep=10.0pt
* \skip\footins=10.8pt plus 4.0pt minus 2.0pt
* \hoffset=0.0pt
* \voffset=0.0pt
* \mag=1000
* \@twocolumnfalse
* \@twosidefalse
* \@mparswitchfalse
* \@reversemarginfalse
* (1in=72.27pt=25.4mm, 1cm=28.453pt)

(C:\Users\Youssef\AppData\Local\Programs\MiKTeX\tex/context/base/mkii\supp-pdf.mkii
[Loading MPS to PDF converter (version 2006.09.02).]
\scratchcounter=\count343
\scratchdimen=\dimen265
\scratchbox=\box63
\nofMPsegments=\count344
\nofMParguments=\count345
\everyMPshowfont=\toks37
\MPscratchCnt=\count346
\MPscratchDim=\dimen266
\MPnumerator=\count347
\makeMPintoPDFobject=\count348
\everyMPtoPDFconversion=\toks38
) (C:\Users\Youssef\AppData\Local\Programs\MiKTeX\tex/latex/epstopdf-pkg\epstopdf-base.sty
Package: epstopdf-base 2020-01-24 v2.11 Base part for package epstopdf
 (C:\Users\Youssef\AppData\Local\Programs\MiKTeX\tex/latex/grfext\grfext.sty
Package: grfext 2019/12/03 v1.3 Manage graphics extensions (HO)
)
Package epstopdf-base Info: Redefining graphics rule for `.eps' on input line 485.
Package grfext Info: Graphics extension search list:
(grfext)             [.pdf,.png,.jpg,.mps,.jpeg,.jbig2,.jb2,.PDF,.PNG,.JPG,.JPEG,.JBIG2,.JB2,.eps]
(grfext)             \AppendGraphicsExtensions on input line 504.
 (C:\Users\Youssef\AppData\Local\Programs\MiKTeX\tex/latex/00miktex\epstopdf-sys.cfg
File: epstopdf-sys.cfg 2021/03/18 v2.0 Configuration of epstopdf for MiKTeX
)) (C:\Users\Youssef\AppData\Local\Programs\MiKTeX\tex/latex/pdflscape\pdflscape.sty
Package: pdflscape 2022-10-27 v0.13 Display of landscape pages in PDF
 (C:\Users\Youssef\AppData\Local\Programs\MiKTeX\tex/latex/pdflscape\pdflscape-nometadata.sty
Package: pdflscape-nometadata 2022-10-28 v0.13 Display of landscape pages in PDF (HO)
 (C:\Users\Youssef\AppData\Local\Programs\MiKTeX\tex/latex/graphics\lscape.sty
Package: lscape 2020/05/28 v3.02 Landscape Pages (DPC)
)
Package pdflscape Info: Auto-detected driver: pdftex on input line 81.
))
Package hyperref Info: Link coloring ON on input line 36.
\c@lstlisting=\count349
Package tocbasic Info: setting babel extension for `lol' on input line 36.
\scr@dte@lstlisting@maxnumwidth=\skip74
 [1

{C:/Users/Youssef/AppData/Local/MiKTeX/fonts/map/pdftex/pdftex.map}{C:/Users/Youssef/AppData/Local/Programs/MiKTeX/fonts/enc/dvips/lm/lm-ec.enc}]

pdfTeX warning: pdflatex (file ./figures/Bsc-Erklaerung.pdf): PDF inclusion: found PDF version <1.7>, but at most version <1.5> allowed
<figures/Bsc-Erklaerung.pdf, id=13, 597.50786pt x 845.04686pt>
File: figures/Bsc-Erklaerung.pdf Graphic file (type pdf)
<use figures/Bsc-Erklaerung.pdf>
Package pdftex.def Info: figures/Bsc-Erklaerung.pdf  used on input line 79.
(pdftex.def)             Requested size: 597.5064pt x 845.0448pt.


pdfTeX warning: pdflatex (file ./figures/Bsc-Erklaerung.pdf): PDF inclusion: found PDF version <1.7>, but at most version <1.5> allowed


pdfTeX warning: pdflatex (file ./figures/Bsc-Erklaerung.pdf): PDF inclusion: found PDF version <1.7>, but at most version <1.5> allowed
<figures/Bsc-Erklaerung.pdf, id=15, page=1, 597.50786pt x 845.04686pt>
File: figures/Bsc-Erklaerung.pdf Graphic file (type pdf)
<use figures/Bsc-Erklaerung.pdf, page 1>
Package pdftex.def Info: figures/Bsc-Erklaerung.pdf , page1 used on input line 79.
(pdftex.def)             Requested size: 597.5064pt x 845.0448pt.
File: figures/Bsc-Erklaerung.pdf Graphic file (type pdf)
<use figures/Bsc-Erklaerung.pdf, page 1>
Package pdftex.def Info: figures/Bsc-Erklaerung.pdf , page1 used on input line 79.
(pdftex.def)             Requested size: 597.53374pt x 845.08348pt.
File: figures/Bsc-Erklaerung.pdf Graphic file (type pdf)
<use figures/Bsc-Erklaerung.pdf, page 1>
Package pdftex.def Info: figures/Bsc-Erklaerung.pdf , page1 used on input line 79.
(pdftex.def)             Requested size: 597.53374pt x 845.08348pt.
File: figures/Bsc-Erklaerung.pdf Graphic file (type pdf)
<use figures/Bsc-Erklaerung.pdf, page 1>
Package pdftex.def Info: figures/Bsc-Erklaerung.pdf , page1 used on input line 79.
(pdftex.def)             Requested size: 597.53374pt x 845.08348pt.
File: figures/Bsc-Erklaerung.pdf Graphic file (type pdf)
<use figures/Bsc-Erklaerung.pdf, page 1>
Package pdftex.def Info: figures/Bsc-Erklaerung.pdf , page1 used on input line 79.
(pdftex.def)             Requested size: 597.53374pt x 845.08348pt.
[1

 <./figures/Bsc-Erklaerung.pdf>]
LaTeX Font Info:    Trying to load font information for T1+lmss on input line 84.
 (C:\Users\Youssef\AppData\Local\Programs\MiKTeX\tex/latex/lm\t1lmss.fd
File: t1lmss.fd 2015/05/01 v1.6.1 Font defs for Latin Modern
)
LaTeX Font Info:    Trying to load font information for OT1+lmr on input line 86.
 (C:\Users\Youssef\AppData\Local\Programs\MiKTeX\tex/latex/lm\ot1lmr.fd
File: ot1lmr.fd 2015/05/01 v1.6.1 Font defs for Latin Modern
)
LaTeX Font Info:    Trying to load font information for OML+lmm on input line 86.
 (C:\Users\Youssef\AppData\Local\Programs\MiKTeX\tex/latex/lm\omllmm.fd
File: omllmm.fd 2015/05/01 v1.6.1 Font defs for Latin Modern
)
LaTeX Font Info:    Trying to load font information for OMS+lmsy on input line 86.
 (C:\Users\Youssef\AppData\Local\Programs\MiKTeX\tex/latex/lm\omslmsy.fd
File: omslmsy.fd 2015/05/01 v1.6.1 Font defs for Latin Modern
)
LaTeX Font Info:    Trying to load font information for OMX+lmex on input line 86.
 (C:\Users\Youssef\AppData\Local\Programs\MiKTeX\tex/latex/lm\omxlmex.fd
File: omxlmex.fd 2015/05/01 v1.6.1 Font defs for Latin Modern
)
LaTeX Font Info:    External font `lmex10' loaded for size
(Font)              <12> on input line 86.
LaTeX Font Info:    External font `lmex10' loaded for size
(Font)              <8> on input line 86.
LaTeX Font Info:    External font `lmex10' loaded for size
(Font)              <6> on input line 86.
LaTeX Font Info:    Trying to load font information for U+msa on input line 86.
 (C:\Users\Youssef\AppData\Local\Programs\MiKTeX\tex/latex/amsfonts\umsa.fd
File: umsa.fd 2013/01/14 v3.01 AMS symbols A
)
LaTeX Font Info:    Trying to load font information for U+msb on input line 86.
 (C:\Users\Youssef\AppData\Local\Programs\MiKTeX\tex/latex/amsfonts\umsb.fd
File: umsb.fd 2013/01/14 v3.01 AMS symbols B
)
Underfull \hbox (badness 10000) in paragraph at lines 86--88

 []


pdfTeX warning (ext4): destination with the same identifier (name{page.}) has been already used, duplicate ignored
<to be read again> 
                   \relax 
l.91 \clearpage
                [2{C:/Users/Youssef/AppData/Local/Programs/MiKTeX/fonts/enc/dvips/lm/lm-rm.enc}{C:/Users/Youssef/AppData/Local/Programs/MiKTeX/fonts/enc/dvips/lm/lm-mathit.enc}{C:/Users/Youssef/AppData/Local/Programs/MiKTeX/fonts/enc/dvips/lm/lm-mathsy.enc}]
Underfull \hbox (badness 10000) in paragraph at lines 95--97

 []


pdfTeX warning (ext4): destination with the same identifier (name{page.}) has been already used, duplicate ignored
<to be read again> 
                   \relax 
l.103 \cleardoublepage
                       [3

] (thesis.toc
pdfTeX warning (ext4): destination with the same identifier (name{page.}) has been already used, duplicate ignored
<to be read again> 
                   \relax 
l.52 ...mberline {6.2}Outlook}{38}{subsection.6.2}
                                                  % [4


])
\tf@toc=\write4
\openout4 = `thesis.toc'.


pdfTeX warning (ext4): destination with the same identifier (name{page.}) has been already used, duplicate ignored
<to be read again> 
                   \relax 
l.109 \clearpage
                 [5] (thesis.lof
Overfull \hbox (3.38466pt too wide) in paragraph at lines 17--17
 [][] [][][]\T1/lmr/m/n/12 Absolute de-vi-a-tion of the es-ti-mated prin-ci-pal point co-or-di-nates from ground 
 []


pdfTeX warning (ext4): destination with the same identifier (name{page.}) has been already used, duplicate ignored
<to be read again> 
                   \relax 
l.21 ...set = 0.028\,\text {m}$).}}{27}{figure.20}
                                                  % [6

]
pdfTeX warning (ext4): destination with the same identifier (name{page.}) has been already used, duplicate ignored
<to be read again> 
                   \relax 
l.50 ... calibration (Imageset6).}}{49}{figure.49}
                                                  % [7])
\tf@lof=\write5
\openout5 = `thesis.lof'.

 (thesis.lot)
\tf@lot=\write6
\openout6 = `thesis.lot'.


pdfTeX warning (ext4): destination with the same identifier (name{page.}) has been already used, duplicate ignored
<to be read again> 
                   \relax 
l.116 \clearpage
                 [8]
Underfull \hbox (badness 10000) in paragraph at lines 125--127

 []


Underfull \hbox (badness 10000) in paragraph at lines 128--130

 []

LaTeX Font Info:    Trying to load font information for TS1+lmr on input line 139.
(C:\Users\Youssef\AppData\Local\Programs\MiKTeX\tex/latex/lm\ts1lmr.fd
File: ts1lmr.fd 2015/05/01 v1.6.1 Font defs for Latin Modern
)
pdfTeX warning (ext4): destination with the same identifier (name{page.1}) has been already used, duplicate ignored
<to be read again> 
                   \relax 
l.151 
       [1

{C:/Users/Youssef/AppData/Local/Programs/MiKTeX/fonts/enc/dvips/lm/lm-ts1.enc}] [2]
<figures/Pinhole-Camera.png, id=396, 412.54124pt x 226.8475pt>
File: figures/Pinhole-Camera.png Graphic file (type png)
<use figures/Pinhole-Camera.png>
Package pdftex.def Info: figures/Pinhole-Camera.png  used on input line 167.
(pdftex.def)             Requested size: 362.37569pt x 199.26642pt.
 [3

{C:/Users/Youssef/AppData/Local/Programs/MiKTeX/fonts/enc/dvips/lm/lm-mathex.enc} <./figures/Pinhole-Camera.png>]
Underfull \hbox (badness 10000) in paragraph at lines 213--216

 []


Underfull \hbox (badness 10000) in paragraph at lines 217--220

 []

<figures/Radial-Distortion.png, id=414, 950.3505pt x 363.15675pt>
File: figures/Radial-Distortion.png Graphic file (type png)
<use figures/Radial-Distortion.png>
Package pdftex.def Info: figures/Radial-Distortion.png  used on input line 235.
(pdftex.def)             Requested size: 339.72592pt x 129.81647pt.
[4 <./figures/Radial-Distortion.png>]
<figures/Tangential-Distortion.png, id=432, 362.35374pt x 193.72375pt>
File: figures/Tangential-Distortion.png Graphic file (type png)
<use figures/Tangential-Distortion.png>
Package pdftex.def Info: figures/Tangential-Distortion.png  used on input line 268.
(pdftex.def)             Requested size: 271.7835pt x 145.30426pt.
<figures/Tangential-Distortion2.png, id=433, 237.88875pt x 211.992pt>
File: figures/Tangential-Distortion2.png Graphic file (type png)
<use figures/Tangential-Distortion2.png>
Package pdftex.def Info: figures/Tangential-Distortion2.png  used on input line 270.
(pdftex.def)             Requested size: 135.89174pt x 121.10193pt.
 [5 <./figures/Tangential-Distortion.png> <./figures/Tangential-Distortion2.png>]
Underfull \hbox (badness 10000) in paragraph at lines 299--301

 []


Underfull \hbox (badness 10000) in paragraph at lines 302--304

 []

<figures/checkerboard.png, id=455, 259.97125pt x 194.7275pt>
File: figures/checkerboard.png Graphic file (type png)
<use figures/checkerboard.png>
Package pdftex.def Info: figures/checkerboard.png  used on input line 313.
(pdftex.def)             Requested size: 117.76915pt x 88.2119pt.

Underfull \hbox (badness 10000) in paragraph at lines 318--320

 []

[6 <./figures/checkerboard.png>]
Underfull \hbox (badness 10000) in paragraph at lines 321--323

 []

<figures/reprojection_error.png, id=472, 1023.825pt x 850.17625pt>
File: figures/reprojection_error.png Graphic file (type png)
<use figures/reprojection_error.png>
Package pdftex.def Info: figures/reprojection_error.png  used on input line 333.
(pdftex.def)             Requested size: 226.48395pt x 188.0642pt.
[7 <./figures/reprojection_error.png>]
Underfull \hbox (badness 10000) in paragraph at lines 345--347

 []


Underfull \hbox (badness 10000) in paragraph at lines 356--358

 []

<figures/bundle_adjustement.png, id=488, 752.8125pt x 421.575pt>
File: figures/bundle_adjustement.png Graphic file (type png)
<use figures/bundle_adjustement.png>
Package pdftex.def Info: figures/bundle_adjustement.png  used on input line 364.
(pdftex.def)             Requested size: 249.13371pt x 139.51257pt.
[8 <./figures/bundle_adjustement.png>]
Underfull \hbox (badness 10000) in paragraph at lines 373--375

 []


Underfull \hbox (badness 10000) in paragraph at lines 376--378

 []

<figures/multi_camera_array.png, id=511, 428.802pt x 242.1045pt>
File: figures/multi_camera_array.png Graphic file (type png)
<use figures/multi_camera_array.png>
Package pdftex.def Info: figures/multi_camera_array.png  used on input line 388.
(pdftex.def)             Requested size: 317.07614pt x 179.02892pt.

Underfull \hbox (badness 10000) in paragraph at lines 393--395

 []

[9 <./figures/multi_camera_array.png>]
<figures/MLA.png, id=523, 602.25pt x 320.397pt>
File: figures/MLA.png Graphic file (type png)
<use figures/MLA.png>
Package pdftex.def Info: figures/MLA.png  used on input line 405.
(pdftex.def)             Requested size: 271.7835pt x 144.59286pt.

Underfull \hbox (badness 10000) in paragraph at lines 410--412

 []


Underfull \hbox (badness 10000) in paragraph at lines 417--419

 []


Underfull \hbox (badness 10000) in paragraph at lines 420--422

 []

[10 <./figures/MLA.png>]
Overfull \hbox (0.31989pt too wide) in paragraph at lines 423--425
[]\T1/lmr/m/n/12 To over-come the lim-i-ta-tions of target-based cal-i-bra-tion, sev-eral self-calibration ap-proaches
 []


Underfull \hbox (badness 10000) in paragraph at lines 423--425

 []


Underfull \hbox (badness 10000) in paragraph at lines 426--428

 []


Underfull \hbox (badness 10000) in paragraph at lines 429--431

 []

[11]
Underfull \hbox (badness 10000) in paragraph at lines 450--452

 []


Underfull \hbox (badness 10000) in paragraph at lines 453--455

 []


Underfull \hbox (badness 10000) in paragraph at lines 456--458

 []

[12

]
LaTeX Font Info:    Trying to load font information for T1+lmtt on input line 479.
 (C:\Users\Youssef\AppData\Local\Programs\MiKTeX\tex/latex/lm\t1lmtt.fd
File: t1lmtt.fd 2015/05/01 v1.6.1 Font defs for Latin Modern
)
Overfull \hbox (14.5723pt too wide) in paragraph at lines 505--508
\T1/lmr/m/n/12 tamped JSON file and all rel-e-vant ex-e-cu-tion de-tails are ap-pended to \T1/lmtt/m/n/12 calibration.log\T1/lmr/m/n/12 . 
 []


Underfull \hbox (badness 10000) in paragraph at lines 532--534

 []

[13] [14]
Underfull \hbox (badness 10000) in paragraph at lines 608--610

 []


Underfull \hbox (badness 10000) in paragraph at lines 615--617

 []

[15]
Underfull \hbox (badness 10000) in paragraph at lines 618--620

 []


Overfull \hbox (2.9289pt too wide) in paragraph at lines 621--623
[]\T1/lmr/m/n/12 The ini-tial cal-i-bra-tion and pe-ri-odic re-cal-i-bra-tion are im-ple-mented in the \T1/lmtt/m/n/12 InitialCalibra-
 []


Underfull \hbox (badness 10000) in paragraph at lines 621--623

 []


Underfull \hbox (badness 10000) in paragraph at lines 624--626

 []

[16]

pdfTeX warning: pdflatex (file ./figures/UML.pdf): PDF inclusion: found PDF version <1.7>, but at most version <1.5> allowed
<figures/UML.pdf, id=591, 597.19106pt x 845.07718pt>
File: figures/UML.pdf Graphic file (type pdf)
<use figures/UML.pdf>
Package pdftex.def Info: figures/UML.pdf  used on input line 632.
(pdftex.def)             Requested size: 682.48259pt x 297.08171pt.

LaTeX Warning: Float too large for page by 7.47571pt on input line 635.

[17 <./figures/UML.pdf>]
Underfull \hbox (badness 10000) in paragraph at lines 669--671

 []

[18


]
<figures/Zustandsdiagramm_Eng.png, id=621, 423.08063pt x 1142.76938pt>
File: figures/Zustandsdiagramm_Eng.png Graphic file (type png)
<use figures/Zustandsdiagramm_Eng.png>
Package pdftex.def Info: figures/Zustandsdiagramm_Eng.png  used on input line 725.
(pdftex.def)             Requested size: 181.92111pt x 491.38126pt.
 [19 <./figures/Zustandsdiagramm_Eng.png>]
<figures/LFC.png, id=629, 447.47176pt x 322.20375pt>
File: figures/LFC.png Graphic file (type png)
<use figures/LFC.png>
Package pdftex.def Info: figures/LFC.png  used on input line 745.
(pdftex.def)             Requested size: 317.07614pt x 228.30902pt.
<figures/pose_015_Up3.png, id=632, 1284.8pt x 722.7pt>
File: figures/pose_015_Up3.png Graphic file (type png)
<use figures/pose_015_Up3.png>
Package pdftex.def Info: figures/pose_015_Up3.png  used on input line 755.
(pdftex.def)             Requested size: 339.72592pt x 191.09554pt.
 [20 <./figures/LFC.png>]
<figures/pose015_Up3.png, id=642, 1284.8pt x 722.7pt>
File: figures/pose015_Up3.png Graphic file (type png)
<use figures/pose015_Up3.png>
Package pdftex.def Info: figures/pose015_Up3.png  used on input line 766.
(pdftex.def)             Requested size: 330.66463pt x 186.00082pt.
 [21 <./figures/pose_015_Up3.png> <./figures/pose015_Up3.png>]
Underfull \hbox (badness 10000) in paragraph at lines 777--779

 []


Underfull \hbox (badness 10000) in paragraph at lines 780--782

 []

[22]
Underfull \hbox (badness 10000) in paragraph at lines 797--799

 []


Underfull \hbox (badness 10000) in paragraph at lines 808--810

 []


Underfull \hbox (badness 10000) in paragraph at lines 811--813

 []

[23

]
<figures/compare_intrinsic1.png, id=665, 467.94826pt x 329.5512pt>
File: figures/compare_intrinsic1.png Graphic file (type png)
<use figures/compare_intrinsic1.png>
Package pdftex.def Info: figures/compare_intrinsic1.png  used on input line 816.
(pdftex.def)             Requested size: 317.07614pt x 223.30235pt.
<figures/compare_fx_percent.png, id=666, 714.38895pt x 281.1303pt>
File: figures/compare_fx_percent.png Graphic file (type png)
<use figures/compare_fx_percent.png>
Package pdftex.def Info: figures/compare_fx_percent.png  used on input line 822.
(pdftex.def)             Requested size: 353.31439pt x 139.03766pt.

Underfull \hbox (badness 10000) in paragraph at lines 827--829

 []

[24 <./figures/compare_intrinsic1.png> <./figures/compare_fx_percent.png>]
<figures/compare_intrinsic2.png, id=674, 462.16666pt x 329.5512pt>
File: figures/compare_intrinsic2.png Graphic file (type png)
<use figures/compare_intrinsic2.png>
Package pdftex.def Info: figures/compare_intrinsic2.png  used on input line 834.
(pdftex.def)             Requested size: 317.07614pt x 226.09319pt.

Underfull \hbox (badness 10000) in paragraph at lines 841--843

 []


Underfull \hbox (badness 10000) in paragraph at lines 844--846

 []

<figures/compare_translation1.png, id=679, 425.30894pt x 401.0985pt>
File: figures/compare_translation1.png Graphic file (type png)
<use figures/compare_translation1.png>
Package pdftex.def Info: figures/compare_translation1.png  used on input line 849.
(pdftex.def)             Requested size: 271.7835pt x 256.3227pt.
<figures/compare_translation2.png, id=680, 391.34206pt x 407.6028pt>
File: figures/compare_translation2.png Graphic file (type png)
<use figures/compare_translation2.png>
Package pdftex.def Info: figures/compare_translation2.png  used on input line 856.
(pdftex.def)             Requested size: 240.07242pt x 250.05539pt.
[25 <./figures/compare_intrinsic2.png>] [26 <./figures/compare_translation1.png> <./figures/compare_translation2.png>]
<figures/compare_extrinsics1.png, id=695, 502.2765pt x 402.90524pt>
File: figures/compare_extrinsics1.png Graphic file (type png)
<use figures/compare_extrinsics1.png>
Package pdftex.def Info: figures/compare_extrinsics1.png  used on input line 866.
(pdftex.def)             Requested size: 244.59961pt x 196.20802pt.
<figures/compare_extrinsics2.png, id=696, 501.5538pt x 402.18256pt>
File: figures/compare_extrinsics2.png Graphic file (type png)
<use figures/compare_extrinsics2.png>
Package pdftex.def Info: figures/compare_extrinsics2.png  used on input line 873.
(pdftex.def)             Requested size: 226.48395pt x 181.61256pt.
 [27

 <./figures/compare_extrinsics1.png> <./figures/compare_extrinsics2.png>]
<figures/compare_reprojectionError.png, id=704, 858.92896pt x 353.4003pt>
File: figures/compare_reprojectionError.png Graphic file (type png)
<use figures/compare_reprojectionError.png>
Package pdftex.def Info: figures/compare_reprojectionError.png  used on input line 887.
(pdftex.def)             Requested size: 452.9679pt x 186.37375pt.
<figures/compare_stereoRMS.png, id=706, 714.7503pt x 281.1303pt>
File: figures/compare_stereoRMS.png Graphic file (type png)
<use figures/compare_stereoRMS.png>
Package pdftex.def Info: figures/compare_stereoRMS.png  used on input line 896.
(pdftex.def)             Requested size: 452.9679pt x 178.16829pt.
 [28

 <./figures/compare_reprojectionError.png> <./figures/compare_stereoRMS.png>]
Underfull \hbox (badness 10000) in paragraph at lines 930--932

 []

LaTeX Font Info:    External font `lmex10' loaded for size
(Font)              <10.95> on input line 939.

Overfull \hbox (15.4558pt too wide) in paragraph at lines 939--947
 [][] 
 []


Underfull \hbox (badness 10000) in paragraph at lines 954--956

 []

[29]
<figures/reprojection_std_per_camera.png, id=727, 859.2903pt x 353.4003pt>
File: figures/reprojection_std_per_camera.png Graphic file (type png)
<use figures/reprojection_std_per_camera.png>
Package pdftex.def Info: figures/reprojection_std_per_camera.png  used on input line 965.
(pdftex.def)             Requested size: 317.07614pt x 130.40015pt.
<figures/reprojection_std_compare_3runs.png, id=729, 931.19894pt x 570.2103pt>
File: figures/reprojection_std_compare_3runs.png Graphic file (type png)
<use figures/reprojection_std_compare_3runs.png>
Package pdftex.def Info: figures/reprojection_std_compare_3runs.png  used on input line 974.
(pdftex.def)             Requested size: 339.72592pt x 208.02496pt.
<figures/compare_initial_vs_lifcal_reprojection.png, id=731, 931.5603pt x 353.4003pt>
File: figures/compare_initial_vs_lifcal_reprojection.png Graphic file (type png)
<use figures/compare_initial_vs_lifcal_reprojection.png>
Package pdftex.def Info: figures/compare_initial_vs_lifcal_reprojection.png  used on input line 983.
(pdftex.def)             Requested size: 407.66833pt x 154.65538pt.
 [30 <./figures/reprojection_std_per_camera.png> <./figures/reprojection_std_compare_3runs.png>] [31 <./figures/compare_initial_vs_lifcal_reprojection.png>] [32]
Underfull \hbox (badness 10000) in paragraph at lines 1034--1036

 []


Underfull \hbox (badness 10000) in paragraph at lines 1037--1039

 []


Underfull \hbox (badness 10000) in paragraph at lines 1040--1042

 []

[33]
Underfull \hbox (badness 10000) in paragraph at lines 1048--1050

 []


Underfull \hbox (badness 10000) in paragraph at lines 1051--1053

 []


Underfull \hbox (badness 10000) in paragraph at lines 1054--1056

 []


Underfull \hbox (badness 10000) in paragraph at lines 1057--1059

 []

[34]
Underfull \hbox (badness 10000) in paragraph at lines 1065--1067

 []


Underfull \hbox (badness 10000) in paragraph at lines 1068--1070

 []


Underfull \hbox (badness 10000) in paragraph at lines 1076--1078

 []

[35]
Underfull \hbox (badness 10000) in paragraph at lines 1079--1081

 []


Underfull \hbox (badness 10000) in paragraph at lines 1082--1084

 []


Underfull \hbox (badness 10000) in paragraph at lines 1090--1092

 []


Underfull \hbox (badness 10000) in paragraph at lines 1093--1095

 []


Underfull \hbox (badness 10000) in paragraph at lines 1096--1098

 []

[36]
Overfull \hbox (13.36723pt too wide) in paragraph at lines 1099--1100
[]\T1/lmr/m/n/12 In or-der to ex-plic-itly an-swer the last re-search ques-tion (RQ3) from the In-tro-duc-tion^^V\T1/lmr/m/it/12 ``Under
 []

[37]
Underfull \hbox (badness 10000) in paragraph at lines 1124--1126

 []


Underfull \hbox (badness 10000) in paragraph at lines 1127--1129

 []


Underfull \hbox (badness 10000) in paragraph at lines 1134--1136

 []


Underfull \hbox (badness 10000) in paragraph at lines 1137--1139

 []

[38

] [39]
<figures/appendix/imageset1/compare_intrinsic.png, id=792, 931.19894pt x 357.0138pt>
File: figures/appendix/imageset1/compare_intrinsic.png Graphic file (type png)
<use figures/appendix/imageset1/compare_intrinsic.png>
Package pdftex.def Info: figures/appendix/imageset1/compare_intrinsic.png  used on input line 1152.
(pdftex.def)             Requested size: 362.37569pt x 138.92975pt.
<figures/appendix/imageset1/compare_extrinsics.png, id=793, 1003.8303pt x 427.8384pt>
File: figures/appendix/imageset1/compare_extrinsics.png Graphic file (type png)
<use figures/appendix/imageset1/compare_extrinsics.png>
Package pdftex.def Info: figures/appendix/imageset1/compare_extrinsics.png  used on input line 1159.
(pdftex.def)             Requested size: 362.37569pt x 154.44603pt.
<figures/appendix/imageset1/compare_translation.png, id=794, 886.0302pt x 437.59485pt>
File: figures/appendix/imageset1/compare_translation.png Graphic file (type png)
<use figures/appendix/imageset1/compare_translation.png>
Package pdftex.def Info: figures/appendix/imageset1/compare_translation.png  used on input line 1166.
(pdftex.def)             Requested size: 362.37569pt x 178.97435pt.
<figures/appendix/imageset1/compare_stereoRMS.png, id=795, 714.7503pt x 281.1303pt>
File: figures/appendix/imageset1/compare_stereoRMS.png Graphic file (type png)
<use figures/appendix/imageset1/compare_stereoRMS.png>
Package pdftex.def Info: figures/appendix/imageset1/compare_stereoRMS.png  used on input line 1173.
(pdftex.def)             Requested size: 362.37569pt x 142.53377pt.
<figures/appendix/imageset1/compare_reprojectionError.png, id=796, 858.92896pt x 353.4003pt>
File: figures/appendix/imageset1/compare_reprojectionError.png Graphic file (type png)
<use figures/appendix/imageset1/compare_reprojectionError.png>
Package pdftex.def Info: figures/appendix/imageset1/compare_reprojectionError.png  used on input line 1180.
(pdftex.def)             Requested size: 362.37569pt x 149.09576pt.
 [40

 <./figures/appendix/imageset1/compare_intrinsic.png> <./figures/appendix/imageset1/compare_extrinsics.png>] [41 <./figures/appendix/imageset1/compare_translation.png> <./figures/appendix/imageset1/compare_stereoRMS.png> <./figures/appendix/imageset1/compare_reprojectionError.png>]
<figures/appendix/imageset2/compare_intrinsic.png, id=811, 931.19894pt x 357.0138pt>
File: figures/appendix/imageset2/compare_intrinsic.png Graphic file (type png)
<use figures/appendix/imageset2/compare_intrinsic.png>
Package pdftex.def Info: figures/appendix/imageset2/compare_intrinsic.png  used on input line 1189.
(pdftex.def)             Requested size: 362.37569pt x 138.92975pt.
<figures/appendix/imageset2/compare_extrinsics.png, id=812, 1003.8303pt x 427.8384pt>
File: figures/appendix/imageset2/compare_extrinsics.png Graphic file (type png)
<use figures/appendix/imageset2/compare_extrinsics.png>
Package pdftex.def Info: figures/appendix/imageset2/compare_extrinsics.png  used on input line 1196.
(pdftex.def)             Requested size: 362.37569pt x 154.44603pt.
<figures/appendix/imageset2/compare_translation.png, id=813, 886.0302pt x 437.59485pt>
File: figures/appendix/imageset2/compare_translation.png Graphic file (type png)
<use figures/appendix/imageset2/compare_translation.png>
Package pdftex.def Info: figures/appendix/imageset2/compare_translation.png  used on input line 1203.
(pdftex.def)             Requested size: 362.37569pt x 178.97435pt.
<figures/appendix/imageset2/compare_stereoRMS.png, id=814, 714.7503pt x 281.1303pt>
File: figures/appendix/imageset2/compare_stereoRMS.png Graphic file (type png)
<use figures/appendix/imageset2/compare_stereoRMS.png>
Package pdftex.def Info: figures/appendix/imageset2/compare_stereoRMS.png  used on input line 1210.
(pdftex.def)             Requested size: 362.37569pt x 142.53377pt.
<figures/appendix/imageset2/compare_reprojectionError.png, id=815, 858.92896pt x 353.4003pt>
File: figures/appendix/imageset2/compare_reprojectionError.png Graphic file (type png)
<use figures/appendix/imageset2/compare_reprojectionError.png>
Package pdftex.def Info: figures/appendix/imageset2/compare_reprojectionError.png  used on input line 1217.
(pdftex.def)             Requested size: 362.37569pt x 149.09576pt.
 [42

 <./figures/appendix/imageset2/compare_intrinsic.png> <./figures/appendix/imageset2/compare_extrinsics.png>] [43 <./figures/appendix/imageset2/compare_translation.png> <./figures/appendix/imageset2/compare_stereoRMS.png> <./figures/appendix/imageset2/compare_reprojectionError.png>]
<figures/appendix/imageset3/compare_intrinsic.png, id=829, 931.5603pt x 357.0138pt>
File: figures/appendix/imageset3/compare_intrinsic.png Graphic file (type png)
<use figures/appendix/imageset3/compare_intrinsic.png>
Package pdftex.def Info: figures/appendix/imageset3/compare_intrinsic.png  used on input line 1226.
(pdftex.def)             Requested size: 362.37569pt x 138.88072pt.
<figures/appendix/imageset3/compare_extrinsics.png, id=830, 1003.8303pt x 427.8384pt>
File: figures/appendix/imageset3/compare_extrinsics.png Graphic file (type png)
<use figures/appendix/imageset3/compare_extrinsics.png>
Package pdftex.def Info: figures/appendix/imageset3/compare_extrinsics.png  used on input line 1233.
(pdftex.def)             Requested size: 362.37569pt x 154.44603pt.
<figures/appendix/imageset3/compare_translation.png, id=831, 884.5848pt x 437.59485pt>
File: figures/appendix/imageset3/compare_translation.png Graphic file (type png)
<use figures/appendix/imageset3/compare_translation.png>
Package pdftex.def Info: figures/appendix/imageset3/compare_translation.png  used on input line 1240.
(pdftex.def)             Requested size: 362.37569pt x 179.26147pt.
<figures/appendix/imageset3/compare_stereoRMS.png, id=832, 714.7503pt x 281.1303pt>
File: figures/appendix/imageset3/compare_stereoRMS.png Graphic file (type png)
<use figures/appendix/imageset3/compare_stereoRMS.png>
Package pdftex.def Info: figures/appendix/imageset3/compare_stereoRMS.png  used on input line 1247.
(pdftex.def)             Requested size: 362.37569pt x 142.53377pt.
<figures/appendix/imageset3/compare_reprojectionError.png, id=833, 858.92896pt x 353.4003pt>
File: figures/appendix/imageset3/compare_reprojectionError.png Graphic file (type png)
<use figures/appendix/imageset3/compare_reprojectionError.png>
Package pdftex.def Info: figures/appendix/imageset3/compare_reprojectionError.png  used on input line 1254.
(pdftex.def)             Requested size: 362.37569pt x 149.09576pt.
 [44

 <./figures/appendix/imageset3/compare_intrinsic.png> <./figures/appendix/imageset3/compare_extrinsics.png>] [45 <./figures/appendix/imageset3/compare_translation.png> <./figures/appendix/imageset3/compare_stereoRMS.png> <./figures/appendix/imageset3/compare_reprojectionError.png>]
<figures/appendix/imageset4/compare_intrinsic.png, id=847, 931.19894pt x 357.0138pt>
File: figures/appendix/imageset4/compare_intrinsic.png Graphic file (type png)
<use figures/appendix/imageset4/compare_intrinsic.png>
Package pdftex.def Info: figures/appendix/imageset4/compare_intrinsic.png  used on input line 1263.
(pdftex.def)             Requested size: 362.37569pt x 138.92975pt.
<figures/appendix/imageset4/compare_extrinsics.png, id=848, 1003.8303pt x 427.8384pt>
File: figures/appendix/imageset4/compare_extrinsics.png Graphic file (type png)
<use figures/appendix/imageset4/compare_extrinsics.png>
Package pdftex.def Info: figures/appendix/imageset4/compare_extrinsics.png  used on input line 1270.
(pdftex.def)             Requested size: 362.37569pt x 154.44603pt.
<figures/appendix/imageset4/compare_translation.png, id=849, 884.5848pt x 437.59485pt>
File: figures/appendix/imageset4/compare_translation.png Graphic file (type png)
<use figures/appendix/imageset4/compare_translation.png>
Package pdftex.def Info: figures/appendix/imageset4/compare_translation.png  used on input line 1277.
(pdftex.def)             Requested size: 362.37569pt x 179.26147pt.
<figures/appendix/imageset4/compare_stereoRMS.png, id=850, 714.7503pt x 281.1303pt>
File: figures/appendix/imageset4/compare_stereoRMS.png Graphic file (type png)
<use figures/appendix/imageset4/compare_stereoRMS.png>
Package pdftex.def Info: figures/appendix/imageset4/compare_stereoRMS.png  used on input line 1284.
(pdftex.def)             Requested size: 362.37569pt x 142.53377pt.
<figures/appendix/imageset4/compare_reprojectionError.png, id=851, 858.92896pt x 353.4003pt>
File: figures/appendix/imageset4/compare_reprojectionError.png Graphic file (type png)
<use figures/appendix/imageset4/compare_reprojectionError.png>
Package pdftex.def Info: figures/appendix/imageset4/compare_reprojectionError.png  used on input line 1291.
(pdftex.def)             Requested size: 362.37569pt x 149.09576pt.
 [46

 <./figures/appendix/imageset4/compare_intrinsic.png> <./figures/appendix/imageset4/compare_extrinsics.png>] [47 <./figures/appendix/imageset4/compare_translation.png> <./figures/appendix/imageset4/compare_stereoRMS.png> <./figures/appendix/imageset4/compare_reprojectionError.png>]
<figures/appendix/imageset6/compare_intrinsic.png, id=866, 931.19894pt x 357.0138pt>
File: figures/appendix/imageset6/compare_intrinsic.png Graphic file (type png)
<use figures/appendix/imageset6/compare_intrinsic.png>
Package pdftex.def Info: figures/appendix/imageset6/compare_intrinsic.png  used on input line 1300.
(pdftex.def)             Requested size: 362.37569pt x 138.92975pt.
<figures/appendix/imageset6/compare_extrinsics.png, id=867, 1003.8303pt x 427.8384pt>
File: figures/appendix/imageset6/compare_extrinsics.png Graphic file (type png)
<use figures/appendix/imageset6/compare_extrinsics.png>
Package pdftex.def Info: figures/appendix/imageset6/compare_extrinsics.png  used on input line 1307.
(pdftex.def)             Requested size: 362.37569pt x 154.44603pt.
<figures/appendix/imageset6/compare_translation.png, id=868, 885.3075pt x 437.59485pt>
File: figures/appendix/imageset6/compare_translation.png Graphic file (type png)
<use figures/appendix/imageset6/compare_translation.png>
Package pdftex.def Info: figures/appendix/imageset6/compare_translation.png  used on input line 1314.
(pdftex.def)             Requested size: 362.37569pt x 179.12125pt.
<figures/appendix/imageset6/compare_stereoRMS.png, id=869, 714.7503pt x 281.1303pt>
File: figures/appendix/imageset6/compare_stereoRMS.png Graphic file (type png)
<use figures/appendix/imageset6/compare_stereoRMS.png>
Package pdftex.def Info: figures/appendix/imageset6/compare_stereoRMS.png  used on input line 1321.
(pdftex.def)             Requested size: 362.37569pt x 142.53377pt.
<figures/appendix/imageset6/compare_reprojectionError.png, id=870, 858.92896pt x 353.4003pt>
File: figures/appendix/imageset6/compare_reprojectionError.png Graphic file (type png)
<use figures/appendix/imageset6/compare_reprojectionError.png>
Package pdftex.def Info: figures/appendix/imageset6/compare_reprojectionError.png  used on input line 1328.
(pdftex.def)             Requested size: 362.37569pt x 149.09576pt.
 [48

 <./figures/appendix/imageset6/compare_intrinsic.png> <./figures/appendix/imageset6/compare_extrinsics.png>] [49 <./figures/appendix/imageset6/compare_translation.png> <./figures/appendix/imageset6/compare_stereoRMS.png> <./figures/appendix/imageset6/compare_reprojectionError.png>]
<figures/appendix/imageset7/compare_intrinsic.png, id=884, 931.19894pt x 357.0138pt>
File: figures/appendix/imageset7/compare_intrinsic.png Graphic file (type png)
<use figures/appendix/imageset7/compare_intrinsic.png>
Package pdftex.def Info: figures/appendix/imageset7/compare_intrinsic.png  used on input line 1337.
(pdftex.def)             Requested size: 362.37569pt x 138.92975pt.
<figures/appendix/imageset7/compare_extrinsics.png, id=885, 1003.8303pt x 427.8384pt>
File: figures/appendix/imageset7/compare_extrinsics.png Graphic file (type png)
<use figures/appendix/imageset7/compare_extrinsics.png>
Package pdftex.def Info: figures/appendix/imageset7/compare_extrinsics.png  used on input line 1344.
(pdftex.def)             Requested size: 362.37569pt x 154.44603pt.
<figures/appendix/imageset7/compare_translation.png, id=886, 884.5848pt x 437.59485pt>
File: figures/appendix/imageset7/compare_translation.png Graphic file (type png)
<use figures/appendix/imageset7/compare_translation.png>
Package pdftex.def Info: figures/appendix/imageset7/compare_translation.png  used on input line 1351.
(pdftex.def)             Requested size: 362.37569pt x 179.26147pt.
<figures/appendix/imageset7/compare_stereoRMS.png, id=887, 714.7503pt x 281.1303pt>
File: figures/appendix/imageset7/compare_stereoRMS.png Graphic file (type png)
<use figures/appendix/imageset7/compare_stereoRMS.png>
Package pdftex.def Info: figures/appendix/imageset7/compare_stereoRMS.png  used on input line 1358.
(pdftex.def)             Requested size: 362.37569pt x 142.53377pt.
<figures/appendix/imageset7/compare_reprojectionError.png, id=888, 858.92896pt x 353.4003pt>
File: figures/appendix/imageset7/compare_reprojectionError.png Graphic file (type png)
<use figures/appendix/imageset7/compare_reprojectionError.png>
Package pdftex.def Info: figures/appendix/imageset7/compare_reprojectionError.png  used on input line 1365.
(pdftex.def)             Requested size: 362.37569pt x 149.09576pt.
 [50

 <./figures/appendix/imageset7/compare_intrinsic.png> <./figures/appendix/imageset7/compare_extrinsics.png>] [51 <./figures/appendix/imageset7/compare_translation.png> <./figures/appendix/imageset7/compare_stereoRMS.png> <./figures/appendix/imageset7/compare_reprojectionError.png>]
<figures/appendix/InitialCalibrationScene.png, id=902, 511.9125pt x 349.305pt>
File: figures/appendix/InitialCalibrationScene.png Graphic file (type png)
<use figures/appendix/InitialCalibrationScene.png>
Package pdftex.def Info: figures/appendix/InitialCalibrationScene.png  used on input line 1377.
(pdftex.def)             Requested size: 339.72592pt x 231.81053pt.
<figures/appendix/LiFCalCalibrationScene.png, id=903, 924.45375pt x 560.69475pt>
File: figures/appendix/LiFCalCalibrationScene.png Graphic file (type png)
<use figures/appendix/LiFCalCalibrationScene.png>
Package pdftex.def Info: figures/appendix/LiFCalCalibrationScene.png  used on input line 1384.
(pdftex.def)             Requested size: 362.37569pt x 219.78229pt.
 [52

 <./figures/appendix/InitialCalibrationScene.png> <./figures/appendix/LiFCalCalibrationScene.png>]
Overfull \hbox (5.8155pt too wide) in paragraph at lines 1451--1452
[]\T1/lmr/m/n/12 A target-free
 []

[53

]
LaTeX Font Info:    Font shape `T1/lmtt/bx/n' in size <12> not available
(Font)              Font shape `T1/lmtt/b/n' tried instead on input line 1465.

Overfull \hbox (2.0219pt too wide) in paragraph at lines 1466--1467
[]\T1/lmr/m/n/12 OpenCV rou-tine that es-ti-mates the rel-a-tive pose
 []

[54] (thesis.bbl [55


] [56]) [57]
Underfull \hbox (badness 10000) in paragraph at lines 1502--1504

 []


Underfull \hbox (badness 10000) in paragraph at lines 1505--1507

 []



pdfTeX warning: pdflatex (file ./refman.pdf): PDF inclusion: found PDF version <1.7>, but at most version <1.5> allowed
<refman.pdf, id=992, 597.50829pt x 845.0471pt>
File: refman.pdf Graphic file (type pdf)
<use refman.pdf>
Package pdftex.def Info: refman.pdf  used on input line 1511.
(pdftex.def)             Requested size: 597.50682pt x 845.04504pt.


pdfTeX warning: pdflatex (file ./refman.pdf): PDF inclusion: found PDF version <1.7>, but at most version <1.5> allowed


pdfTeX warning: pdflatex (file ./refman.pdf): PDF inclusion: found PDF version <1.7>, but at most version <1.5> allowed
<refman.pdf, id=994, page=1, 597.50829pt x 845.0471pt>
File: refman.pdf Graphic file (type pdf)
<use refman.pdf, page 1>
Package pdftex.def Info: refman.pdf , page1 used on input line 1511.
(pdftex.def)             Requested size: 597.50682pt x 845.04504pt.
File: refman.pdf Graphic file (type pdf)
<use refman.pdf, page 1>
Package pdftex.def Info: refman.pdf , page1 used on input line 1511.
(pdftex.def)             Requested size: 597.53416pt x 845.08372pt.
[58


]
File: refman.pdf Graphic file (type pdf)
<use refman.pdf, page 1>
Package pdftex.def Info: refman.pdf , page1 used on input line 1511.
(pdftex.def)             Requested size: 597.53416pt x 845.08372pt.
File: refman.pdf Graphic file (type pdf)
<use refman.pdf, page 1>
Package pdftex.def Info: refman.pdf , page1 used on input line 1511.
(pdftex.def)             Requested size: 597.53416pt x 845.08372pt.
File: refman.pdf Graphic file (type pdf)
<use refman.pdf, page 1>
Package pdftex.def Info: refman.pdf , page1 used on input line 1511.
(pdftex.def)             Requested size: 597.53416pt x 845.08372pt.
 [59

 <./refman.pdf>]

pdfTeX warning: pdflatex (file ./refman.pdf): PDF inclusion: found PDF version <1.7>, but at most version <1.5> allowed
<refman.pdf, id=1011, page=2, 597.50829pt x 845.0471pt>
File: refman.pdf Graphic file (type pdf)
<use refman.pdf, page 2>
Package pdftex.def Info: refman.pdf , page2 used on input line 1511.
(pdftex.def)             Requested size: 597.53416pt x 845.08372pt.
File: refman.pdf Graphic file (type pdf)
<use refman.pdf, page 2>
Package pdftex.def Info: refman.pdf , page2 used on input line 1511.
(pdftex.def)             Requested size: 597.53416pt x 845.08372pt.
File: refman.pdf Graphic file (type pdf)
<use refman.pdf, page 2>
Package pdftex.def Info: refman.pdf , page2 used on input line 1511.
(pdftex.def)             Requested size: 597.53416pt x 845.08372pt.
[60

 <./refman.pdf>]

pdfTeX warning: pdflatex (file ./refman.pdf): PDF inclusion: found PDF version <1.7>, but at most version <1.5> allowed
<refman.pdf, id=1016, page=3, 597.50829pt x 845.0471pt>
File: refman.pdf Graphic file (type pdf)
<use refman.pdf, page 3>
Package pdftex.def Info: refman.pdf , page3 used on input line 1511.
(pdftex.def)             Requested size: 597.53416pt x 845.08372pt.
File: refman.pdf Graphic file (type pdf)
<use refman.pdf, page 3>
Package pdftex.def Info: refman.pdf , page3 used on input line 1511.
(pdftex.def)             Requested size: 597.53416pt x 845.08372pt.
File: refman.pdf Graphic file (type pdf)
<use refman.pdf, page 3>
Package pdftex.def Info: refman.pdf , page3 used on input line 1511.
(pdftex.def)             Requested size: 597.53416pt x 845.08372pt.
[61

 <./refman.pdf>]

pdfTeX warning: pdflatex (file ./refman.pdf): PDF inclusion: found PDF version <1.7>, but at most version <1.5> allowed
<refman.pdf, id=1027, page=4, 597.50829pt x 845.0471pt>
File: refman.pdf Graphic file (type pdf)
<use refman.pdf, page 4>
Package pdftex.def Info: refman.pdf , page4 used on input line 1511.
(pdftex.def)             Requested size: 597.53416pt x 845.08372pt.
File: refman.pdf Graphic file (type pdf)
<use refman.pdf, page 4>
Package pdftex.def Info: refman.pdf , page4 used on input line 1511.
(pdftex.def)             Requested size: 597.53416pt x 845.08372pt.
File: refman.pdf Graphic file (type pdf)
<use refman.pdf, page 4>
Package pdftex.def Info: refman.pdf , page4 used on input line 1511.
(pdftex.def)             Requested size: 597.53416pt x 845.08372pt.
[62

 <./refman.pdf>]

pdfTeX warning: pdflatex (file ./refman.pdf): PDF inclusion: found PDF version <1.7>, but at most version <1.5> allowed
<refman.pdf, id=1032, page=5, 597.50829pt x 845.0471pt>
File: refman.pdf Graphic file (type pdf)
<use refman.pdf, page 5>
Package pdftex.def Info: refman.pdf , page5 used on input line 1511.
(pdftex.def)             Requested size: 597.53416pt x 845.08372pt.
File: refman.pdf Graphic file (type pdf)
<use refman.pdf, page 5>
Package pdftex.def Info: refman.pdf , page5 used on input line 1511.
(pdftex.def)             Requested size: 597.53416pt x 845.08372pt.
File: refman.pdf Graphic file (type pdf)
<use refman.pdf, page 5>
Package pdftex.def Info: refman.pdf , page5 used on input line 1511.
(pdftex.def)             Requested size: 597.53416pt x 845.08372pt.
[63

 <./refman.pdf>]

pdfTeX warning: pdflatex (file ./refman.pdf): PDF inclusion: found PDF version <1.7>, but at most version <1.5> allowed
<refman.pdf, id=1037, page=6, 597.50829pt x 845.0471pt>
File: refman.pdf Graphic file (type pdf)
<use refman.pdf, page 6>
Package pdftex.def Info: refman.pdf , page6 used on input line 1511.
(pdftex.def)             Requested size: 597.53416pt x 845.08372pt.
File: refman.pdf Graphic file (type pdf)
<use refman.pdf, page 6>
Package pdftex.def Info: refman.pdf , page6 used on input line 1511.
(pdftex.def)             Requested size: 597.53416pt x 845.08372pt.
File: refman.pdf Graphic file (type pdf)
<use refman.pdf, page 6>
Package pdftex.def Info: refman.pdf , page6 used on input line 1511.
(pdftex.def)             Requested size: 597.53416pt x 845.08372pt.
[64

 <./refman.pdf>]

pdfTeX warning: pdflatex (file ./refman.pdf): PDF inclusion: found PDF version <1.7>, but at most version <1.5> allowed
<refman.pdf, id=1043, page=7, 597.50829pt x 845.0471pt>
File: refman.pdf Graphic file (type pdf)
<use refman.pdf, page 7>
Package pdftex.def Info: refman.pdf , page7 used on input line 1511.
(pdftex.def)             Requested size: 597.53416pt x 845.08372pt.
File: refman.pdf Graphic file (type pdf)
<use refman.pdf, page 7>
Package pdftex.def Info: refman.pdf , page7 used on input line 1511.
(pdftex.def)             Requested size: 597.53416pt x 845.08372pt.
File: refman.pdf Graphic file (type pdf)
<use refman.pdf, page 7>
Package pdftex.def Info: refman.pdf , page7 used on input line 1511.
(pdftex.def)             Requested size: 597.53416pt x 845.08372pt.
[65

 <./refman.pdf>]

pdfTeX warning: pdflatex (file ./refman.pdf): PDF inclusion: found PDF version <1.7>, but at most version <1.5> allowed
<refman.pdf, id=1048, page=8, 597.50829pt x 845.0471pt>
File: refman.pdf Graphic file (type pdf)
<use refman.pdf, page 8>
Package pdftex.def Info: refman.pdf , page8 used on input line 1511.
(pdftex.def)             Requested size: 597.53416pt x 845.08372pt.
File: refman.pdf Graphic file (type pdf)
<use refman.pdf, page 8>
Package pdftex.def Info: refman.pdf , page8 used on input line 1511.
(pdftex.def)             Requested size: 597.53416pt x 845.08372pt.
File: refman.pdf Graphic file (type pdf)
<use refman.pdf, page 8>
Package pdftex.def Info: refman.pdf , page8 used on input line 1511.
(pdftex.def)             Requested size: 597.53416pt x 845.08372pt.
[66

 <./refman.pdf>]

pdfTeX warning: pdflatex (file ./refman.pdf): PDF inclusion: found PDF version <1.7>, but at most version <1.5> allowed
<refman.pdf, id=1053, page=9, 597.50829pt x 845.0471pt>
File: refman.pdf Graphic file (type pdf)
<use refman.pdf, page 9>
Package pdftex.def Info: refman.pdf , page9 used on input line 1511.
(pdftex.def)             Requested size: 597.53416pt x 845.08372pt.
File: refman.pdf Graphic file (type pdf)
<use refman.pdf, page 9>
Package pdftex.def Info: refman.pdf , page9 used on input line 1511.
(pdftex.def)             Requested size: 597.53416pt x 845.08372pt.
File: refman.pdf Graphic file (type pdf)
<use refman.pdf, page 9>
Package pdftex.def Info: refman.pdf , page9 used on input line 1511.
(pdftex.def)             Requested size: 597.53416pt x 845.08372pt.
[67

 <./refman.pdf>]

pdfTeX warning: pdflatex (file ./refman.pdf): PDF inclusion: found PDF version <1.7>, but at most version <1.5> allowed
<refman.pdf, id=1058, page=10, 597.50829pt x 845.0471pt>
File: refman.pdf Graphic file (type pdf)
<use refman.pdf, page 10>
Package pdftex.def Info: refman.pdf , page10 used on input line 1511.
(pdftex.def)             Requested size: 597.53416pt x 845.08372pt.
File: refman.pdf Graphic file (type pdf)
<use refman.pdf, page 10>
Package pdftex.def Info: refman.pdf , page10 used on input line 1511.
(pdftex.def)             Requested size: 597.53416pt x 845.08372pt.
File: refman.pdf Graphic file (type pdf)
<use refman.pdf, page 10>
Package pdftex.def Info: refman.pdf , page10 used on input line 1511.
(pdftex.def)             Requested size: 597.53416pt x 845.08372pt.
[68

 <./refman.pdf>]

pdfTeX warning: pdflatex (file ./refman.pdf): PDF inclusion: found PDF version <1.7>, but at most version <1.5> allowed
<refman.pdf, id=1075, page=11, 597.50829pt x 845.0471pt>
File: refman.pdf Graphic file (type pdf)
<use refman.pdf, page 11>
Package pdftex.def Info: refman.pdf , page11 used on input line 1511.
(pdftex.def)             Requested size: 597.53416pt x 845.08372pt.
File: refman.pdf Graphic file (type pdf)
<use refman.pdf, page 11>
Package pdftex.def Info: refman.pdf , page11 used on input line 1511.
(pdftex.def)             Requested size: 597.53416pt x 845.08372pt.
File: refman.pdf Graphic file (type pdf)
<use refman.pdf, page 11>
Package pdftex.def Info: refman.pdf , page11 used on input line 1511.
(pdftex.def)             Requested size: 597.53416pt x 845.08372pt.
[69

 <./refman.pdf>]

pdfTeX warning: pdflatex (file ./refman.pdf): PDF inclusion: found PDF version <1.7>, but at most version <1.5> allowed
<refman.pdf, id=1080, page=12, 597.50829pt x 845.0471pt>
File: refman.pdf Graphic file (type pdf)
<use refman.pdf, page 12>
Package pdftex.def Info: refman.pdf , page12 used on input line 1511.
(pdftex.def)             Requested size: 597.53416pt x 845.08372pt.
File: refman.pdf Graphic file (type pdf)
<use refman.pdf, page 12>
Package pdftex.def Info: refman.pdf , page12 used on input line 1511.
(pdftex.def)             Requested size: 597.53416pt x 845.08372pt.
File: refman.pdf Graphic file (type pdf)
<use refman.pdf, page 12>
Package pdftex.def Info: refman.pdf , page12 used on input line 1511.
(pdftex.def)             Requested size: 597.53416pt x 845.08372pt.
[70

 <./refman.pdf>]

pdfTeX warning: pdflatex (file ./refman.pdf): PDF inclusion: found PDF version <1.7>, but at most version <1.5> allowed
<refman.pdf, id=1086, page=13, 597.50829pt x 845.0471pt>
File: refman.pdf Graphic file (type pdf)
<use refman.pdf, page 13>
Package pdftex.def Info: refman.pdf , page13 used on input line 1511.
(pdftex.def)             Requested size: 597.53416pt x 845.08372pt.
File: refman.pdf Graphic file (type pdf)
<use refman.pdf, page 13>
Package pdftex.def Info: refman.pdf , page13 used on input line 1511.
(pdftex.def)             Requested size: 597.53416pt x 845.08372pt.
File: refman.pdf Graphic file (type pdf)
<use refman.pdf, page 13>
Package pdftex.def Info: refman.pdf , page13 used on input line 1511.
(pdftex.def)             Requested size: 597.53416pt x 845.08372pt.
[71

 <./refman.pdf>]

pdfTeX warning: pdflatex (file ./refman.pdf): PDF inclusion: found PDF version <1.7>, but at most version <1.5> allowed
<refman.pdf, id=1091, page=14, 597.50829pt x 845.0471pt>
File: refman.pdf Graphic file (type pdf)
<use refman.pdf, page 14>
Package pdftex.def Info: refman.pdf , page14 used on input line 1511.
(pdftex.def)             Requested size: 597.53416pt x 845.08372pt.
File: refman.pdf Graphic file (type pdf)
<use refman.pdf, page 14>
Package pdftex.def Info: refman.pdf , page14 used on input line 1511.
(pdftex.def)             Requested size: 597.53416pt x 845.08372pt.
File: refman.pdf Graphic file (type pdf)
<use refman.pdf, page 14>
Package pdftex.def Info: refman.pdf , page14 used on input line 1511.
(pdftex.def)             Requested size: 597.53416pt x 845.08372pt.
[72

 <./refman.pdf>]

pdfTeX warning: pdflatex (file ./refman.pdf): PDF inclusion: found PDF version <1.7>, but at most version <1.5> allowed
<refman.pdf, id=1096, page=15, 597.50829pt x 845.0471pt>
File: refman.pdf Graphic file (type pdf)
<use refman.pdf, page 15>
Package pdftex.def Info: refman.pdf , page15 used on input line 1511.
(pdftex.def)             Requested size: 597.53416pt x 845.08372pt.
File: refman.pdf Graphic file (type pdf)
<use refman.pdf, page 15>
Package pdftex.def Info: refman.pdf , page15 used on input line 1511.
(pdftex.def)             Requested size: 597.53416pt x 845.08372pt.
File: refman.pdf Graphic file (type pdf)
<use refman.pdf, page 15>
Package pdftex.def Info: refman.pdf , page15 used on input line 1511.
(pdftex.def)             Requested size: 597.53416pt x 845.08372pt.
[73

 <./refman.pdf>]

pdfTeX warning: pdflatex (file ./refman.pdf): PDF inclusion: found PDF version <1.7>, but at most version <1.5> allowed
<refman.pdf, id=1101, page=16, 597.50829pt x 845.0471pt>
File: refman.pdf Graphic file (type pdf)
<use refman.pdf, page 16>
Package pdftex.def Info: refman.pdf , page16 used on input line 1511.
(pdftex.def)             Requested size: 597.53416pt x 845.08372pt.
File: refman.pdf Graphic file (type pdf)
<use refman.pdf, page 16>
Package pdftex.def Info: refman.pdf , page16 used on input line 1511.
(pdftex.def)             Requested size: 597.53416pt x 845.08372pt.
File: refman.pdf Graphic file (type pdf)
<use refman.pdf, page 16>
Package pdftex.def Info: refman.pdf , page16 used on input line 1511.
(pdftex.def)             Requested size: 597.53416pt x 845.08372pt.
[74

 <./refman.pdf>]

pdfTeX warning: pdflatex (file ./refman.pdf): PDF inclusion: found PDF version <1.7>, but at most version <1.5> allowed
<refman.pdf, id=1112, page=17, 597.50829pt x 845.0471pt>
File: refman.pdf Graphic file (type pdf)
<use refman.pdf, page 17>
Package pdftex.def Info: refman.pdf , page17 used on input line 1511.
(pdftex.def)             Requested size: 597.53416pt x 845.08372pt.
File: refman.pdf Graphic file (type pdf)
<use refman.pdf, page 17>
Package pdftex.def Info: refman.pdf , page17 used on input line 1511.
(pdftex.def)             Requested size: 597.53416pt x 845.08372pt.
File: refman.pdf Graphic file (type pdf)
<use refman.pdf, page 17>
Package pdftex.def Info: refman.pdf , page17 used on input line 1511.
(pdftex.def)             Requested size: 597.53416pt x 845.08372pt.
[75

 <./refman.pdf>]

pdfTeX warning: pdflatex (file ./refman.pdf): PDF inclusion: found PDF version <1.7>, but at most version <1.5> allowed
<refman.pdf, id=1117, page=18, 597.50829pt x 845.0471pt>
File: refman.pdf Graphic file (type pdf)
<use refman.pdf, page 18>
Package pdftex.def Info: refman.pdf , page18 used on input line 1511.
(pdftex.def)             Requested size: 597.53416pt x 845.08372pt.
File: refman.pdf Graphic file (type pdf)
<use refman.pdf, page 18>
Package pdftex.def Info: refman.pdf , page18 used on input line 1511.
(pdftex.def)             Requested size: 597.53416pt x 845.08372pt.
File: refman.pdf Graphic file (type pdf)
<use refman.pdf, page 18>
Package pdftex.def Info: refman.pdf , page18 used on input line 1511.
(pdftex.def)             Requested size: 597.53416pt x 845.08372pt.
[76

 <./refman.pdf>]

pdfTeX warning: pdflatex (file ./refman.pdf): PDF inclusion: found PDF version <1.7>, but at most version <1.5> allowed
<refman.pdf, id=1123, page=19, 597.50829pt x 845.0471pt>
File: refman.pdf Graphic file (type pdf)
<use refman.pdf, page 19>
Package pdftex.def Info: refman.pdf , page19 used on input line 1511.
(pdftex.def)             Requested size: 597.53416pt x 845.08372pt.
File: refman.pdf Graphic file (type pdf)
<use refman.pdf, page 19>
Package pdftex.def Info: refman.pdf , page19 used on input line 1511.
(pdftex.def)             Requested size: 597.53416pt x 845.08372pt.
File: refman.pdf Graphic file (type pdf)
<use refman.pdf, page 19>
Package pdftex.def Info: refman.pdf , page19 used on input line 1511.
(pdftex.def)             Requested size: 597.53416pt x 845.08372pt.
[77

 <./refman.pdf>]

pdfTeX warning: pdflatex (file ./refman.pdf): PDF inclusion: found PDF version <1.7>, but at most version <1.5> allowed
<refman.pdf, id=1134, page=20, 597.50829pt x 845.0471pt>
File: refman.pdf Graphic file (type pdf)
<use refman.pdf, page 20>
Package pdftex.def Info: refman.pdf , page20 used on input line 1511.
(pdftex.def)             Requested size: 597.53416pt x 845.08372pt.
File: refman.pdf Graphic file (type pdf)
<use refman.pdf, page 20>
Package pdftex.def Info: refman.pdf , page20 used on input line 1511.
(pdftex.def)             Requested size: 597.53416pt x 845.08372pt.
File: refman.pdf Graphic file (type pdf)
<use refman.pdf, page 20>
Package pdftex.def Info: refman.pdf , page20 used on input line 1511.
(pdftex.def)             Requested size: 597.53416pt x 845.08372pt.
[78

 <./refman.pdf>]

pdfTeX warning: pdflatex (file ./refman.pdf): PDF inclusion: found PDF version <1.7>, but at most version <1.5> allowed
<refman.pdf, id=1139, page=21, 597.50829pt x 845.0471pt>
File: refman.pdf Graphic file (type pdf)
<use refman.pdf, page 21>
Package pdftex.def Info: refman.pdf , page21 used on input line 1511.
(pdftex.def)             Requested size: 597.53416pt x 845.08372pt.
File: refman.pdf Graphic file (type pdf)
<use refman.pdf, page 21>
Package pdftex.def Info: refman.pdf , page21 used on input line 1511.
(pdftex.def)             Requested size: 597.53416pt x 845.08372pt.
File: refman.pdf Graphic file (type pdf)
<use refman.pdf, page 21>
Package pdftex.def Info: refman.pdf , page21 used on input line 1511.
(pdftex.def)             Requested size: 597.53416pt x 845.08372pt.
[79

 <./refman.pdf>]

pdfTeX warning: pdflatex (file ./refman.pdf): PDF inclusion: found PDF version <1.7>, but at most version <1.5> allowed
<refman.pdf, id=1144, page=22, 597.50829pt x 845.0471pt>
File: refman.pdf Graphic file (type pdf)
<use refman.pdf, page 22>
Package pdftex.def Info: refman.pdf , page22 used on input line 1511.
(pdftex.def)             Requested size: 597.53416pt x 845.08372pt.
File: refman.pdf Graphic file (type pdf)
<use refman.pdf, page 22>
Package pdftex.def Info: refman.pdf , page22 used on input line 1511.
(pdftex.def)             Requested size: 597.53416pt x 845.08372pt.
File: refman.pdf Graphic file (type pdf)
<use refman.pdf, page 22>
Package pdftex.def Info: refman.pdf , page22 used on input line 1511.
(pdftex.def)             Requested size: 597.53416pt x 845.08372pt.
[80

 <./refman.pdf>]

pdfTeX warning: pdflatex (file ./refman.pdf): PDF inclusion: found PDF version <1.7>, but at most version <1.5> allowed
<refman.pdf, id=1149, page=23, 597.50829pt x 845.0471pt>
File: refman.pdf Graphic file (type pdf)
<use refman.pdf, page 23>
Package pdftex.def Info: refman.pdf , page23 used on input line 1511.
(pdftex.def)             Requested size: 597.53416pt x 845.08372pt.
File: refman.pdf Graphic file (type pdf)
<use refman.pdf, page 23>
Package pdftex.def Info: refman.pdf , page23 used on input line 1511.
(pdftex.def)             Requested size: 597.53416pt x 845.08372pt.
File: refman.pdf Graphic file (type pdf)
<use refman.pdf, page 23>
Package pdftex.def Info: refman.pdf , page23 used on input line 1511.
(pdftex.def)             Requested size: 597.53416pt x 845.08372pt.
[81

 <./refman.pdf>]

pdfTeX warning: pdflatex (file ./refman.pdf): PDF inclusion: found PDF version <1.7>, but at most version <1.5> allowed
<refman.pdf, id=1154, page=24, 597.50829pt x 845.0471pt>
File: refman.pdf Graphic file (type pdf)
<use refman.pdf, page 24>
Package pdftex.def Info: refman.pdf , page24 used on input line 1511.
(pdftex.def)             Requested size: 597.53416pt x 845.08372pt.
File: refman.pdf Graphic file (type pdf)
<use refman.pdf, page 24>
Package pdftex.def Info: refman.pdf , page24 used on input line 1511.
(pdftex.def)             Requested size: 597.53416pt x 845.08372pt.
File: refman.pdf Graphic file (type pdf)
<use refman.pdf, page 24>
Package pdftex.def Info: refman.pdf , page24 used on input line 1511.
(pdftex.def)             Requested size: 597.53416pt x 845.08372pt.
[82

 <./refman.pdf>]

pdfTeX warning: pdflatex (file ./refman.pdf): PDF inclusion: found PDF version <1.7>, but at most version <1.5> allowed
<refman.pdf, id=1160, page=25, 597.50829pt x 845.0471pt>
File: refman.pdf Graphic file (type pdf)
<use refman.pdf, page 25>
Package pdftex.def Info: refman.pdf , page25 used on input line 1511.
(pdftex.def)             Requested size: 597.53416pt x 845.08372pt.
File: refman.pdf Graphic file (type pdf)
<use refman.pdf, page 25>
Package pdftex.def Info: refman.pdf , page25 used on input line 1511.
(pdftex.def)             Requested size: 597.53416pt x 845.08372pt.
File: refman.pdf Graphic file (type pdf)
<use refman.pdf, page 25>
Package pdftex.def Info: refman.pdf , page25 used on input line 1511.
(pdftex.def)             Requested size: 597.53416pt x 845.08372pt.
[83

 <./refman.pdf>]

pdfTeX warning: pdflatex (file ./refman.pdf): PDF inclusion: found PDF version <1.7>, but at most version <1.5> allowed
<refman.pdf, id=1165, page=26, 597.50829pt x 845.0471pt>
File: refman.pdf Graphic file (type pdf)
<use refman.pdf, page 26>
Package pdftex.def Info: refman.pdf , page26 used on input line 1511.
(pdftex.def)             Requested size: 597.53416pt x 845.08372pt.
File: refman.pdf Graphic file (type pdf)
<use refman.pdf, page 26>
Package pdftex.def Info: refman.pdf , page26 used on input line 1511.
(pdftex.def)             Requested size: 597.53416pt x 845.08372pt.
File: refman.pdf Graphic file (type pdf)
<use refman.pdf, page 26>
Package pdftex.def Info: refman.pdf , page26 used on input line 1511.
(pdftex.def)             Requested size: 597.53416pt x 845.08372pt.
[84

 <./refman.pdf>]

pdfTeX warning: pdflatex (file ./refman.pdf): PDF inclusion: found PDF version <1.7>, but at most version <1.5> allowed
<refman.pdf, id=1170, page=27, 597.50829pt x 845.0471pt>
File: refman.pdf Graphic file (type pdf)
<use refman.pdf, page 27>
Package pdftex.def Info: refman.pdf , page27 used on input line 1511.
(pdftex.def)             Requested size: 597.53416pt x 845.08372pt.
File: refman.pdf Graphic file (type pdf)
<use refman.pdf, page 27>
Package pdftex.def Info: refman.pdf , page27 used on input line 1511.
(pdftex.def)             Requested size: 597.53416pt x 845.08372pt.
File: refman.pdf Graphic file (type pdf)
<use refman.pdf, page 27>
Package pdftex.def Info: refman.pdf , page27 used on input line 1511.
(pdftex.def)             Requested size: 597.53416pt x 845.08372pt.
[85

 <./refman.pdf>]

pdfTeX warning: pdflatex (file ./refman.pdf): PDF inclusion: found PDF version <1.7>, but at most version <1.5> allowed
<refman.pdf, id=1175, page=28, 597.50829pt x 845.0471pt>
File: refman.pdf Graphic file (type pdf)
<use refman.pdf, page 28>
Package pdftex.def Info: refman.pdf , page28 used on input line 1511.
(pdftex.def)             Requested size: 597.53416pt x 845.08372pt.
File: refman.pdf Graphic file (type pdf)
<use refman.pdf, page 28>
Package pdftex.def Info: refman.pdf , page28 used on input line 1511.
(pdftex.def)             Requested size: 597.53416pt x 845.08372pt.
File: refman.pdf Graphic file (type pdf)
<use refman.pdf, page 28>
Package pdftex.def Info: refman.pdf , page28 used on input line 1511.
(pdftex.def)             Requested size: 597.53416pt x 845.08372pt.
[86

 <./refman.pdf>]

pdfTeX warning: pdflatex (file ./refman.pdf): PDF inclusion: found PDF version <1.7>, but at most version <1.5> allowed
<refman.pdf, id=1180, page=29, 597.50829pt x 845.0471pt>
File: refman.pdf Graphic file (type pdf)
<use refman.pdf, page 29>
Package pdftex.def Info: refman.pdf , page29 used on input line 1511.
(pdftex.def)             Requested size: 597.53416pt x 845.08372pt.
File: refman.pdf Graphic file (type pdf)
<use refman.pdf, page 29>
Package pdftex.def Info: refman.pdf , page29 used on input line 1511.
(pdftex.def)             Requested size: 597.53416pt x 845.08372pt.
File: refman.pdf Graphic file (type pdf)
<use refman.pdf, page 29>
Package pdftex.def Info: refman.pdf , page29 used on input line 1511.
(pdftex.def)             Requested size: 597.53416pt x 845.08372pt.
[87

 <./refman.pdf>]

pdfTeX warning: pdflatex (file ./refman.pdf): PDF inclusion: found PDF version <1.7>, but at most version <1.5> allowed
<refman.pdf, id=1185, page=30, 597.50829pt x 845.0471pt>
File: refman.pdf Graphic file (type pdf)
<use refman.pdf, page 30>
Package pdftex.def Info: refman.pdf , page30 used on input line 1511.
(pdftex.def)             Requested size: 597.53416pt x 845.08372pt.
File: refman.pdf Graphic file (type pdf)
<use refman.pdf, page 30>
Package pdftex.def Info: refman.pdf , page30 used on input line 1511.
(pdftex.def)             Requested size: 597.53416pt x 845.08372pt.
File: refman.pdf Graphic file (type pdf)
<use refman.pdf, page 30>
Package pdftex.def Info: refman.pdf , page30 used on input line 1511.
(pdftex.def)             Requested size: 597.53416pt x 845.08372pt.
[88

 <./refman.pdf>]

pdfTeX warning: pdflatex (file ./refman.pdf): PDF inclusion: found PDF version <1.7>, but at most version <1.5> allowed
<refman.pdf, id=1191, page=31, 597.50829pt x 845.0471pt>
File: refman.pdf Graphic file (type pdf)
<use refman.pdf, page 31>
Package pdftex.def Info: refman.pdf , page31 used on input line 1511.
(pdftex.def)             Requested size: 597.53416pt x 845.08372pt.
File: refman.pdf Graphic file (type pdf)
<use refman.pdf, page 31>
Package pdftex.def Info: refman.pdf , page31 used on input line 1511.
(pdftex.def)             Requested size: 597.53416pt x 845.08372pt.
File: refman.pdf Graphic file (type pdf)
<use refman.pdf, page 31>
Package pdftex.def Info: refman.pdf , page31 used on input line 1511.
(pdftex.def)             Requested size: 597.53416pt x 845.08372pt.
[89

 <./refman.pdf>]

pdfTeX warning: pdflatex (file ./refman.pdf): PDF inclusion: found PDF version <1.7>, but at most version <1.5> allowed
<refman.pdf, id=1196, page=32, 597.50829pt x 845.0471pt>
File: refman.pdf Graphic file (type pdf)
<use refman.pdf, page 32>
Package pdftex.def Info: refman.pdf , page32 used on input line 1511.
(pdftex.def)             Requested size: 597.53416pt x 845.08372pt.
File: refman.pdf Graphic file (type pdf)
<use refman.pdf, page 32>
Package pdftex.def Info: refman.pdf , page32 used on input line 1511.
(pdftex.def)             Requested size: 597.53416pt x 845.08372pt.
File: refman.pdf Graphic file (type pdf)
<use refman.pdf, page 32>
Package pdftex.def Info: refman.pdf , page32 used on input line 1511.
(pdftex.def)             Requested size: 597.53416pt x 845.08372pt.
[90

 <./refman.pdf>]

pdfTeX warning: pdflatex (file ./refman.pdf): PDF inclusion: found PDF version <1.7>, but at most version <1.5> allowed
<refman.pdf, id=1201, page=33, 597.50829pt x 845.0471pt>
File: refman.pdf Graphic file (type pdf)
<use refman.pdf, page 33>
Package pdftex.def Info: refman.pdf , page33 used on input line 1511.
(pdftex.def)             Requested size: 597.53416pt x 845.08372pt.
File: refman.pdf Graphic file (type pdf)
<use refman.pdf, page 33>
Package pdftex.def Info: refman.pdf , page33 used on input line 1511.
(pdftex.def)             Requested size: 597.53416pt x 845.08372pt.
File: refman.pdf Graphic file (type pdf)
<use refman.pdf, page 33>
Package pdftex.def Info: refman.pdf , page33 used on input line 1511.
(pdftex.def)             Requested size: 597.53416pt x 845.08372pt.
[91

 <./refman.pdf>]

pdfTeX warning: pdflatex (file ./refman.pdf): PDF inclusion: found PDF version <1.7>, but at most version <1.5> allowed
<refman.pdf, id=1206, page=34, 597.50829pt x 845.0471pt>
File: refman.pdf Graphic file (type pdf)
<use refman.pdf, page 34>
Package pdftex.def Info: refman.pdf , page34 used on input line 1511.
(pdftex.def)             Requested size: 597.53416pt x 845.08372pt.
File: refman.pdf Graphic file (type pdf)
<use refman.pdf, page 34>
Package pdftex.def Info: refman.pdf , page34 used on input line 1511.
(pdftex.def)             Requested size: 597.53416pt x 845.08372pt.
File: refman.pdf Graphic file (type pdf)
<use refman.pdf, page 34>
Package pdftex.def Info: refman.pdf , page34 used on input line 1511.
(pdftex.def)             Requested size: 597.53416pt x 845.08372pt.
[92

 <./refman.pdf>]

pdfTeX warning: pdflatex (file ./refman.pdf): PDF inclusion: found PDF version <1.7>, but at most version <1.5> allowed
<refman.pdf, id=1211, page=35, 597.50829pt x 845.0471pt>
File: refman.pdf Graphic file (type pdf)
<use refman.pdf, page 35>
Package pdftex.def Info: refman.pdf , page35 used on input line 1511.
(pdftex.def)             Requested size: 597.53416pt x 845.08372pt.
File: refman.pdf Graphic file (type pdf)
<use refman.pdf, page 35>
Package pdftex.def Info: refman.pdf , page35 used on input line 1511.
(pdftex.def)             Requested size: 597.53416pt x 845.08372pt.
File: refman.pdf Graphic file (type pdf)
<use refman.pdf, page 35>
Package pdftex.def Info: refman.pdf , page35 used on input line 1511.
(pdftex.def)             Requested size: 597.53416pt x 845.08372pt.
[93

 <./refman.pdf>]

pdfTeX warning: pdflatex (file ./refman.pdf): PDF inclusion: found PDF version <1.7>, but at most version <1.5> allowed
<refman.pdf, id=1216, page=36, 597.50829pt x 845.0471pt>
File: refman.pdf Graphic file (type pdf)
<use refman.pdf, page 36>
Package pdftex.def Info: refman.pdf , page36 used on input line 1511.
(pdftex.def)             Requested size: 597.53416pt x 845.08372pt.
File: refman.pdf Graphic file (type pdf)
<use refman.pdf, page 36>
Package pdftex.def Info: refman.pdf , page36 used on input line 1511.
(pdftex.def)             Requested size: 597.53416pt x 845.08372pt.
File: refman.pdf Graphic file (type pdf)
<use refman.pdf, page 36>
Package pdftex.def Info: refman.pdf , page36 used on input line 1511.
(pdftex.def)             Requested size: 597.53416pt x 845.08372pt.
[94

 <./refman.pdf>]

pdfTeX warning: pdflatex (file ./refman.pdf): PDF inclusion: found PDF version <1.7>, but at most version <1.5> allowed
<refman.pdf, id=1222, page=37, 597.50829pt x 845.0471pt>
File: refman.pdf Graphic file (type pdf)
<use refman.pdf, page 37>
Package pdftex.def Info: refman.pdf , page37 used on input line 1511.
(pdftex.def)             Requested size: 597.53416pt x 845.08372pt.
File: refman.pdf Graphic file (type pdf)
<use refman.pdf, page 37>
Package pdftex.def Info: refman.pdf , page37 used on input line 1511.
(pdftex.def)             Requested size: 597.53416pt x 845.08372pt.
File: refman.pdf Graphic file (type pdf)
<use refman.pdf, page 37>
Package pdftex.def Info: refman.pdf , page37 used on input line 1511.
(pdftex.def)             Requested size: 597.53416pt x 845.08372pt.
[95

 <./refman.pdf>]

pdfTeX warning: pdflatex (file ./refman.pdf): PDF inclusion: found PDF version <1.7>, but at most version <1.5> allowed
<refman.pdf, id=1227, page=38, 597.50829pt x 845.0471pt>
File: refman.pdf Graphic file (type pdf)
<use refman.pdf, page 38>
Package pdftex.def Info: refman.pdf , page38 used on input line 1511.
(pdftex.def)             Requested size: 597.53416pt x 845.08372pt.
File: refman.pdf Graphic file (type pdf)
<use refman.pdf, page 38>
Package pdftex.def Info: refman.pdf , page38 used on input line 1511.
(pdftex.def)             Requested size: 597.53416pt x 845.08372pt.
File: refman.pdf Graphic file (type pdf)
<use refman.pdf, page 38>
Package pdftex.def Info: refman.pdf , page38 used on input line 1511.
(pdftex.def)             Requested size: 597.53416pt x 845.08372pt.
[96

 <./refman.pdf>]

pdfTeX warning: pdflatex (file ./refman.pdf): PDF inclusion: found PDF version <1.7>, but at most version <1.5> allowed
<refman.pdf, id=1232, page=39, 597.50829pt x 845.0471pt>
File: refman.pdf Graphic file (type pdf)
<use refman.pdf, page 39>
Package pdftex.def Info: refman.pdf , page39 used on input line 1511.
(pdftex.def)             Requested size: 597.53416pt x 845.08372pt.
File: refman.pdf Graphic file (type pdf)
<use refman.pdf, page 39>
Package pdftex.def Info: refman.pdf , page39 used on input line 1511.
(pdftex.def)             Requested size: 597.53416pt x 845.08372pt.
File: refman.pdf Graphic file (type pdf)
<use refman.pdf, page 39>
Package pdftex.def Info: refman.pdf , page39 used on input line 1511.
(pdftex.def)             Requested size: 597.53416pt x 845.08372pt.
[97

 <./refman.pdf>]

pdfTeX warning: pdflatex (file ./refman.pdf): PDF inclusion: found PDF version <1.7>, but at most version <1.5> allowed
<refman.pdf, id=1237, page=40, 597.50829pt x 845.0471pt>
File: refman.pdf Graphic file (type pdf)
<use refman.pdf, page 40>
Package pdftex.def Info: refman.pdf , page40 used on input line 1511.
(pdftex.def)             Requested size: 597.53416pt x 845.08372pt.
File: refman.pdf Graphic file (type pdf)
<use refman.pdf, page 40>
Package pdftex.def Info: refman.pdf , page40 used on input line 1511.
(pdftex.def)             Requested size: 597.53416pt x 845.08372pt.
File: refman.pdf Graphic file (type pdf)
<use refman.pdf, page 40>
Package pdftex.def Info: refman.pdf , page40 used on input line 1511.
(pdftex.def)             Requested size: 597.53416pt x 845.08372pt.
[98

 <./refman.pdf>]

pdfTeX warning: pdflatex (file ./refman.pdf): PDF inclusion: found PDF version <1.7>, but at most version <1.5> allowed
<refman.pdf, id=1242, page=41, 597.50829pt x 845.0471pt>
File: refman.pdf Graphic file (type pdf)
<use refman.pdf, page 41>
Package pdftex.def Info: refman.pdf , page41 used on input line 1511.
(pdftex.def)             Requested size: 597.53416pt x 845.08372pt.
File: refman.pdf Graphic file (type pdf)
<use refman.pdf, page 41>
Package pdftex.def Info: refman.pdf , page41 used on input line 1511.
(pdftex.def)             Requested size: 597.53416pt x 845.08372pt.
File: refman.pdf Graphic file (type pdf)
<use refman.pdf, page 41>
Package pdftex.def Info: refman.pdf , page41 used on input line 1511.
(pdftex.def)             Requested size: 597.53416pt x 845.08372pt.
[99

 <./refman.pdf>]

pdfTeX warning: pdflatex (file ./refman.pdf): PDF inclusion: found PDF version <1.7>, but at most version <1.5> allowed
<refman.pdf, id=1247, page=42, 597.50829pt x 845.0471pt>
File: refman.pdf Graphic file (type pdf)
<use refman.pdf, page 42>
Package pdftex.def Info: refman.pdf , page42 used on input line 1511.
(pdftex.def)             Requested size: 597.53416pt x 845.08372pt.
File: refman.pdf Graphic file (type pdf)
<use refman.pdf, page 42>
Package pdftex.def Info: refman.pdf , page42 used on input line 1511.
(pdftex.def)             Requested size: 597.53416pt x 845.08372pt.
File: refman.pdf Graphic file (type pdf)
<use refman.pdf, page 42>
Package pdftex.def Info: refman.pdf , page42 used on input line 1511.
(pdftex.def)             Requested size: 597.53416pt x 845.08372pt.
[100

 <./refman.pdf>]

pdfTeX warning: pdflatex (file ./refman.pdf): PDF inclusion: found PDF version <1.7>, but at most version <1.5> allowed
<refman.pdf, id=1253, page=43, 597.50829pt x 845.0471pt>
File: refman.pdf Graphic file (type pdf)
<use refman.pdf, page 43>
Package pdftex.def Info: refman.pdf , page43 used on input line 1511.
(pdftex.def)             Requested size: 597.53416pt x 845.08372pt.
File: refman.pdf Graphic file (type pdf)
<use refman.pdf, page 43>
Package pdftex.def Info: refman.pdf , page43 used on input line 1511.
(pdftex.def)             Requested size: 597.53416pt x 845.08372pt.
File: refman.pdf Graphic file (type pdf)
<use refman.pdf, page 43>
Package pdftex.def Info: refman.pdf , page43 used on input line 1511.
(pdftex.def)             Requested size: 597.53416pt x 845.08372pt.
[101

 <./refman.pdf>]

pdfTeX warning: pdflatex (file ./refman.pdf): PDF inclusion: found PDF version <1.7>, but at most version <1.5> allowed
<refman.pdf, id=1258, page=44, 597.50829pt x 845.0471pt>
File: refman.pdf Graphic file (type pdf)
<use refman.pdf, page 44>
Package pdftex.def Info: refman.pdf , page44 used on input line 1511.
(pdftex.def)             Requested size: 597.53416pt x 845.08372pt.
File: refman.pdf Graphic file (type pdf)
<use refman.pdf, page 44>
Package pdftex.def Info: refman.pdf , page44 used on input line 1511.
(pdftex.def)             Requested size: 597.53416pt x 845.08372pt.
File: refman.pdf Graphic file (type pdf)
<use refman.pdf, page 44>
Package pdftex.def Info: refman.pdf , page44 used on input line 1511.
(pdftex.def)             Requested size: 597.53416pt x 845.08372pt.
[102

 <./refman.pdf>]

pdfTeX warning: pdflatex (file ./refman.pdf): PDF inclusion: found PDF version <1.7>, but at most version <1.5> allowed
<refman.pdf, id=1269, page=45, 597.50829pt x 845.0471pt>
File: refman.pdf Graphic file (type pdf)
<use refman.pdf, page 45>
Package pdftex.def Info: refman.pdf , page45 used on input line 1511.
(pdftex.def)             Requested size: 597.53416pt x 845.08372pt.
File: refman.pdf Graphic file (type pdf)
<use refman.pdf, page 45>
Package pdftex.def Info: refman.pdf , page45 used on input line 1511.
(pdftex.def)             Requested size: 597.53416pt x 845.08372pt.
File: refman.pdf Graphic file (type pdf)
<use refman.pdf, page 45>
Package pdftex.def Info: refman.pdf , page45 used on input line 1511.
(pdftex.def)             Requested size: 597.53416pt x 845.08372pt.
[103

 <./refman.pdf>]

pdfTeX warning: pdflatex (file ./refman.pdf): PDF inclusion: found PDF version <1.7>, but at most version <1.5> allowed
<refman.pdf, id=1274, page=46, 597.50829pt x 845.0471pt>
File: refman.pdf Graphic file (type pdf)
<use refman.pdf, page 46>
Package pdftex.def Info: refman.pdf , page46 used on input line 1511.
(pdftex.def)             Requested size: 597.53416pt x 845.08372pt.
File: refman.pdf Graphic file (type pdf)
<use refman.pdf, page 46>
Package pdftex.def Info: refman.pdf , page46 used on input line 1511.
(pdftex.def)             Requested size: 597.53416pt x 845.08372pt.
File: refman.pdf Graphic file (type pdf)
<use refman.pdf, page 46>
Package pdftex.def Info: refman.pdf , page46 used on input line 1511.
(pdftex.def)             Requested size: 597.53416pt x 845.08372pt.
[104

 <./refman.pdf>]

pdfTeX warning: pdflatex (file ./refman.pdf): PDF inclusion: found PDF version <1.7>, but at most version <1.5> allowed
<refman.pdf, id=1279, page=47, 597.50829pt x 845.0471pt>
File: refman.pdf Graphic file (type pdf)
<use refman.pdf, page 47>
Package pdftex.def Info: refman.pdf , page47 used on input line 1511.
(pdftex.def)             Requested size: 597.53416pt x 845.08372pt.
File: refman.pdf Graphic file (type pdf)
<use refman.pdf, page 47>
Package pdftex.def Info: refman.pdf , page47 used on input line 1511.
(pdftex.def)             Requested size: 597.53416pt x 845.08372pt.
File: refman.pdf Graphic file (type pdf)
<use refman.pdf, page 47>
Package pdftex.def Info: refman.pdf , page47 used on input line 1511.
(pdftex.def)             Requested size: 597.53416pt x 845.08372pt.
[105

 <./refman.pdf>]

pdfTeX warning: pdflatex (file ./refman.pdf): PDF inclusion: found PDF version <1.7>, but at most version <1.5> allowed
<refman.pdf, id=1284, page=48, 597.50829pt x 845.0471pt>
File: refman.pdf Graphic file (type pdf)
<use refman.pdf, page 48>
Package pdftex.def Info: refman.pdf , page48 used on input line 1511.
(pdftex.def)             Requested size: 597.53416pt x 845.08372pt.
File: refman.pdf Graphic file (type pdf)
<use refman.pdf, page 48>
Package pdftex.def Info: refman.pdf , page48 used on input line 1511.
(pdftex.def)             Requested size: 597.53416pt x 845.08372pt.
File: refman.pdf Graphic file (type pdf)
<use refman.pdf, page 48>
Package pdftex.def Info: refman.pdf , page48 used on input line 1511.
(pdftex.def)             Requested size: 597.53416pt x 845.08372pt.
[106

 <./refman.pdf>]

pdfTeX warning: pdflatex (file ./refman.pdf): PDF inclusion: found PDF version <1.7>, but at most version <1.5> allowed
<refman.pdf, id=1290, page=49, 597.50829pt x 845.0471pt>
File: refman.pdf Graphic file (type pdf)
<use refman.pdf, page 49>
Package pdftex.def Info: refman.pdf , page49 used on input line 1511.
(pdftex.def)             Requested size: 597.53416pt x 845.08372pt.
File: refman.pdf Graphic file (type pdf)
<use refman.pdf, page 49>
Package pdftex.def Info: refman.pdf , page49 used on input line 1511.
(pdftex.def)             Requested size: 597.53416pt x 845.08372pt.
File: refman.pdf Graphic file (type pdf)
<use refman.pdf, page 49>
Package pdftex.def Info: refman.pdf , page49 used on input line 1511.
(pdftex.def)             Requested size: 597.53416pt x 845.08372pt.
[107

 <./refman.pdf>]

pdfTeX warning: pdflatex (file ./refman.pdf): PDF inclusion: found PDF version <1.7>, but at most version <1.5> allowed
<refman.pdf, id=1295, page=50, 597.50829pt x 845.0471pt>
File: refman.pdf Graphic file (type pdf)
<use refman.pdf, page 50>
Package pdftex.def Info: refman.pdf , page50 used on input line 1511.
(pdftex.def)             Requested size: 597.53416pt x 845.08372pt.
File: refman.pdf Graphic file (type pdf)
<use refman.pdf, page 50>
Package pdftex.def Info: refman.pdf , page50 used on input line 1511.
(pdftex.def)             Requested size: 597.53416pt x 845.08372pt.
File: refman.pdf Graphic file (type pdf)
<use refman.pdf, page 50>
Package pdftex.def Info: refman.pdf , page50 used on input line 1511.
(pdftex.def)             Requested size: 597.53416pt x 845.08372pt.
[108

 <./refman.pdf>]

pdfTeX warning: pdflatex (file ./refman.pdf): PDF inclusion: found PDF version <1.7>, but at most version <1.5> allowed
<refman.pdf, id=1300, page=51, 597.50829pt x 845.0471pt>
File: refman.pdf Graphic file (type pdf)
<use refman.pdf, page 51>
Package pdftex.def Info: refman.pdf , page51 used on input line 1511.
(pdftex.def)             Requested size: 597.53416pt x 845.08372pt.
File: refman.pdf Graphic file (type pdf)
<use refman.pdf, page 51>
Package pdftex.def Info: refman.pdf , page51 used on input line 1511.
(pdftex.def)             Requested size: 597.53416pt x 845.08372pt.
File: refman.pdf Graphic file (type pdf)
<use refman.pdf, page 51>
Package pdftex.def Info: refman.pdf , page51 used on input line 1511.
(pdftex.def)             Requested size: 597.53416pt x 845.08372pt.
[109

 <./refman.pdf>]

pdfTeX warning: pdflatex (file ./refman.pdf): PDF inclusion: found PDF version <1.7>, but at most version <1.5> allowed
<refman.pdf, id=1311, page=52, 597.50829pt x 845.0471pt>
File: refman.pdf Graphic file (type pdf)
<use refman.pdf, page 52>
Package pdftex.def Info: refman.pdf , page52 used on input line 1511.
(pdftex.def)             Requested size: 597.53416pt x 845.08372pt.
File: refman.pdf Graphic file (type pdf)
<use refman.pdf, page 52>
Package pdftex.def Info: refman.pdf , page52 used on input line 1511.
(pdftex.def)             Requested size: 597.53416pt x 845.08372pt.
File: refman.pdf Graphic file (type pdf)
<use refman.pdf, page 52>
Package pdftex.def Info: refman.pdf , page52 used on input line 1511.
(pdftex.def)             Requested size: 597.53416pt x 845.08372pt.
[110

 <./refman.pdf>]

pdfTeX warning: pdflatex (file ./refman.pdf): PDF inclusion: found PDF version <1.7>, but at most version <1.5> allowed
<refman.pdf, id=1316, page=53, 597.50829pt x 845.0471pt>
File: refman.pdf Graphic file (type pdf)
<use refman.pdf, page 53>
Package pdftex.def Info: refman.pdf , page53 used on input line 1511.
(pdftex.def)             Requested size: 597.53416pt x 845.08372pt.
File: refman.pdf Graphic file (type pdf)
<use refman.pdf, page 53>
Package pdftex.def Info: refman.pdf , page53 used on input line 1511.
(pdftex.def)             Requested size: 597.53416pt x 845.08372pt.
File: refman.pdf Graphic file (type pdf)
<use refman.pdf, page 53>
Package pdftex.def Info: refman.pdf , page53 used on input line 1511.
(pdftex.def)             Requested size: 597.53416pt x 845.08372pt.
[111

 <./refman.pdf>]

pdfTeX warning: pdflatex (file ./refman.pdf): PDF inclusion: found PDF version <1.7>, but at most version <1.5> allowed
<refman.pdf, id=1321, page=54, 597.50829pt x 845.0471pt>
File: refman.pdf Graphic file (type pdf)
<use refman.pdf, page 54>
Package pdftex.def Info: refman.pdf , page54 used on input line 1511.
(pdftex.def)             Requested size: 597.53416pt x 845.08372pt.
File: refman.pdf Graphic file (type pdf)
<use refman.pdf, page 54>
Package pdftex.def Info: refman.pdf , page54 used on input line 1511.
(pdftex.def)             Requested size: 597.53416pt x 845.08372pt.
File: refman.pdf Graphic file (type pdf)
<use refman.pdf, page 54>
Package pdftex.def Info: refman.pdf , page54 used on input line 1511.
(pdftex.def)             Requested size: 597.53416pt x 845.08372pt.
[112

 <./refman.pdf>]

pdfTeX warning: pdflatex (file ./refman.pdf): PDF inclusion: found PDF version <1.7>, but at most version <1.5> allowed
<refman.pdf, id=1327, page=55, 597.50829pt x 845.0471pt>
File: refman.pdf Graphic file (type pdf)
<use refman.pdf, page 55>
Package pdftex.def Info: refman.pdf , page55 used on input line 1511.
(pdftex.def)             Requested size: 597.53416pt x 845.08372pt.
File: refman.pdf Graphic file (type pdf)
<use refman.pdf, page 55>
Package pdftex.def Info: refman.pdf , page55 used on input line 1511.
(pdftex.def)             Requested size: 597.53416pt x 845.08372pt.
File: refman.pdf Graphic file (type pdf)
<use refman.pdf, page 55>
Package pdftex.def Info: refman.pdf , page55 used on input line 1511.
(pdftex.def)             Requested size: 597.53416pt x 845.08372pt.
[113

 <./refman.pdf>]

pdfTeX warning: pdflatex (file ./refman.pdf): PDF inclusion: found PDF version <1.7>, but at most version <1.5> allowed
<refman.pdf, id=1332, page=56, 597.50829pt x 845.0471pt>
File: refman.pdf Graphic file (type pdf)
<use refman.pdf, page 56>
Package pdftex.def Info: refman.pdf , page56 used on input line 1511.
(pdftex.def)             Requested size: 597.53416pt x 845.08372pt.
File: refman.pdf Graphic file (type pdf)
<use refman.pdf, page 56>
Package pdftex.def Info: refman.pdf , page56 used on input line 1511.
(pdftex.def)             Requested size: 597.53416pt x 845.08372pt.
File: refman.pdf Graphic file (type pdf)
<use refman.pdf, page 56>
Package pdftex.def Info: refman.pdf , page56 used on input line 1511.
(pdftex.def)             Requested size: 597.53416pt x 845.08372pt.
[114

 <./refman.pdf>]

pdfTeX warning: pdflatex (file ./refman.pdf): PDF inclusion: found PDF version <1.7>, but at most version <1.5> allowed
<refman.pdf, id=1337, page=57, 597.50829pt x 845.0471pt>
File: refman.pdf Graphic file (type pdf)
<use refman.pdf, page 57>
Package pdftex.def Info: refman.pdf , page57 used on input line 1511.
(pdftex.def)             Requested size: 597.53416pt x 845.08372pt.
File: refman.pdf Graphic file (type pdf)
<use refman.pdf, page 57>
Package pdftex.def Info: refman.pdf , page57 used on input line 1511.
(pdftex.def)             Requested size: 597.53416pt x 845.08372pt.
File: refman.pdf Graphic file (type pdf)
<use refman.pdf, page 57>
Package pdftex.def Info: refman.pdf , page57 used on input line 1511.
(pdftex.def)             Requested size: 597.53416pt x 845.08372pt.
[115

 <./refman.pdf>]

pdfTeX warning: pdflatex (file ./refman.pdf): PDF inclusion: found PDF version <1.7>, but at most version <1.5> allowed
<refman.pdf, id=1342, page=58, 597.50829pt x 845.0471pt>
File: refman.pdf Graphic file (type pdf)
<use refman.pdf, page 58>
Package pdftex.def Info: refman.pdf , page58 used on input line 1511.
(pdftex.def)             Requested size: 597.53416pt x 845.08372pt.
File: refman.pdf Graphic file (type pdf)
<use refman.pdf, page 58>
Package pdftex.def Info: refman.pdf , page58 used on input line 1511.
(pdftex.def)             Requested size: 597.53416pt x 845.08372pt.
File: refman.pdf Graphic file (type pdf)
<use refman.pdf, page 58>
Package pdftex.def Info: refman.pdf , page58 used on input line 1511.
(pdftex.def)             Requested size: 597.53416pt x 845.08372pt.
[116

 <./refman.pdf>]

pdfTeX warning: pdflatex (file ./refman.pdf): PDF inclusion: found PDF version <1.7>, but at most version <1.5> allowed
<refman.pdf, id=1347, page=59, 597.50829pt x 845.0471pt>
File: refman.pdf Graphic file (type pdf)
<use refman.pdf, page 59>
Package pdftex.def Info: refman.pdf , page59 used on input line 1511.
(pdftex.def)             Requested size: 597.53416pt x 845.08372pt.
File: refman.pdf Graphic file (type pdf)
<use refman.pdf, page 59>
Package pdftex.def Info: refman.pdf , page59 used on input line 1511.
(pdftex.def)             Requested size: 597.53416pt x 845.08372pt.
File: refman.pdf Graphic file (type pdf)
<use refman.pdf, page 59>
Package pdftex.def Info: refman.pdf , page59 used on input line 1511.
(pdftex.def)             Requested size: 597.53416pt x 845.08372pt.
[117

 <./refman.pdf>]

pdfTeX warning: pdflatex (file ./refman.pdf): PDF inclusion: found PDF version <1.7>, but at most version <1.5> allowed
<refman.pdf, id=1352, page=60, 597.50829pt x 845.0471pt>
File: refman.pdf Graphic file (type pdf)
<use refman.pdf, page 60>
Package pdftex.def Info: refman.pdf , page60 used on input line 1511.
(pdftex.def)             Requested size: 597.53416pt x 845.08372pt.
File: refman.pdf Graphic file (type pdf)
<use refman.pdf, page 60>
Package pdftex.def Info: refman.pdf , page60 used on input line 1511.
(pdftex.def)             Requested size: 597.53416pt x 845.08372pt.
File: refman.pdf Graphic file (type pdf)
<use refman.pdf, page 60>
Package pdftex.def Info: refman.pdf , page60 used on input line 1511.
(pdftex.def)             Requested size: 597.53416pt x 845.08372pt.
[118

 <./refman.pdf>]

pdfTeX warning: pdflatex (file ./refman.pdf): PDF inclusion: found PDF version <1.7>, but at most version <1.5> allowed
<refman.pdf, id=1363, page=61, 597.50829pt x 845.0471pt>
File: refman.pdf Graphic file (type pdf)
<use refman.pdf, page 61>
Package pdftex.def Info: refman.pdf , page61 used on input line 1511.
(pdftex.def)             Requested size: 597.53416pt x 845.08372pt.
File: refman.pdf Graphic file (type pdf)
<use refman.pdf, page 61>
Package pdftex.def Info: refman.pdf , page61 used on input line 1511.
(pdftex.def)             Requested size: 597.53416pt x 845.08372pt.
File: refman.pdf Graphic file (type pdf)
<use refman.pdf, page 61>
Package pdftex.def Info: refman.pdf , page61 used on input line 1511.
(pdftex.def)             Requested size: 597.53416pt x 845.08372pt.
[119

 <./refman.pdf>]

pdfTeX warning: pdflatex (file ./refman.pdf): PDF inclusion: found PDF version <1.7>, but at most version <1.5> allowed
<refman.pdf, id=1368, page=62, 597.50829pt x 845.0471pt>
File: refman.pdf Graphic file (type pdf)
<use refman.pdf, page 62>
Package pdftex.def Info: refman.pdf , page62 used on input line 1511.
(pdftex.def)             Requested size: 597.53416pt x 845.08372pt.
File: refman.pdf Graphic file (type pdf)
<use refman.pdf, page 62>
Package pdftex.def Info: refman.pdf , page62 used on input line 1511.
(pdftex.def)             Requested size: 597.53416pt x 845.08372pt.
File: refman.pdf Graphic file (type pdf)
<use refman.pdf, page 62>
Package pdftex.def Info: refman.pdf , page62 used on input line 1511.
(pdftex.def)             Requested size: 597.53416pt x 845.08372pt.
[120

 <./refman.pdf>]

pdfTeX warning: pdflatex (file ./refman.pdf): PDF inclusion: found PDF version <1.7>, but at most version <1.5> allowed
<refman.pdf, id=1373, page=63, 597.50829pt x 845.0471pt>
File: refman.pdf Graphic file (type pdf)
<use refman.pdf, page 63>
Package pdftex.def Info: refman.pdf , page63 used on input line 1511.
(pdftex.def)             Requested size: 597.53416pt x 845.08372pt.
File: refman.pdf Graphic file (type pdf)
<use refman.pdf, page 63>
Package pdftex.def Info: refman.pdf , page63 used on input line 1511.
(pdftex.def)             Requested size: 597.53416pt x 845.08372pt.
File: refman.pdf Graphic file (type pdf)
<use refman.pdf, page 63>
Package pdftex.def Info: refman.pdf , page63 used on input line 1511.
(pdftex.def)             Requested size: 597.53416pt x 845.08372pt.
[121

 <./refman.pdf>]

pdfTeX warning: pdflatex (file ./refman.pdf): PDF inclusion: found PDF version <1.7>, but at most version <1.5> allowed
<refman.pdf, id=1378, page=64, 597.50829pt x 845.0471pt>
File: refman.pdf Graphic file (type pdf)
<use refman.pdf, page 64>
Package pdftex.def Info: refman.pdf , page64 used on input line 1511.
(pdftex.def)             Requested size: 597.53416pt x 845.08372pt.
File: refman.pdf Graphic file (type pdf)
<use refman.pdf, page 64>
Package pdftex.def Info: refman.pdf , page64 used on input line 1511.
(pdftex.def)             Requested size: 597.53416pt x 845.08372pt.
File: refman.pdf Graphic file (type pdf)
<use refman.pdf, page 64>
Package pdftex.def Info: refman.pdf , page64 used on input line 1511.
(pdftex.def)             Requested size: 597.53416pt x 845.08372pt.
[122

 <./refman.pdf>]

pdfTeX warning: pdflatex (file ./refman.pdf): PDF inclusion: found PDF version <1.7>, but at most version <1.5> allowed
<refman.pdf, id=1383, page=65, 597.50829pt x 845.0471pt>
File: refman.pdf Graphic file (type pdf)
<use refman.pdf, page 65>
Package pdftex.def Info: refman.pdf , page65 used on input line 1511.
(pdftex.def)             Requested size: 597.53416pt x 845.08372pt.
File: refman.pdf Graphic file (type pdf)
<use refman.pdf, page 65>
Package pdftex.def Info: refman.pdf , page65 used on input line 1511.
(pdftex.def)             Requested size: 597.53416pt x 845.08372pt.
File: refman.pdf Graphic file (type pdf)
<use refman.pdf, page 65>
Package pdftex.def Info: refman.pdf , page65 used on input line 1511.
(pdftex.def)             Requested size: 597.53416pt x 845.08372pt.
[123

 <./refman.pdf>]

pdfTeX warning: pdflatex (file ./refman.pdf): PDF inclusion: found PDF version <1.7>, but at most version <1.5> allowed
<refman.pdf, id=1388, page=66, 597.50829pt x 845.0471pt>
File: refman.pdf Graphic file (type pdf)
<use refman.pdf, page 66>
Package pdftex.def Info: refman.pdf , page66 used on input line 1511.
(pdftex.def)             Requested size: 597.53416pt x 845.08372pt.
File: refman.pdf Graphic file (type pdf)
<use refman.pdf, page 66>
Package pdftex.def Info: refman.pdf , page66 used on input line 1511.
(pdftex.def)             Requested size: 597.53416pt x 845.08372pt.
File: refman.pdf Graphic file (type pdf)
<use refman.pdf, page 66>
Package pdftex.def Info: refman.pdf , page66 used on input line 1511.
(pdftex.def)             Requested size: 597.53416pt x 845.08372pt.
[124

 <./refman.pdf>]

pdfTeX warning: pdflatex (file ./refman.pdf): PDF inclusion: found PDF version <1.7>, but at most version <1.5> allowed
<refman.pdf, id=1394, page=67, 597.50829pt x 845.0471pt>
File: refman.pdf Graphic file (type pdf)
<use refman.pdf, page 67>
Package pdftex.def Info: refman.pdf , page67 used on input line 1511.
(pdftex.def)             Requested size: 597.53416pt x 845.08372pt.
File: refman.pdf Graphic file (type pdf)
<use refman.pdf, page 67>
Package pdftex.def Info: refman.pdf , page67 used on input line 1511.
(pdftex.def)             Requested size: 597.53416pt x 845.08372pt.
File: refman.pdf Graphic file (type pdf)
<use refman.pdf, page 67>
Package pdftex.def Info: refman.pdf , page67 used on input line 1511.
(pdftex.def)             Requested size: 597.53416pt x 845.08372pt.
[125

 <./refman.pdf>]

pdfTeX warning: pdflatex (file ./refman.pdf): PDF inclusion: found PDF version <1.7>, but at most version <1.5> allowed
<refman.pdf, id=1399, page=68, 597.50829pt x 845.0471pt>
File: refman.pdf Graphic file (type pdf)
<use refman.pdf, page 68>
Package pdftex.def Info: refman.pdf , page68 used on input line 1511.
(pdftex.def)             Requested size: 597.53416pt x 845.08372pt.
File: refman.pdf Graphic file (type pdf)
<use refman.pdf, page 68>
Package pdftex.def Info: refman.pdf , page68 used on input line 1511.
(pdftex.def)             Requested size: 597.53416pt x 845.08372pt.
File: refman.pdf Graphic file (type pdf)
<use refman.pdf, page 68>
Package pdftex.def Info: refman.pdf , page68 used on input line 1511.
(pdftex.def)             Requested size: 597.53416pt x 845.08372pt.
[126

 <./refman.pdf>]

pdfTeX warning: pdflatex (file ./refman.pdf): PDF inclusion: found PDF version <1.7>, but at most version <1.5> allowed
<refman.pdf, id=1404, page=69, 597.50829pt x 845.0471pt>
File: refman.pdf Graphic file (type pdf)
<use refman.pdf, page 69>
Package pdftex.def Info: refman.pdf , page69 used on input line 1511.
(pdftex.def)             Requested size: 597.53416pt x 845.08372pt.
File: refman.pdf Graphic file (type pdf)
<use refman.pdf, page 69>
Package pdftex.def Info: refman.pdf , page69 used on input line 1511.
(pdftex.def)             Requested size: 597.53416pt x 845.08372pt.
File: refman.pdf Graphic file (type pdf)
<use refman.pdf, page 69>
Package pdftex.def Info: refman.pdf , page69 used on input line 1511.
(pdftex.def)             Requested size: 597.53416pt x 845.08372pt.
[127

 <./refman.pdf>]

pdfTeX warning: pdflatex (file ./refman.pdf): PDF inclusion: found PDF version <1.7>, but at most version <1.5> allowed
<refman.pdf, id=1409, page=70, 597.50829pt x 845.0471pt>
File: refman.pdf Graphic file (type pdf)
<use refman.pdf, page 70>
Package pdftex.def Info: refman.pdf , page70 used on input line 1511.
(pdftex.def)             Requested size: 597.53416pt x 845.08372pt.
File: refman.pdf Graphic file (type pdf)
<use refman.pdf, page 70>
Package pdftex.def Info: refman.pdf , page70 used on input line 1511.
(pdftex.def)             Requested size: 597.53416pt x 845.08372pt.
File: refman.pdf Graphic file (type pdf)
<use refman.pdf, page 70>
Package pdftex.def Info: refman.pdf , page70 used on input line 1511.
(pdftex.def)             Requested size: 597.53416pt x 845.08372pt.
[128

 <./refman.pdf>]

pdfTeX warning: pdflatex (file ./refman.pdf): PDF inclusion: found PDF version <1.7>, but at most version <1.5> allowed
<refman.pdf, id=1414, page=71, 597.50829pt x 845.0471pt>
File: refman.pdf Graphic file (type pdf)
<use refman.pdf, page 71>
Package pdftex.def Info: refman.pdf , page71 used on input line 1511.
(pdftex.def)             Requested size: 597.53416pt x 845.08372pt.
File: refman.pdf Graphic file (type pdf)
<use refman.pdf, page 71>
Package pdftex.def Info: refman.pdf , page71 used on input line 1511.
(pdftex.def)             Requested size: 597.53416pt x 845.08372pt.
File: refman.pdf Graphic file (type pdf)
<use refman.pdf, page 71>
Package pdftex.def Info: refman.pdf , page71 used on input line 1511.
(pdftex.def)             Requested size: 597.53416pt x 845.08372pt.
[129

 <./refman.pdf>]

pdfTeX warning: pdflatex (file ./refman.pdf): PDF inclusion: found PDF version <1.7>, but at most version <1.5> allowed
<refman.pdf, id=1419, page=72, 597.50829pt x 845.0471pt>
File: refman.pdf Graphic file (type pdf)
<use refman.pdf, page 72>
Package pdftex.def Info: refman.pdf , page72 used on input line 1511.
(pdftex.def)             Requested size: 597.53416pt x 845.08372pt.
File: refman.pdf Graphic file (type pdf)
<use refman.pdf, page 72>
Package pdftex.def Info: refman.pdf , page72 used on input line 1511.
(pdftex.def)             Requested size: 597.53416pt x 845.08372pt.
File: refman.pdf Graphic file (type pdf)
<use refman.pdf, page 72>
Package pdftex.def Info: refman.pdf , page72 used on input line 1511.
(pdftex.def)             Requested size: 597.53416pt x 845.08372pt.
[130

 <./refman.pdf>]

pdfTeX warning: pdflatex (file ./refman.pdf): PDF inclusion: found PDF version <1.7>, but at most version <1.5> allowed
<refman.pdf, id=1425, page=73, 597.50829pt x 845.0471pt>
File: refman.pdf Graphic file (type pdf)
<use refman.pdf, page 73>
Package pdftex.def Info: refman.pdf , page73 used on input line 1511.
(pdftex.def)             Requested size: 597.53416pt x 845.08372pt.
File: refman.pdf Graphic file (type pdf)
<use refman.pdf, page 73>
Package pdftex.def Info: refman.pdf , page73 used on input line 1511.
(pdftex.def)             Requested size: 597.53416pt x 845.08372pt.
File: refman.pdf Graphic file (type pdf)
<use refman.pdf, page 73>
Package pdftex.def Info: refman.pdf , page73 used on input line 1511.
(pdftex.def)             Requested size: 597.53416pt x 845.08372pt.
[131

 <./refman.pdf>]

pdfTeX warning: pdflatex (file ./refman.pdf): PDF inclusion: found PDF version <1.7>, but at most version <1.5> allowed
<refman.pdf, id=1430, page=74, 597.50829pt x 845.0471pt>
File: refman.pdf Graphic file (type pdf)
<use refman.pdf, page 74>
Package pdftex.def Info: refman.pdf , page74 used on input line 1511.
(pdftex.def)             Requested size: 597.53416pt x 845.08372pt.
File: refman.pdf Graphic file (type pdf)
<use refman.pdf, page 74>
Package pdftex.def Info: refman.pdf , page74 used on input line 1511.
(pdftex.def)             Requested size: 597.53416pt x 845.08372pt.
File: refman.pdf Graphic file (type pdf)
<use refman.pdf, page 74>
Package pdftex.def Info: refman.pdf , page74 used on input line 1511.
(pdftex.def)             Requested size: 597.53416pt x 845.08372pt.
[132

 <./refman.pdf>]

pdfTeX warning: pdflatex (file ./refman.pdf): PDF inclusion: found PDF version <1.7>, but at most version <1.5> allowed
<refman.pdf, id=1435, page=75, 597.50829pt x 845.0471pt>
File: refman.pdf Graphic file (type pdf)
<use refman.pdf, page 75>
Package pdftex.def Info: refman.pdf , page75 used on input line 1511.
(pdftex.def)             Requested size: 597.53416pt x 845.08372pt.
File: refman.pdf Graphic file (type pdf)
<use refman.pdf, page 75>
Package pdftex.def Info: refman.pdf , page75 used on input line 1511.
(pdftex.def)             Requested size: 597.53416pt x 845.08372pt.
File: refman.pdf Graphic file (type pdf)
<use refman.pdf, page 75>
Package pdftex.def Info: refman.pdf , page75 used on input line 1511.
(pdftex.def)             Requested size: 597.53416pt x 845.08372pt.
[133

 <./refman.pdf>]

pdfTeX warning: pdflatex (file ./refman.pdf): PDF inclusion: found PDF version <1.7>, but at most version <1.5> allowed
<refman.pdf, id=1440, page=76, 597.50829pt x 845.0471pt>
File: refman.pdf Graphic file (type pdf)
<use refman.pdf, page 76>
Package pdftex.def Info: refman.pdf , page76 used on input line 1511.
(pdftex.def)             Requested size: 597.53416pt x 845.08372pt.
File: refman.pdf Graphic file (type pdf)
<use refman.pdf, page 76>
Package pdftex.def Info: refman.pdf , page76 used on input line 1511.
(pdftex.def)             Requested size: 597.53416pt x 845.08372pt.
File: refman.pdf Graphic file (type pdf)
<use refman.pdf, page 76>
Package pdftex.def Info: refman.pdf , page76 used on input line 1511.
(pdftex.def)             Requested size: 597.53416pt x 845.08372pt.
[134

 <./refman.pdf>]

pdfTeX warning: pdflatex (file ./refman.pdf): PDF inclusion: found PDF version <1.7>, but at most version <1.5> allowed
<refman.pdf, id=1445, page=77, 597.50829pt x 845.0471pt>
File: refman.pdf Graphic file (type pdf)
<use refman.pdf, page 77>
Package pdftex.def Info: refman.pdf , page77 used on input line 1511.
(pdftex.def)             Requested size: 597.53416pt x 845.08372pt.
File: refman.pdf Graphic file (type pdf)
<use refman.pdf, page 77>
Package pdftex.def Info: refman.pdf , page77 used on input line 1511.
(pdftex.def)             Requested size: 597.53416pt x 845.08372pt.
File: refman.pdf Graphic file (type pdf)
<use refman.pdf, page 77>
Package pdftex.def Info: refman.pdf , page77 used on input line 1511.
(pdftex.def)             Requested size: 597.53416pt x 845.08372pt.
[135

 <./refman.pdf>]

pdfTeX warning: pdflatex (file ./refman.pdf): PDF inclusion: found PDF version <1.7>, but at most version <1.5> allowed
<refman.pdf, id=1450, page=78, 597.50829pt x 845.0471pt>
File: refman.pdf Graphic file (type pdf)
<use refman.pdf, page 78>
Package pdftex.def Info: refman.pdf , page78 used on input line 1511.
(pdftex.def)             Requested size: 597.53416pt x 845.08372pt.
File: refman.pdf Graphic file (type pdf)
<use refman.pdf, page 78>
Package pdftex.def Info: refman.pdf , page78 used on input line 1511.
(pdftex.def)             Requested size: 597.53416pt x 845.08372pt.
File: refman.pdf Graphic file (type pdf)
<use refman.pdf, page 78>
Package pdftex.def Info: refman.pdf , page78 used on input line 1511.
(pdftex.def)             Requested size: 597.53416pt x 845.08372pt.
[136

 <./refman.pdf>]

pdfTeX warning: pdflatex (file ./refman.pdf): PDF inclusion: found PDF version <1.7>, but at most version <1.5> allowed
<refman.pdf, id=1456, page=79, 597.50829pt x 845.0471pt>
File: refman.pdf Graphic file (type pdf)
<use refman.pdf, page 79>
Package pdftex.def Info: refman.pdf , page79 used on input line 1511.
(pdftex.def)             Requested size: 597.53416pt x 845.08372pt.
File: refman.pdf Graphic file (type pdf)
<use refman.pdf, page 79>
Package pdftex.def Info: refman.pdf , page79 used on input line 1511.
(pdftex.def)             Requested size: 597.53416pt x 845.08372pt.
File: refman.pdf Graphic file (type pdf)
<use refman.pdf, page 79>
Package pdftex.def Info: refman.pdf , page79 used on input line 1511.
(pdftex.def)             Requested size: 597.53416pt x 845.08372pt.
[137

 <./refman.pdf>]

pdfTeX warning: pdflatex (file ./refman.pdf): PDF inclusion: found PDF version <1.7>, but at most version <1.5> allowed
<refman.pdf, id=1461, page=80, 597.50829pt x 845.0471pt>
File: refman.pdf Graphic file (type pdf)
<use refman.pdf, page 80>
Package pdftex.def Info: refman.pdf , page80 used on input line 1511.
(pdftex.def)             Requested size: 597.53416pt x 845.08372pt.
File: refman.pdf Graphic file (type pdf)
<use refman.pdf, page 80>
Package pdftex.def Info: refman.pdf , page80 used on input line 1511.
(pdftex.def)             Requested size: 597.53416pt x 845.08372pt.
File: refman.pdf Graphic file (type pdf)
<use refman.pdf, page 80>
Package pdftex.def Info: refman.pdf , page80 used on input line 1511.
(pdftex.def)             Requested size: 597.53416pt x 845.08372pt.
[138

 <./refman.pdf>]

pdfTeX warning: pdflatex (file ./refman.pdf): PDF inclusion: found PDF version <1.7>, but at most version <1.5> allowed
<refman.pdf, id=1466, page=81, 597.50829pt x 845.0471pt>
File: refman.pdf Graphic file (type pdf)
<use refman.pdf, page 81>
Package pdftex.def Info: refman.pdf , page81 used on input line 1511.
(pdftex.def)             Requested size: 597.53416pt x 845.08372pt.
File: refman.pdf Graphic file (type pdf)
<use refman.pdf, page 81>
Package pdftex.def Info: refman.pdf , page81 used on input line 1511.
(pdftex.def)             Requested size: 597.53416pt x 845.08372pt.
File: refman.pdf Graphic file (type pdf)
<use refman.pdf, page 81>
Package pdftex.def Info: refman.pdf , page81 used on input line 1511.
(pdftex.def)             Requested size: 597.53416pt x 845.08372pt.
[139

 <./refman.pdf>]

pdfTeX warning: pdflatex (file ./refman.pdf): PDF inclusion: found PDF version <1.7>, but at most version <1.5> allowed
<refman.pdf, id=1471, page=82, 597.50829pt x 845.0471pt>
File: refman.pdf Graphic file (type pdf)
<use refman.pdf, page 82>
Package pdftex.def Info: refman.pdf , page82 used on input line 1511.
(pdftex.def)             Requested size: 597.53416pt x 845.08372pt.
File: refman.pdf Graphic file (type pdf)
<use refman.pdf, page 82>
Package pdftex.def Info: refman.pdf , page82 used on input line 1511.
(pdftex.def)             Requested size: 597.53416pt x 845.08372pt.
File: refman.pdf Graphic file (type pdf)
<use refman.pdf, page 82>
Package pdftex.def Info: refman.pdf , page82 used on input line 1511.
(pdftex.def)             Requested size: 597.53416pt x 845.08372pt.
[140

 <./refman.pdf>]

pdfTeX warning: pdflatex (file ./refman.pdf): PDF inclusion: found PDF version <1.7>, but at most version <1.5> allowed
<refman.pdf, id=1476, page=83, 597.50829pt x 845.0471pt>
File: refman.pdf Graphic file (type pdf)
<use refman.pdf, page 83>
Package pdftex.def Info: refman.pdf , page83 used on input line 1511.
(pdftex.def)             Requested size: 597.53416pt x 845.08372pt.
File: refman.pdf Graphic file (type pdf)
<use refman.pdf, page 83>
Package pdftex.def Info: refman.pdf , page83 used on input line 1511.
(pdftex.def)             Requested size: 597.53416pt x 845.08372pt.
File: refman.pdf Graphic file (type pdf)
<use refman.pdf, page 83>
Package pdftex.def Info: refman.pdf , page83 used on input line 1511.
(pdftex.def)             Requested size: 597.53416pt x 845.08372pt.
[141

 <./refman.pdf>]

pdfTeX warning: pdflatex (file ./refman.pdf): PDF inclusion: found PDF version <1.7>, but at most version <1.5> allowed
<refman.pdf, id=1481, page=84, 597.50829pt x 845.0471pt>
File: refman.pdf Graphic file (type pdf)
<use refman.pdf, page 84>
Package pdftex.def Info: refman.pdf , page84 used on input line 1511.
(pdftex.def)             Requested size: 597.53416pt x 845.08372pt.
File: refman.pdf Graphic file (type pdf)
<use refman.pdf, page 84>
Package pdftex.def Info: refman.pdf , page84 used on input line 1511.
(pdftex.def)             Requested size: 597.53416pt x 845.08372pt.
File: refman.pdf Graphic file (type pdf)
<use refman.pdf, page 84>
Package pdftex.def Info: refman.pdf , page84 used on input line 1511.
(pdftex.def)             Requested size: 597.53416pt x 845.08372pt.
[142

 <./refman.pdf>]

pdfTeX warning: pdflatex (file ./refman.pdf): PDF inclusion: found PDF version <1.7>, but at most version <1.5> allowed
<refman.pdf, id=1487, page=85, 597.50829pt x 845.0471pt>
File: refman.pdf Graphic file (type pdf)
<use refman.pdf, page 85>
Package pdftex.def Info: refman.pdf , page85 used on input line 1511.
(pdftex.def)             Requested size: 597.53416pt x 845.08372pt.
File: refman.pdf Graphic file (type pdf)
<use refman.pdf, page 85>
Package pdftex.def Info: refman.pdf , page85 used on input line 1511.
(pdftex.def)             Requested size: 597.53416pt x 845.08372pt.
File: refman.pdf Graphic file (type pdf)
<use refman.pdf, page 85>
Package pdftex.def Info: refman.pdf , page85 used on input line 1511.
(pdftex.def)             Requested size: 597.53416pt x 845.08372pt.
[143

 <./refman.pdf>]

pdfTeX warning: pdflatex (file ./refman.pdf): PDF inclusion: found PDF version <1.7>, but at most version <1.5> allowed
<refman.pdf, id=1492, page=86, 597.50829pt x 845.0471pt>
File: refman.pdf Graphic file (type pdf)
<use refman.pdf, page 86>
Package pdftex.def Info: refman.pdf , page86 used on input line 1511.
(pdftex.def)             Requested size: 597.53416pt x 845.08372pt.
File: refman.pdf Graphic file (type pdf)
<use refman.pdf, page 86>
Package pdftex.def Info: refman.pdf , page86 used on input line 1511.
(pdftex.def)             Requested size: 597.53416pt x 845.08372pt.
File: refman.pdf Graphic file (type pdf)
<use refman.pdf, page 86>
Package pdftex.def Info: refman.pdf , page86 used on input line 1511.
(pdftex.def)             Requested size: 597.53416pt x 845.08372pt.
[144

 <./refman.pdf>]

pdfTeX warning: pdflatex (file ./refman.pdf): PDF inclusion: found PDF version <1.7>, but at most version <1.5> allowed
<refman.pdf, id=1497, page=87, 597.50829pt x 845.0471pt>
File: refman.pdf Graphic file (type pdf)
<use refman.pdf, page 87>
Package pdftex.def Info: refman.pdf , page87 used on input line 1511.
(pdftex.def)             Requested size: 597.53416pt x 845.08372pt.
File: refman.pdf Graphic file (type pdf)
<use refman.pdf, page 87>
Package pdftex.def Info: refman.pdf , page87 used on input line 1511.
(pdftex.def)             Requested size: 597.53416pt x 845.08372pt.
File: refman.pdf Graphic file (type pdf)
<use refman.pdf, page 87>
Package pdftex.def Info: refman.pdf , page87 used on input line 1511.
(pdftex.def)             Requested size: 597.53416pt x 845.08372pt.
[145

 <./refman.pdf>]

pdfTeX warning: pdflatex (file ./refman.pdf): PDF inclusion: found PDF version <1.7>, but at most version <1.5> allowed
<refman.pdf, id=1502, page=88, 597.50829pt x 845.0471pt>
File: refman.pdf Graphic file (type pdf)
<use refman.pdf, page 88>
Package pdftex.def Info: refman.pdf , page88 used on input line 1511.
(pdftex.def)             Requested size: 597.53416pt x 845.08372pt.
File: refman.pdf Graphic file (type pdf)
<use refman.pdf, page 88>
Package pdftex.def Info: refman.pdf , page88 used on input line 1511.
(pdftex.def)             Requested size: 597.53416pt x 845.08372pt.
File: refman.pdf Graphic file (type pdf)
<use refman.pdf, page 88>
Package pdftex.def Info: refman.pdf , page88 used on input line 1511.
(pdftex.def)             Requested size: 597.53416pt x 845.08372pt.
[146

 <./refman.pdf>]

pdfTeX warning: pdflatex (file ./refman.pdf): PDF inclusion: found PDF version <1.7>, but at most version <1.5> allowed
<refman.pdf, id=1507, page=89, 597.50829pt x 845.0471pt>
File: refman.pdf Graphic file (type pdf)
<use refman.pdf, page 89>
Package pdftex.def Info: refman.pdf , page89 used on input line 1511.
(pdftex.def)             Requested size: 597.53416pt x 845.08372pt.
File: refman.pdf Graphic file (type pdf)
<use refman.pdf, page 89>
Package pdftex.def Info: refman.pdf , page89 used on input line 1511.
(pdftex.def)             Requested size: 597.53416pt x 845.08372pt.
File: refman.pdf Graphic file (type pdf)
<use refman.pdf, page 89>
Package pdftex.def Info: refman.pdf , page89 used on input line 1511.
(pdftex.def)             Requested size: 597.53416pt x 845.08372pt.
[147

 <./refman.pdf>]

pdfTeX warning: pdflatex (file ./refman.pdf): PDF inclusion: found PDF version <1.7>, but at most version <1.5> allowed
<refman.pdf, id=1512, page=90, 597.50829pt x 845.0471pt>
File: refman.pdf Graphic file (type pdf)
<use refman.pdf, page 90>
Package pdftex.def Info: refman.pdf , page90 used on input line 1511.
(pdftex.def)             Requested size: 597.53416pt x 845.08372pt.
File: refman.pdf Graphic file (type pdf)
<use refman.pdf, page 90>
Package pdftex.def Info: refman.pdf , page90 used on input line 1511.
(pdftex.def)             Requested size: 597.53416pt x 845.08372pt.
File: refman.pdf Graphic file (type pdf)
<use refman.pdf, page 90>
Package pdftex.def Info: refman.pdf , page90 used on input line 1511.
(pdftex.def)             Requested size: 597.53416pt x 845.08372pt.
[148

 <./refman.pdf>]

pdfTeX warning: pdflatex (file ./refman.pdf): PDF inclusion: found PDF version <1.7>, but at most version <1.5> allowed
<refman.pdf, id=1518, page=91, 597.50829pt x 845.0471pt>
File: refman.pdf Graphic file (type pdf)
<use refman.pdf, page 91>
Package pdftex.def Info: refman.pdf , page91 used on input line 1511.
(pdftex.def)             Requested size: 597.53416pt x 845.08372pt.
File: refman.pdf Graphic file (type pdf)
<use refman.pdf, page 91>
Package pdftex.def Info: refman.pdf , page91 used on input line 1511.
(pdftex.def)             Requested size: 597.53416pt x 845.08372pt.
File: refman.pdf Graphic file (type pdf)
<use refman.pdf, page 91>
Package pdftex.def Info: refman.pdf , page91 used on input line 1511.
(pdftex.def)             Requested size: 597.53416pt x 845.08372pt.
[149

 <./refman.pdf>]

pdfTeX warning: pdflatex (file ./refman.pdf): PDF inclusion: found PDF version <1.7>, but at most version <1.5> allowed
<refman.pdf, id=1523, page=92, 597.50829pt x 845.0471pt>
File: refman.pdf Graphic file (type pdf)
<use refman.pdf, page 92>
Package pdftex.def Info: refman.pdf , page92 used on input line 1511.
(pdftex.def)             Requested size: 597.53416pt x 845.08372pt.
File: refman.pdf Graphic file (type pdf)
<use refman.pdf, page 92>
Package pdftex.def Info: refman.pdf , page92 used on input line 1511.
(pdftex.def)             Requested size: 597.53416pt x 845.08372pt.
File: refman.pdf Graphic file (type pdf)
<use refman.pdf, page 92>
Package pdftex.def Info: refman.pdf , page92 used on input line 1511.
(pdftex.def)             Requested size: 597.53416pt x 845.08372pt.
[150

 <./refman.pdf>]

pdfTeX warning: pdflatex (file ./refman.pdf): PDF inclusion: found PDF version <1.7>, but at most version <1.5> allowed
<refman.pdf, id=1528, page=93, 597.50829pt x 845.0471pt>
File: refman.pdf Graphic file (type pdf)
<use refman.pdf, page 93>
Package pdftex.def Info: refman.pdf , page93 used on input line 1511.
(pdftex.def)             Requested size: 597.53416pt x 845.08372pt.
File: refman.pdf Graphic file (type pdf)
<use refman.pdf, page 93>
Package pdftex.def Info: refman.pdf , page93 used on input line 1511.
(pdftex.def)             Requested size: 597.53416pt x 845.08372pt.
File: refman.pdf Graphic file (type pdf)
<use refman.pdf, page 93>
Package pdftex.def Info: refman.pdf , page93 used on input line 1511.
(pdftex.def)             Requested size: 597.53416pt x 845.08372pt.
[151

 <./refman.pdf>]

pdfTeX warning: pdflatex (file ./refman.pdf): PDF inclusion: found PDF version <1.7>, but at most version <1.5> allowed
<refman.pdf, id=1533, page=94, 597.50829pt x 845.0471pt>
File: refman.pdf Graphic file (type pdf)
<use refman.pdf, page 94>
Package pdftex.def Info: refman.pdf , page94 used on input line 1511.
(pdftex.def)             Requested size: 597.53416pt x 845.08372pt.
File: refman.pdf Graphic file (type pdf)
<use refman.pdf, page 94>
Package pdftex.def Info: refman.pdf , page94 used on input line 1511.
(pdftex.def)             Requested size: 597.53416pt x 845.08372pt.
File: refman.pdf Graphic file (type pdf)
<use refman.pdf, page 94>
Package pdftex.def Info: refman.pdf , page94 used on input line 1511.
(pdftex.def)             Requested size: 597.53416pt x 845.08372pt.
[152

 <./refman.pdf>]

pdfTeX warning: pdflatex (file ./refman.pdf): PDF inclusion: found PDF version <1.7>, but at most version <1.5> allowed
<refman.pdf, id=1538, page=95, 597.50829pt x 845.0471pt>
File: refman.pdf Graphic file (type pdf)
<use refman.pdf, page 95>
Package pdftex.def Info: refman.pdf , page95 used on input line 1511.
(pdftex.def)             Requested size: 597.53416pt x 845.08372pt.
File: refman.pdf Graphic file (type pdf)
<use refman.pdf, page 95>
Package pdftex.def Info: refman.pdf , page95 used on input line 1511.
(pdftex.def)             Requested size: 597.53416pt x 845.08372pt.
File: refman.pdf Graphic file (type pdf)
<use refman.pdf, page 95>
Package pdftex.def Info: refman.pdf , page95 used on input line 1511.
(pdftex.def)             Requested size: 597.53416pt x 845.08372pt.
[153

 <./refman.pdf>]

pdfTeX warning: pdflatex (file ./refman.pdf): PDF inclusion: found PDF version <1.7>, but at most version <1.5> allowed
<refman.pdf, id=1543, page=96, 597.50829pt x 845.0471pt>
File: refman.pdf Graphic file (type pdf)
<use refman.pdf, page 96>
Package pdftex.def Info: refman.pdf , page96 used on input line 1511.
(pdftex.def)             Requested size: 597.53416pt x 845.08372pt.
File: refman.pdf Graphic file (type pdf)
<use refman.pdf, page 96>
Package pdftex.def Info: refman.pdf , page96 used on input line 1511.
(pdftex.def)             Requested size: 597.53416pt x 845.08372pt.
File: refman.pdf Graphic file (type pdf)
<use refman.pdf, page 96>
Package pdftex.def Info: refman.pdf , page96 used on input line 1511.
(pdftex.def)             Requested size: 597.53416pt x 845.08372pt.
[154

 <./refman.pdf>]

pdfTeX warning: pdflatex (file ./refman.pdf): PDF inclusion: found PDF version <1.7>, but at most version <1.5> allowed
<refman.pdf, id=1549, page=97, 597.50829pt x 845.0471pt>
File: refman.pdf Graphic file (type pdf)
<use refman.pdf, page 97>
Package pdftex.def Info: refman.pdf , page97 used on input line 1511.
(pdftex.def)             Requested size: 597.53416pt x 845.08372pt.
File: refman.pdf Graphic file (type pdf)
<use refman.pdf, page 97>
Package pdftex.def Info: refman.pdf , page97 used on input line 1511.
(pdftex.def)             Requested size: 597.53416pt x 845.08372pt.
File: refman.pdf Graphic file (type pdf)
<use refman.pdf, page 97>
Package pdftex.def Info: refman.pdf , page97 used on input line 1511.
(pdftex.def)             Requested size: 597.53416pt x 845.08372pt.
[155

 <./refman.pdf>]

pdfTeX warning: pdflatex (file ./refman.pdf): PDF inclusion: found PDF version <1.7>, but at most version <1.5> allowed
<refman.pdf, id=1554, page=98, 597.50829pt x 845.0471pt>
File: refman.pdf Graphic file (type pdf)
<use refman.pdf, page 98>
Package pdftex.def Info: refman.pdf , page98 used on input line 1511.
(pdftex.def)             Requested size: 597.53416pt x 845.08372pt.
File: refman.pdf Graphic file (type pdf)
<use refman.pdf, page 98>
Package pdftex.def Info: refman.pdf , page98 used on input line 1511.
(pdftex.def)             Requested size: 597.53416pt x 845.08372pt.
File: refman.pdf Graphic file (type pdf)
<use refman.pdf, page 98>
Package pdftex.def Info: refman.pdf , page98 used on input line 1511.
(pdftex.def)             Requested size: 597.53416pt x 845.08372pt.
[156

 <./refman.pdf>]

pdfTeX warning: pdflatex (file ./refman.pdf): PDF inclusion: found PDF version <1.7>, but at most version <1.5> allowed
<refman.pdf, id=1559, page=99, 597.50829pt x 845.0471pt>
File: refman.pdf Graphic file (type pdf)
<use refman.pdf, page 99>
Package pdftex.def Info: refman.pdf , page99 used on input line 1511.
(pdftex.def)             Requested size: 597.53416pt x 845.08372pt.
File: refman.pdf Graphic file (type pdf)
<use refman.pdf, page 99>
Package pdftex.def Info: refman.pdf , page99 used on input line 1511.
(pdftex.def)             Requested size: 597.53416pt x 845.08372pt.
File: refman.pdf Graphic file (type pdf)
<use refman.pdf, page 99>
Package pdftex.def Info: refman.pdf , page99 used on input line 1511.
(pdftex.def)             Requested size: 597.53416pt x 845.08372pt.
[157

 <./refman.pdf>]

pdfTeX warning: pdflatex (file ./refman.pdf): PDF inclusion: found PDF version <1.7>, but at most version <1.5> allowed
<refman.pdf, id=1564, page=100, 597.50829pt x 845.0471pt>
File: refman.pdf Graphic file (type pdf)
<use refman.pdf, page 100>
Package pdftex.def Info: refman.pdf , page100 used on input line 1511.
(pdftex.def)             Requested size: 597.53416pt x 845.08372pt.
File: refman.pdf Graphic file (type pdf)
<use refman.pdf, page 100>
Package pdftex.def Info: refman.pdf , page100 used on input line 1511.
(pdftex.def)             Requested size: 597.53416pt x 845.08372pt.
File: refman.pdf Graphic file (type pdf)
<use refman.pdf, page 100>
Package pdftex.def Info: refman.pdf , page100 used on input line 1511.
(pdftex.def)             Requested size: 597.53416pt x 845.08372pt.
[158

 <./refman.pdf>]

pdfTeX warning: pdflatex (file ./refman.pdf): PDF inclusion: found PDF version <1.7>, but at most version <1.5> allowed
<refman.pdf, id=1569, page=101, 597.50829pt x 845.0471pt>
File: refman.pdf Graphic file (type pdf)
<use refman.pdf, page 101>
Package pdftex.def Info: refman.pdf , page101 used on input line 1511.
(pdftex.def)             Requested size: 597.53416pt x 845.08372pt.
File: refman.pdf Graphic file (type pdf)
<use refman.pdf, page 101>
Package pdftex.def Info: refman.pdf , page101 used on input line 1511.
(pdftex.def)             Requested size: 597.53416pt x 845.08372pt.
File: refman.pdf Graphic file (type pdf)
<use refman.pdf, page 101>
Package pdftex.def Info: refman.pdf , page101 used on input line 1511.
(pdftex.def)             Requested size: 597.53416pt x 845.08372pt.
[159

 <./refman.pdf>]

pdfTeX warning: pdflatex (file ./refman.pdf): PDF inclusion: found PDF version <1.7>, but at most version <1.5> allowed
<refman.pdf, id=1574, page=102, 597.50829pt x 845.0471pt>
File: refman.pdf Graphic file (type pdf)
<use refman.pdf, page 102>
Package pdftex.def Info: refman.pdf , page102 used on input line 1511.
(pdftex.def)             Requested size: 597.53416pt x 845.08372pt.
File: refman.pdf Graphic file (type pdf)
<use refman.pdf, page 102>
Package pdftex.def Info: refman.pdf , page102 used on input line 1511.
(pdftex.def)             Requested size: 597.53416pt x 845.08372pt.
File: refman.pdf Graphic file (type pdf)
<use refman.pdf, page 102>
Package pdftex.def Info: refman.pdf , page102 used on input line 1511.
(pdftex.def)             Requested size: 597.53416pt x 845.08372pt.
[160

 <./refman.pdf>]

pdfTeX warning: pdflatex (file ./refman.pdf): PDF inclusion: found PDF version <1.7>, but at most version <1.5> allowed
<refman.pdf, id=1580, page=103, 597.50829pt x 845.0471pt>
File: refman.pdf Graphic file (type pdf)
<use refman.pdf, page 103>
Package pdftex.def Info: refman.pdf , page103 used on input line 1511.
(pdftex.def)             Requested size: 597.53416pt x 845.08372pt.
File: refman.pdf Graphic file (type pdf)
<use refman.pdf, page 103>
Package pdftex.def Info: refman.pdf , page103 used on input line 1511.
(pdftex.def)             Requested size: 597.53416pt x 845.08372pt.
File: refman.pdf Graphic file (type pdf)
<use refman.pdf, page 103>
Package pdftex.def Info: refman.pdf , page103 used on input line 1511.
(pdftex.def)             Requested size: 597.53416pt x 845.08372pt.
[161

 <./refman.pdf>]

pdfTeX warning: pdflatex (file ./refman.pdf): PDF inclusion: found PDF version <1.7>, but at most version <1.5> allowed
<refman.pdf, id=1585, page=104, 597.50829pt x 845.0471pt>
File: refman.pdf Graphic file (type pdf)
<use refman.pdf, page 104>
Package pdftex.def Info: refman.pdf , page104 used on input line 1511.
(pdftex.def)             Requested size: 597.53416pt x 845.08372pt.
File: refman.pdf Graphic file (type pdf)
<use refman.pdf, page 104>
Package pdftex.def Info: refman.pdf , page104 used on input line 1511.
(pdftex.def)             Requested size: 597.53416pt x 845.08372pt.
File: refman.pdf Graphic file (type pdf)
<use refman.pdf, page 104>
Package pdftex.def Info: refman.pdf , page104 used on input line 1511.
(pdftex.def)             Requested size: 597.53416pt x 845.08372pt.
[162

 <./refman.pdf>]

pdfTeX warning: pdflatex (file ./refman.pdf): PDF inclusion: found PDF version <1.7>, but at most version <1.5> allowed
<refman.pdf, id=1590, page=105, 597.50829pt x 845.0471pt>
File: refman.pdf Graphic file (type pdf)
<use refman.pdf, page 105>
Package pdftex.def Info: refman.pdf , page105 used on input line 1511.
(pdftex.def)             Requested size: 597.53416pt x 845.08372pt.
File: refman.pdf Graphic file (type pdf)
<use refman.pdf, page 105>
Package pdftex.def Info: refman.pdf , page105 used on input line 1511.
(pdftex.def)             Requested size: 597.53416pt x 845.08372pt.
File: refman.pdf Graphic file (type pdf)
<use refman.pdf, page 105>
Package pdftex.def Info: refman.pdf , page105 used on input line 1511.
(pdftex.def)             Requested size: 597.53416pt x 845.08372pt.
[163

 <./refman.pdf>]

pdfTeX warning: pdflatex (file ./refman.pdf): PDF inclusion: found PDF version <1.7>, but at most version <1.5> allowed
<refman.pdf, id=1595, page=106, 597.50829pt x 845.0471pt>
File: refman.pdf Graphic file (type pdf)
<use refman.pdf, page 106>
Package pdftex.def Info: refman.pdf , page106 used on input line 1511.
(pdftex.def)             Requested size: 597.53416pt x 845.08372pt.
File: refman.pdf Graphic file (type pdf)
<use refman.pdf, page 106>
Package pdftex.def Info: refman.pdf , page106 used on input line 1511.
(pdftex.def)             Requested size: 597.53416pt x 845.08372pt.
File: refman.pdf Graphic file (type pdf)
<use refman.pdf, page 106>
Package pdftex.def Info: refman.pdf , page106 used on input line 1511.
(pdftex.def)             Requested size: 597.53416pt x 845.08372pt.
[164

 <./refman.pdf>]

pdfTeX warning: pdflatex (file ./refman.pdf): PDF inclusion: found PDF version <1.7>, but at most version <1.5> allowed
<refman.pdf, id=1600, page=107, 597.50829pt x 845.0471pt>
File: refman.pdf Graphic file (type pdf)
<use refman.pdf, page 107>
Package pdftex.def Info: refman.pdf , page107 used on input line 1511.
(pdftex.def)             Requested size: 597.53416pt x 845.08372pt.
File: refman.pdf Graphic file (type pdf)
<use refman.pdf, page 107>
Package pdftex.def Info: refman.pdf , page107 used on input line 1511.
(pdftex.def)             Requested size: 597.53416pt x 845.08372pt.
File: refman.pdf Graphic file (type pdf)
<use refman.pdf, page 107>
Package pdftex.def Info: refman.pdf , page107 used on input line 1511.
(pdftex.def)             Requested size: 597.53416pt x 845.08372pt.
[165

 <./refman.pdf>]

pdfTeX warning: pdflatex (file ./refman.pdf): PDF inclusion: found PDF version <1.7>, but at most version <1.5> allowed
<refman.pdf, id=1605, page=108, 597.50829pt x 845.0471pt>
File: refman.pdf Graphic file (type pdf)
<use refman.pdf, page 108>
Package pdftex.def Info: refman.pdf , page108 used on input line 1511.
(pdftex.def)             Requested size: 597.53416pt x 845.08372pt.
File: refman.pdf Graphic file (type pdf)
<use refman.pdf, page 108>
Package pdftex.def Info: refman.pdf , page108 used on input line 1511.
(pdftex.def)             Requested size: 597.53416pt x 845.08372pt.
File: refman.pdf Graphic file (type pdf)
<use refman.pdf, page 108>
Package pdftex.def Info: refman.pdf , page108 used on input line 1511.
(pdftex.def)             Requested size: 597.53416pt x 845.08372pt.
[166

 <./refman.pdf>]

pdfTeX warning: pdflatex (file ./refman.pdf): PDF inclusion: found PDF version <1.7>, but at most version <1.5> allowed
<refman.pdf, id=1611, page=109, 597.50829pt x 845.0471pt>
File: refman.pdf Graphic file (type pdf)
<use refman.pdf, page 109>
Package pdftex.def Info: refman.pdf , page109 used on input line 1511.
(pdftex.def)             Requested size: 597.53416pt x 845.08372pt.
File: refman.pdf Graphic file (type pdf)
<use refman.pdf, page 109>
Package pdftex.def Info: refman.pdf , page109 used on input line 1511.
(pdftex.def)             Requested size: 597.53416pt x 845.08372pt.
File: refman.pdf Graphic file (type pdf)
<use refman.pdf, page 109>
Package pdftex.def Info: refman.pdf , page109 used on input line 1511.
(pdftex.def)             Requested size: 597.53416pt x 845.08372pt.
[167

 <./refman.pdf>]

pdfTeX warning: pdflatex (file ./refman.pdf): PDF inclusion: found PDF version <1.7>, but at most version <1.5> allowed
<refman.pdf, id=1616, page=110, 597.50829pt x 845.0471pt>
File: refman.pdf Graphic file (type pdf)
<use refman.pdf, page 110>
Package pdftex.def Info: refman.pdf , page110 used on input line 1511.
(pdftex.def)             Requested size: 597.53416pt x 845.08372pt.
File: refman.pdf Graphic file (type pdf)
<use refman.pdf, page 110>
Package pdftex.def Info: refman.pdf , page110 used on input line 1511.
(pdftex.def)             Requested size: 597.53416pt x 845.08372pt.
File: refman.pdf Graphic file (type pdf)
<use refman.pdf, page 110>
Package pdftex.def Info: refman.pdf , page110 used on input line 1511.
(pdftex.def)             Requested size: 597.53416pt x 845.08372pt.
[168

 <./refman.pdf>]

pdfTeX warning: pdflatex (file ./refman.pdf): PDF inclusion: found PDF version <1.7>, but at most version <1.5> allowed
<refman.pdf, id=1621, page=111, 597.50829pt x 845.0471pt>
File: refman.pdf Graphic file (type pdf)
<use refman.pdf, page 111>
Package pdftex.def Info: refman.pdf , page111 used on input line 1511.
(pdftex.def)             Requested size: 597.53416pt x 845.08372pt.
File: refman.pdf Graphic file (type pdf)
<use refman.pdf, page 111>
Package pdftex.def Info: refman.pdf , page111 used on input line 1511.
(pdftex.def)             Requested size: 597.53416pt x 845.08372pt.
File: refman.pdf Graphic file (type pdf)
<use refman.pdf, page 111>
Package pdftex.def Info: refman.pdf , page111 used on input line 1511.
(pdftex.def)             Requested size: 597.53416pt x 845.08372pt.
[169

 <./refman.pdf>]

pdfTeX warning: pdflatex (file ./refman.pdf): PDF inclusion: found PDF version <1.7>, but at most version <1.5> allowed
<refman.pdf, id=1626, page=112, 597.50829pt x 845.0471pt>
File: refman.pdf Graphic file (type pdf)
<use refman.pdf, page 112>
Package pdftex.def Info: refman.pdf , page112 used on input line 1511.
(pdftex.def)             Requested size: 597.53416pt x 845.08372pt.
File: refman.pdf Graphic file (type pdf)
<use refman.pdf, page 112>
Package pdftex.def Info: refman.pdf , page112 used on input line 1511.
(pdftex.def)             Requested size: 597.53416pt x 845.08372pt.
File: refman.pdf Graphic file (type pdf)
<use refman.pdf, page 112>
Package pdftex.def Info: refman.pdf , page112 used on input line 1511.
(pdftex.def)             Requested size: 597.53416pt x 845.08372pt.
[170

 <./refman.pdf>]

pdfTeX warning: pdflatex (file ./refman.pdf): PDF inclusion: found PDF version <1.7>, but at most version <1.5> allowed
<refman.pdf, id=1631, page=113, 597.50829pt x 845.0471pt>
File: refman.pdf Graphic file (type pdf)
<use refman.pdf, page 113>
Package pdftex.def Info: refman.pdf , page113 used on input line 1511.
(pdftex.def)             Requested size: 597.53416pt x 845.08372pt.
File: refman.pdf Graphic file (type pdf)
<use refman.pdf, page 113>
Package pdftex.def Info: refman.pdf , page113 used on input line 1511.
(pdftex.def)             Requested size: 597.53416pt x 845.08372pt.
File: refman.pdf Graphic file (type pdf)
<use refman.pdf, page 113>
Package pdftex.def Info: refman.pdf , page113 used on input line 1511.
(pdftex.def)             Requested size: 597.53416pt x 845.08372pt.
[171

 <./refman.pdf>]

pdfTeX warning: pdflatex (file ./refman.pdf): PDF inclusion: found PDF version <1.7>, but at most version <1.5> allowed
<refman.pdf, id=1636, page=114, 597.50829pt x 845.0471pt>
File: refman.pdf Graphic file (type pdf)
<use refman.pdf, page 114>
Package pdftex.def Info: refman.pdf , page114 used on input line 1511.
(pdftex.def)             Requested size: 597.53416pt x 845.08372pt.
File: refman.pdf Graphic file (type pdf)
<use refman.pdf, page 114>
Package pdftex.def Info: refman.pdf , page114 used on input line 1511.
(pdftex.def)             Requested size: 597.53416pt x 845.08372pt.
File: refman.pdf Graphic file (type pdf)
<use refman.pdf, page 114>
Package pdftex.def Info: refman.pdf , page114 used on input line 1511.
(pdftex.def)             Requested size: 597.53416pt x 845.08372pt.
[172

 <./refman.pdf>] (thesis.aux)
 ***********
LaTeX2e <2025-11-01>
L3 programming layer <2025-11-06>
 ***********
 ) 
Here is how much of TeX's memory you used:
 21339 strings out of 467871
 398569 string characters out of 5417407
 950938 words of memory out of 5000000
 49509 multiletter control sequences out of 15000+600000
 700168 words of font info for 84 fonts, out of 8000000 for 9000
 1141 hyphenation exceptions out of 8191
 108i,17n,107p,11323b,665s stack positions out of 10000i,1000n,20000p,200000b,200000s
<C:/Users/Youssef/AppData/Local/Programs/MiKTeX/fonts/type1/public/amsfonts/cm/cmmi12.pfb><C:/Users/Youssef/AppData/Local/Programs/MiKTeX/fonts/type1/public/amsfonts/cm/cmmi7.pfb><C:/Users/Youssef/AppData/Local/Programs/MiKTeX/fonts/type1/public/amsfonts/cm/cmsy10.pfb><C:/Users/Youssef/AppData/Local/Programs/MiKTeX/fonts/type1/public/amsfonts/cm/cmsy7.pfb><C:/Users/Youssef/AppData/Local/Programs/MiKTeX/fonts/type1/public/amsfonts/cm/cmsy8.pfb><C:/Users/Youssef/AppData/Local/Programs/MiKTeX/fonts/type1/public/lm/lmbx12.pfb><C:/Users/Youssef/AppData/Local/Programs/MiKTeX/fonts/type1/public/lm/lmex10.pfb><C:/Users/Youssef/AppData/Local/Programs/MiKTeX/fonts/type1/public/lm/lmmi10.pfb><C:/Users/Youssef/AppData/Local/Programs/MiKTeX/fonts/type1/public/lm/lmmi12.pfb><C:/Users/Youssef/AppData/Local/Programs/MiKTeX/fonts/type1/public/lm/lmmi8.pfb><C:/Users/Youssef/AppData/Local/Programs/MiKTeX/fonts/type1/public/lm/lmr10.pfb><C:/Users/Youssef/AppData/Local/Programs/MiKTeX/fonts/type1/public/lm/lmr12.pfb><C:/Users/Youssef/AppData/Local/Programs/MiKTeX/fonts/type1/public/lm/lmr6.pfb><C:/Users/Youssef/AppData/Local/Programs/MiKTeX/fonts/type1/public/lm/lmr8.pfb><C:/Users/Youssef/AppData/Local/Programs/MiKTeX/fonts/type1/public/lm/lmri12.pfb><C:/Users/Youssef/AppData/Local/Programs/MiKTeX/fonts/type1/public/lm/lmssbx10.pfb><C:/Users/Youssef/AppData/Local/Programs/MiKTeX/fonts/type1/public/lm/lmsy10.pfb><C:/Users/Youssef/AppData/Local/Programs/MiKTeX/fonts/type1/public/lm/lmsy8.pfb><C:/Users/Youssef/AppData/Local/Programs/MiKTeX/fonts/type1/public/lm/lmtk10.pfb><C:/Users/Youssef/AppData/Local/Programs/MiKTeX/fonts/type1/public/lm/lmtt12.pfb><C:/Users/Youssef/AppData/Local/Programs/MiKTeX/fonts/type1/urw/courier/ucrr8a.pfb><C:/Users/Youssef/AppData/Local/Programs/MiKTeX/fonts/type1/urw/courier/ucrro8a.pfb><C:/Users/Youssef/AppData/Local/Programs/MiKTeX/fonts/type1/urw/helvetic/uhvb8a.pfb><C:/Users/Youssef/AppData/Local/Programs/MiKTeX/fonts/type1/urw/helvetic/uhvr8a.pfb>
Output written on thesis.pdf (181 pages, 10662098 bytes).
PDF statistics:
 1984 PDF objects out of 2073 (max. 8388607)
 355 named destinations out of 1000 (max. 500000)
 1362 words of extra memory for PDF output out of 10000 (max. 10000000)

