{
  "Camera_Center": {
    "R": [
      [0.01777416653931141, -0.003049426944926381, 0.09836045652627945],
      [0.09838934242725372, -0.001380791189149022, -0.01782219484448433],
      [0.0019016272854059935, 0.09994395822286606, 0.0027548871003091335]
    ],
    "T": [0.682275772094727, -7.427394866943359, 11.07144832611084]
  },

  "Camera_Down1": {
    "R": [
      [0.019934747368097305, -0.004882402718067169, 0.09787118434906006],
      [0.0979137048125267, 0.005006513558328152, -0.019693659618496895],
      [-0.003938409965485334, 0.0997551754117012, 0.005778577644377947]
    ],
    "T": [20.66686248779297, -7.439435958862305, 10.839359283447266]
  },

  "Camera_Down2": {
    "R": [
      [0.01952480897307396, -0.00034513790160417557, 0.0980747789144516],
      [0.09805355221033096, 0.002179375384002924, -0.019512910395860672],
      [-0.0020700711756944656, 0.09997565299272537, 0.0007639389950782061]
    ],
    "T": [20.704240798950195, -7.421866416931152, 10.55929946899414]
  },

  "Camera_Down3": {
    "R": [
      [0.018320811912417412, -0.0038919190410524607, 0.09823034703731537],
      [0.09829691797494888, 0.0021854655351489782, -0.018246641382575035],
      [-0.0014366458635777235, 0.09990034252405167, 0.0042260317131876945]
    ],
    "T": [20.677955627441406, -7.450333118438721, 10.335104942321777]
  },

  "Camera_Left1": {
    "R": [
      [0.017636600881814957, -0.006321358028799295, 0.09822927415370941],
      [0.09841649234294891, -0.0006655415054410696, -0.017713045701384544],
      [0.0017734614666551352, 0.09979778528213501, 0.006103879772126675]
    ],
    "T": [20.631366729736328, -7.664708137512207, 11.080103874206543]
  },

  "Camera_Left2": {
    "R": [
      [0.01624840311706066, -0.004869306925684214, 0.09855089336633682],
      [0.0985850989818573, 0.004970740992575884, -0.016008440405130386],
      [-0.0041192094795405865, 0.0997576043009758, 0.00560807716101408]
    ],
    "T": [20.587343215942383, -7.925386428833008, 11.055749893188477]
  },

  "Camera_Left3": {
    "R": [
      [0.014041014946997166, -0.002155464142560959, 0.09898587316274643],
      [0.09897416085004807, -0.0023593849036842585, -0.01409072894603014],
      [0.0026391781866550446, 0.09994892030954361, 0.0018020711140707135]
    ],
    "T": [20.558387756347656, -8.155346870422363, 11.064095497131348]
  },

  "Camera_Right1": {
    "R": [
      [0.01944083347916603, -0.005437110550701618, 0.09794127196073532],
      [0.09808144718408585, 0.002546816598623991, -0.019327277317643166],
      [-0.00144353904761374, 0.0998196005821228, 0.005827919580042362]
    ],
    "T": [20.704322814941406, -7.15965461730957, 11.064599990844727]
  },

  "Camera_Right2": {
    "R": [
      [0.018794145435094833, -0.004722928628325462, 0.09810439497232437],
      [0.09819165617227554, -0.001410536002367735, -0.018878770992159843],
      [0.0022754287347197533, 0.09987844526767731, 0.004372423980385065]
    ],
    "T": [20.768741607666016, -6.9462761878967285, 11.054404258728027]
  },

  "Camera_Right3": {
    "R": [
      [0.016060413792729378, -0.004200248047709465, 0.0986124724149704],
      [0.09869228303432465, -0.000711113098077476, -0.016103696078062057],
      [0.0013776409905403852, 0.0999092236161232, 0.004031112417578697]
    ],
    "T": [20.8099422454834, -6.689497470855713, 11.085352897644043]
  },

  "Camera_Up1": {
    "R": [
      [0.01611892320215702, -0.005317816510796547, 0.09854897856712341],
      [0.0986858606338501, 0.0020134514197707176, -0.016032664105296135],
      [-0.0011316481977701187, 0.09983820468187332, 0.00557247968390584]
    ],
    "T": [20.68589210510254, -7.446670055389404, 11.322881698608398]
  },

  "Camera_Up2": {
    "R": [
      [0.016883021220564842, -0.002904864028096199, 0.09852170199155807],
      [0.09854286164045334, 0.002592586912214756, -0.016810206696391106],
      [-0.0020659470465034246, 0.09992417693138123, 0.003300243057310581]
    ],
    "T": [20.676172256469727, -7.440242290496826, 11.559200286865234]
  },

  "Camera_Up3": {
    "R": [
      [0.01784908026456833, -0.0020977777894586325, 0.09837179630994797],
      [0.09839402139186859, 0.0005479209939949214, -0.017841430380940437],
      [-0.000164726166985929, 0.09997649490833282, 0.0021618870086967945]
    ],
    "T": [20.65768051147461, -7.411313056945801, 11.806147575378418]
  }
}
