6,0,783.549927,555.466919,783.638431,555.302772,40
6,1,777.423645,544.883789,777.694249,545.034278,40
6,2,789.651978,544.869812,789.559102,545.020696,40
6,3,795.778320,555.452881,795.503315,555.289190,40
6,4,769.055054,337.630219,769.056252,337.637011,98
6,5,776.528503,350.540497,776.631881,350.723810,98
6,6,761.581604,324.719940,761.480583,324.550213,98
6,7,776.498962,324.702881,776.601919,324.532924,98
6,8,761.611145,350.557556,761.510545,350.741119,98
6,9,783.972412,337.613159,784.177548,337.619722,98
6,10,754.137695,337.647278,753.934916,337.654320,98
6,11,98.445084,377.785095,98.445111,377.785218,56
6,12,109.472977,396.835632,109.472987,396.835726,56
6,13,87.417130,358.734558,87.417178,358.734711,56
6,14,109.429359,358.709381,109.429371,358.709543,56
6,15,87.460747,396.860809,87.460794,396.860894,56
6,16,120.457283,377.759918,120.457275,377.760050,56
6,17,76.432854,377.810272,76.432919,377.810386,56
6,18,98.488701,415.911346,98.488728,415.911401,56
6,19,98.401466,339.658813,98.401495,339.659006,56
6,20,98.401466,339.658813,98.401495,339.659006,56
6,21,98.488701,415.911346,98.488728,415.911401,56
6,22,131.485138,396.810455,131.485122,396.810558,56
6,23,65.404907,358.759735,65.404985,358.759878,56
6,24,131.441559,358.684204,131.441534,358.684346,56
6,25,65.448524,396.885986,65.448602,396.886090,56
6,26,120.500870,415.886169,120.500862,415.886234,56
6,27,76.389236,339.684021,76.389302,339.684203,56
6,28,120.413666,339.633667,120.413659,339.633838,56
6,29,76.476471,415.936523,76.476535,415.936598,56
6,30,142.469452,377.734741,142.469410,377.734854,56
6,31,54.420628,377.835419,54.420726,377.835554,56
6,32,109.516594,434.961884,109.516603,434.961909,56
6,33,87.373573,320.608276,87.373620,320.608498,56
6,34,109.385803,320.583099,109.385812,320.583331,56
6,35,87.504364,434.987061,87.504411,434.987106,56
6,36,153.497345,396.785278,153.497285,396.785361,56
6,37,43.392677,358.784882,43.392793,358.785046,56
6,38,153.453751,358.659027,153.453698,358.659178,56
6,39,43.436295,396.911163,43.436409,396.911258,56
6,40,142.513031,415.860992,142.512997,415.861066,56
6,41,54.377014,339.709198,54.377110,339.709371,56
6,42,142.425827,339.608490,142.425793,339.608671,56
6,43,54.464245,415.961700,54.464343,415.961766,56
6,44,131.528763,434.936707,131.528738,434.936741,56
6,45,65.361343,320.633453,65.361427,320.633666,56
6,46,131.397934,320.557953,131.397918,320.558163,56
6,47,65.492142,435.012238,65.492218,435.012273,56
6,48,164.481674,377.709564,164.481602,377.709686,56
6,49,32.408401,377.860626,32.408534,377.860750,56
6,50,98.532257,454.037598,98.532286,454.037613,56
6,51,98.357849,301.532562,98.357879,301.532823,56
6,52,98.357849,301.532562,98.357879,301.532823,56
6,53,98.532257,454.037598,98.532286,454.037613,56
6,54,164.525269,415.835815,164.525190,415.835869,56
6,55,32.364784,339.734344,32.364917,339.734538,56
6,56,164.438065,339.583313,164.437986,339.583503,56
6,57,32.452019,415.986877,32.452150,415.986934,56
6,58,175.509567,396.760101,175.509478,396.760194,56
6,59,21.380508,358.810089,21.380658,358.810243,56
6,60,175.465988,358.633850,175.465890,358.634011,56
6,61,21.424126,396.936340,21.424274,396.936426,56
6,62,153.540955,434.911530,153.540902,434.911574,56
6,63,43.349121,320.658661,43.349234,320.658863,56
6,64,153.410141,320.532745,153.410081,320.532966,56
6,65,43.479912,435.037415,43.480026,435.037441,56
6,66,120.544487,454.012421,120.544479,454.012417,56
6,67,76.345627,301.557739,76.345686,301.557991,56
6,68,120.370049,301.507416,120.370042,301.507655,56
6,69,76.520035,454.062775,76.520094,454.062781,56
6,70,142.556656,453.987244,142.556613,453.987249,56
6,71,54.333397,301.582916,54.333493,301.583158,56
6,72,142.382217,301.482208,142.382177,301.482459,56
6,73,54.507805,454.087952,54.507901,454.087949,56
6,74,186.493881,377.684387,186.493766,377.684518,56
6,75,10.396233,377.885803,10.396399,377.885918,56
6,76,109.560211,473.088135,109.560220,473.088121,56
6,77,87.329956,282.482025,87.330003,282.482315,56
6,78,109.342186,282.456848,109.342196,282.457119,56
6,79,87.547981,473.113312,87.548027,473.113289,56
6,80,186.537460,415.810638,186.537353,415.810701,56
6,81,10.352615,339.759521,10.352783,339.759706,56
6,82,186.450256,339.558105,186.450150,339.558306,56
6,83,10.439849,416.012054,10.440015,416.012130,56
6,84,175.553192,434.886353,175.553094,434.886377,56
6,85,21.336950,320.683807,21.337100,320.684031,56
6,86,175.422363,320.507568,175.422274,320.507798,56
6,87,21.467741,435.062561,21.467891,435.062609,56
6,88,197.521774,396.734924,197.521641,396.735026,56
6,89,197.478180,358.608643,197.478054,358.608814,56
6,90,164.568878,453.962067,164.568806,453.962081,56
6,91,32.321167,301.608124,32.321301,301.608355,56
6,92,164.394440,301.457031,164.394370,301.457291,56
6,93,32.495575,454.113129,32.495708,454.113146,56
6,94,131.572372,473.062958,131.572354,473.062924,56
6,95,65.317734,282.507202,65.317811,282.507483,56
6,96,131.354355,282.431671,131.354330,282.431951,56
6,97,65.535751,473.138489,65.535834,473.138457,56
6,98,153.584579,473.037781,153.584518,473.037757,56
6,99,43.305504,282.532379,43.305618,282.532651,56
6,100,153.366547,282.406494,153.366494,282.406783,56
6,101,43.523529,473.163666,43.523642,473.163653,56
6,102,208.506073,377.659180,208.505930,377.659322,56
6,103,10.396233,377.885803,10.396399,377.885918,56
6,104,98.575874,492.163879,98.575903,492.163826,56
6,105,98.314232,263.406311,98.314262,263.406611,56
6,106,98.314232,263.406311,98.314262,263.406611,56
6,107,98.575874,492.163879,98.575903,492.163826,56
6,108,197.565384,434.861176,197.565258,434.861209,56
6,109,197.434570,320.482422,197.434438,320.482631,56
6,110,208.549667,415.785461,208.549517,415.785534,56
6,111,10.352615,339.759521,10.352783,339.759706,56
6,112,208.462463,339.532959,208.462313,339.533138,56
6,113,10.439849,416.012054,10.440015,416.012130,56
6,114,186.581085,453.936920,186.580970,453.936913,56
6,115,10.309000,301.633270,10.309166,301.633523,56
6,116,186.406647,301.431885,186.406533,301.432123,56
6,117,10.483408,454.138306,10.483574,454.138313,56
6,118,120.588104,492.138672,120.588095,492.138629,56
6,119,76.302010,263.431488,76.302070,263.431808,56
6,120,120.326462,263.381134,120.326455,263.381443,56
6,121,76.563644,492.189026,76.563710,492.188964,56
6,122,219.533966,396.709747,219.533805,396.709858,56
6,123,219.490387,358.583496,219.490218,358.583646,56
6,124,175.596802,473.012604,175.596711,473.012589,56
6,125,21.293335,282.557556,21.293483,282.557847,56
6,126,175.378784,282.381348,175.378687,282.381615,56
6,127,21.511358,473.188843,21.511507,473.188821,56
6,128,142.600266,492.113525,142.600230,492.113461,56
6,129,54.289780,263.456665,54.289877,263.456975,56
6,130,142.338623,263.355957,142.338590,263.356275,56
6,131,54.551422,492.214203,54.551517,492.214161,56
6,132,164.612503,492.088348,164.612422,492.088293,56
6,133,32.277554,263.481842,32.277685,263.482143,56
6,134,164.350861,263.330780,164.350782,263.331079,56
6,135,32.539192,492.239380,32.539325,492.239329,56
6,136,230.518280,377.634033,230.518093,377.634154,56
6,137,10.396233,377.885803,10.396399,377.885918,56
6,138,109.603828,511.214355,109.603836,511.214275,56
6,139,87.286339,244.355774,87.286387,244.356118,56
6,140,109.298569,244.330597,109.298579,244.330935,56
6,141,87.591599,511.239563,87.591643,511.239472,56
6,142,219.577576,434.835999,219.577421,434.836041,56
6,143,219.446762,320.457245,219.446601,320.457463,56
6,144,208.593277,453.911743,208.593133,453.911746,56
6,145,10.309000,301.633270,10.309166,301.633523,56
6,146,208.418839,301.406708,208.418697,301.406955,56
6,147,10.483408,454.138306,10.483574,454.138313,56
6,148,230.561859,415.760284,230.561681,415.760366,56
6,149,10.352615,339.759521,10.352783,339.759706,56
6,150,230.474655,339.507782,230.474477,339.507971,56
6,151,10.439849,416.012054,10.440015,416.012130,56
6,152,197.609009,472.987427,197.608874,472.987392,56
6,153,197.390976,282.356140,197.390850,282.356419,56
6,154,131.615967,511.189209,131.615942,511.189137,56
6,155,65.274117,244.380966,65.274194,244.381300,56
6,156,131.310730,244.305435,131.310714,244.305768,56
6,157,65.579369,511.264740,65.579451,511.264669,56
6,158,241.546158,396.684570,241.545969,396.684661,56
6,159,241.502579,358.558319,241.502381,358.558478,56
6,160,186.624695,492.063141,186.624586,492.063097,56
6,161,10.265383,263.507019,10.265550,263.507340,56
6,162,186.363052,263.305603,186.362946,263.305911,56
6,163,10.527023,492.264557,10.527190,492.264497,56
6,164,153.628159,511.164032,153.628105,511.163940,56
6,165,43.261887,244.406128,43.262002,244.406468,56
6,166,153.322937,244.280258,153.322878,244.280600,56
6,167,43.567142,511.289886,43.567258,511.289807,56
6,168,98.619492,530.290100,98.619519,530.289980,56
6,169,98.270676,225.280060,98.270704,225.280428,56
6,170,98.270676,225.280060,98.270704,225.280428,56
6,171,98.619492,530.290100,98.619519,530.289980,56
6,172,230.605469,453.886536,230.605297,453.886549,56
6,173,10.309000,301.633270,10.309166,301.633523,56
6,174,230.431046,301.381500,230.430860,301.381759,56
6,175,10.483408,454.138306,10.483574,454.138313,56
6,176,241.589783,434.810822,241.589585,434.810845,56
6,177,241.458954,320.432037,241.458765,320.432266,56
6,178,219.621201,472.962280,219.621038,472.962253,56
6,179,219.403168,282.330963,219.403014,282.331251,56
6,180,175.640396,511.138885,175.640298,511.138801,56
6,181,21.249718,244.431305,21.249867,244.431635,56
6,182,175.335159,244.255081,175.335070,244.255418,56
6,183,21.554974,511.315094,21.555124,511.315004,56
6,184,120.631691,530.264954,120.631683,530.264841,56
6,185,76.258446,225.305237,76.258511,225.305596,56
6,186,120.282845,225.254883,120.282839,225.255246,56
6,187,76.607262,530.315308,76.607326,530.315176,56
6,188,252.530502,377.608856,252.530286,377.608986,56
6,189,10.396233,377.885803,10.396399,377.885918,56
6,190,252.574081,415.735138,252.573873,415.735198,56
6,191,10.352615,339.759521,10.352783,339.759706,56
6,192,252.486877,339.482574,252.486669,339.482774,56
6,193,10.439849,416.012054,10.440015,416.012130,56
6,194,208.636902,492.037994,208.636750,492.037929,56
6,195,10.265383,263.507019,10.265550,263.507340,56
6,196,208.375259,263.280426,208.375109,263.280743,56
6,197,10.527023,492.264557,10.527190,492.264497,56
6,198,142.643860,530.239746,142.643817,530.239644,56
6,199,54.246220,225.330414,54.246319,225.330778,56
6,200,142.295013,225.229691,142.294973,225.230063,56
6,201,54.595036,530.340515,54.595134,530.340373,56
6,202,263.558380,396.659393,263.558161,396.659494,56
6,203,263.514801,358.533142,263.514574,358.533311,56
6,204,197.652588,511.113678,197.652462,511.113604,56
6,205,197.347366,244.229904,197.347234,244.230235,56
6,206,164.656082,530.214539,164.656010,530.214447,56
6,207,32.233994,225.355591,32.234126,225.355960,56
6,208,164.307236,225.204529,164.307166,225.204896,56
6,209,32.582809,530.365601,32.582941,530.365512,56
6,210,109.647385,549.340698,109.647394,549.340545,56
6,211,87.242722,206.229523,87.242770,206.229920,56
6,212,109.254951,206.204346,109.254963,206.204738,56
6,213,87.635155,549.365845,87.635202,549.365684,56
6,214,252.617706,453.861389,252.617490,453.861381,56
6,215,10.309000,301.633270,10.309166,301.633523,56
6,216,252.443268,301.356354,252.443053,301.356591,56
6,217,10.483408,454.138306,10.483574,454.138313,56
6,218,241.633392,472.937073,241.633201,472.937057,56
6,219,241.415375,282.305817,241.415178,282.306083,56
6,220,263.602020,434.785645,263.601778,434.785677,56
6,221,263.471191,320.406891,263.470958,320.407099,56
6,222,230.649094,492.012817,230.648913,492.012761,56
6,223,10.265383,263.507019,10.265550,263.507340,56
6,224,230.387451,263.255280,230.387273,263.255575,56
6,225,10.527023,492.264557,10.527190,492.264497,56
6,226,131.659576,549.315491,131.659558,549.315349,56
6,227,65.230499,206.254700,65.230578,206.255102,56
6,228,131.267120,206.179169,131.267098,206.179570,56
6,229,65.622932,549.391052,65.623009,549.390881,56
6,230,186.668289,530.189392,186.668174,530.189309,56
6,231,10.221825,225.380768,10.221991,225.381128,56
6,232,186.319443,225.179367,186.319329,225.179728,56
6,233,10.570641,530.390808,10.570807,530.390709,56
6,234,274.542694,377.583679,274.542449,377.583818,56
6,235,10.396233,377.885803,10.396399,377.885918,56
6,236,274.586273,415.709930,274.586037,415.710001,56
6,237,10.352615,339.759521,10.352783,339.759706,56
6,238,274.499084,339.457428,274.498833,339.457606,56
6,239,10.439849,416.012054,10.440015,416.012130,56
6,240,219.664795,511.088562,219.664625,511.088466,56
6,241,219.359558,244.204727,219.359398,244.205068,56
6,242,153.671783,549.290283,153.671722,549.290152,56
6,243,43.218269,206.279877,43.218385,206.280270,56
6,244,153.279312,206.153992,153.279261,206.154388,56
6,245,43.610703,549.416199,43.610817,549.416078,56
6,246,285.570587,396.634216,285.570325,396.634326,56
6,247,285.527008,358.507965,285.526738,358.508114,56
6,248,208.680481,530.164246,208.680337,530.164112,56
6,249,10.221825,225.380768,10.221991,225.381128,56
6,250,208.331635,225.154175,208.331493,225.154546,56
6,251,10.570641,530.390808,10.570807,530.390709,56
6,252,175.684006,549.265137,175.683914,549.265013,56
6,253,21.206100,206.305054,21.206251,206.305452,56
6,254,175.291550,206.128830,175.291454,206.129220,56
6,255,21.598534,549.441345,21.598682,549.441216,56
6,256,98.663109,568.416382,98.663135,568.416192,56
6,257,98.663109,568.416382,98.663135,568.416192,56
6,258,263.645630,472.911926,263.645394,472.911889,56
6,259,263.427612,282.280640,263.427370,282.280915,56
6,260,274.629913,453.836212,274.629653,453.836214,56
6,261,10.309000,301.633270,10.309166,301.633523,56
6,262,274.455475,301.331177,274.455217,301.331423,56
6,263,10.483408,454.138306,10.483574,454.138313,56
6,264,252.661316,491.987610,252.661106,491.987564,56
6,265,10.265383,263.507019,10.265550,263.507340,56
6,266,252.399673,263.230103,252.399466,263.230408,56
6,267,10.527023,492.264557,10.527190,492.264497,56
6,268,120.675308,568.391174,120.675299,568.390995,56
6,269,76.650879,568.441589,76.650943,568.441388,56
6,270,285.614197,434.760468,285.613941,434.760509,56
6,271,285.483398,320.381714,285.483121,320.381931,56
6,272,241.676987,511.063354,241.676789,511.063269,56
6,273,142.687469,568.366028,142.687434,568.365856,56
6,274,54.638653,568.466675,54.638750,568.466527,56
6,275,197.696213,549.239929,197.696078,549.239816,56
6,276,296.554932,377.558502,296.554642,377.558622,56
6,277,10.396233,377.885803,10.396399,377.885918,56
6,278,10.352615,339.759521,10.352783,339.759706,56
6,279,10.439849,416.012054,10.440015,416.012130,56
6,280,230.692688,530.139038,230.692501,530.138915,56
6,281,10.221825,225.380768,10.221991,225.381128,56
6,282,10.570641,530.390808,10.570807,530.390709,56
6,283,164.699707,568.340820,164.699626,568.340660,56
6,284,32.626427,568.491882,32.626558,568.491724,56
6,285,10.265383,263.507019,10.265550,263.507340,56
6,286,10.527023,492.264557,10.527190,492.264497,56
6,287,10.309000,301.633270,10.309166,301.633523,56
6,288,10.483408,454.138306,10.483574,454.138313,56
6,289,10.570641,530.390808,10.570807,530.390709,56
5,0,457.295349,235.861542,457.295351,235.861737,21
5,1,468.049835,254.439758,468.049822,254.439942,21
5,2,446.540863,217.283340,446.540851,217.283531,21
5,3,468.007294,217.258774,468.007287,217.258973,21
5,4,446.583344,254.464310,446.583358,254.464486,21
5,5,478.761780,235.837006,478.761759,235.837193,21
5,6,435.828888,235.886093,435.828887,235.886280,21
5,7,457.337860,273.042511,457.337858,273.042692,21
5,8,457.252808,198.680573,457.252816,198.680767,21
5,9,457.252808,198.680573,457.252816,198.680767,21
5,10,457.337860,273.042511,457.337858,273.042692,21
5,11,489.516266,254.415222,489.516258,254.415399,21
5,12,425.074402,217.307877,425.074415,217.308075,21
5,13,489.473755,217.234222,489.473752,217.234415,21
5,14,425.116913,254.488846,425.116922,254.489030,21
5,15,478.804291,273.017975,478.804294,273.018148,21
5,16,435.786346,198.705124,435.786352,198.705325,21
5,17,478.719269,198.656021,478.719252,198.656223,21
5,18,435.871429,273.067078,435.871422,273.067264,21
5,19,500.228241,235.812454,500.228223,235.812635,21
5,20,414.362427,235.910660,414.362451,235.910852,21
5,21,468.092346,291.620728,468.092357,291.620898,21
5,22,446.498352,180.102341,446.498344,180.102547,21
5,23,467.964783,180.077805,467.964781,180.078004,21
5,24,446.625885,291.645294,446.625893,291.645470,21
5,25,510.982697,254.390671,510.982694,254.390855,21
5,26,403.607941,217.332428,403.607951,217.332619,21
5,27,510.940186,217.209686,510.940159,217.209871,21
5,28,403.650482,254.513412,403.650486,254.513602,21
5,29,500.270782,272.993439,500.270758,272.993604,21
5,30,414.319946,198.729675,414.319944,198.729869,21
5,31,500.185699,198.631470,500.185688,198.631666,21
5,32,414.404938,273.091614,414.404957,273.091808,21
5,33,489.558807,291.596191,489.558793,291.596354,21
5,34,425.031860,180.126907,425.031880,180.127105,21
5,35,489.431213,180.053238,489.431217,180.053446,21
5,36,425.159454,291.669830,425.159457,291.670014,21
5,37,521.694702,235.787888,521.694687,235.788077,21
5,38,392.895996,235.935211,392.896015,235.935396,21
5,39,457.380371,310.223511,457.380365,310.223675,21
5,40,457.210297,161.499588,457.210281,161.499798,21
5,41,457.210297,161.499588,457.210281,161.499798,21
5,42,457.380371,310.223511,457.380365,310.223675,21
5,43,521.737183,272.968872,521.737166,272.969061,21
5,44,392.853455,198.754227,392.853480,198.754427,21
5,45,521.652161,198.606903,521.652152,198.607108,21
5,46,392.938507,273.116180,392.938521,273.116352,21
5,47,532.449158,254.366104,532.449159,254.366283,21
5,48,382.141541,217.356979,382.141543,217.357176,21
5,49,532.406616,217.185120,532.406624,217.185313,21
5,50,382.184021,254.537964,382.184050,254.538146,21
5,51,511.025238,291.571625,511.025229,291.571810,21
5,52,403.565430,180.151459,403.565444,180.151663,21
5,53,510.897705,180.028702,510.897681,180.028902,21
5,54,403.693024,291.694397,403.693021,291.694557,21
5,55,478.846832,310.198975,478.846829,310.199132,21
5,56,435.743805,161.524155,435.743817,161.524356,21
5,57,478.676727,161.475052,478.676717,161.475254,21
5,58,435.913910,310.248047,435.913928,310.248219,21
5,59,500.313293,310.174377,500.313293,310.174560,21
5,60,414.277405,161.548691,414.277409,161.548900,21
5,61,500.143188,161.450485,500.143181,161.450696,21
5,62,414.447479,310.272583,414.447492,310.272763,21
5,63,543.161133,235.763351,543.161095,235.763533,21
5,64,371.429565,235.959747,371.429579,235.959940,21
5,65,468.134888,328.801727,468.134892,328.801881,21
5,66,446.455811,142.921371,446.455809,142.921578,21
5,67,467.922272,142.896820,467.922274,142.897034,21
5,68,446.668427,328.826263,446.668428,328.826425,21
5,69,543.203674,272.944305,543.203630,272.944489,21
5,70,371.387024,198.778778,371.387044,198.778971,21
5,71,543.118652,198.582367,543.118617,198.582564,21
5,72,371.472107,273.140717,371.472114,273.140895,21
5,73,532.491699,291.547089,532.491694,291.547266,21
5,74,382.098999,180.176010,382.099008,180.176207,21
5,75,532.364136,180.004135,532.364089,180.004344,21
5,76,382.226562,291.718933,382.226585,291.719101,21
5,77,553.915649,254.341553,553.915623,254.341739,21
5,78,360.675049,217.381546,360.675079,217.381734,21
5,79,553.873108,217.160568,553.873088,217.160756,21
5,80,360.717590,254.562500,360.717614,254.562690,21
5,81,521.779724,310.149841,521.779701,310.150016,21
5,82,392.810944,161.573257,392.810945,161.573457,21
5,83,521.609619,161.425934,521.609617,161.426138,21
5,84,392.981018,310.297180,392.981028,310.297335,21
5,85,489.601318,328.777161,489.601300,328.777337,21
5,86,424.989349,142.945923,424.989345,142.946136,21
5,87,489.388702,142.872269,489.388682,142.872476,21
5,88,425.201965,328.850800,425.201964,328.850969,21
5,89,511.067780,328.752594,511.067764,328.752765,21
5,90,403.522919,142.970490,403.522937,142.970694,21
5,91,510.855164,142.847717,510.855146,142.847933,21
5,92,403.735535,328.875366,403.735556,328.875541,21
5,93,564.627563,235.738800,564.627559,235.738990,21
5,94,349.963104,235.984314,349.963114,235.984498,21
5,95,457.422913,347.404480,457.422900,347.404631,21
5,96,457.167755,124.318604,457.167746,124.318814,21
5,97,457.167755,124.318604,457.167746,124.318814,21
5,98,457.422913,347.404480,457.422900,347.404631,21
5,99,553.958130,291.522522,553.958102,291.522694,21
5,100,360.632507,180.200562,360.632544,180.200765,21
5,101,553.830566,179.979599,553.830553,179.979800,21
5,102,360.760101,291.743500,360.760121,291.743673,21
5,103,564.670105,272.919769,564.670094,272.919945,21
5,104,349.920563,198.803329,349.920579,198.803529,21
5,105,564.585022,198.557816,564.585024,198.558006,21
5,106,350.005615,273.165283,350.005649,273.165467,21
5,107,543.246216,310.125305,543.246165,310.125472,21
5,108,371.344513,161.597794,371.344537,161.598001,21
5,109,543.076111,161.401382,543.076081,161.401595,21
5,110,371.514587,310.321716,371.514620,310.321879,21
5,111,478.889374,347.379913,478.889364,347.380087,21
5,112,435.701294,124.343155,435.701310,124.343372,21
5,113,478.634216,124.294052,478.634210,124.294271,21
5,114,435.956451,347.429047,435.956464,347.429203,21
5,115,575.382080,254.317017,575.382031,254.317195,21
5,116,339.208588,217.406082,339.208615,217.406278,21
5,117,575.339539,217.136017,575.339496,217.136212,21
5,118,339.251129,254.587082,339.251150,254.587262,21
5,119,532.534241,328.728058,532.534229,328.728222,21
5,120,382.056458,142.995026,382.056473,142.995238,21
5,121,532.321594,142.823166,532.321554,142.823375,21
5,122,382.269073,328.899933,382.269092,328.900085,21
5,123,500.355804,347.355377,500.355800,347.355543,21
5,124,414.234863,124.367699,414.234874,124.367916,21
5,125,500.100647,124.269501,500.100646,124.269713,21
5,126,414.490021,347.453583,414.490027,347.453747,21
5,127,392.768402,124.392258,392.768410,124.392474,21
5,128,521.567078,124.244942,521.567082,124.245155,21
5,129,328.496643,236.008865,328.496678,236.009056,21
5,130,446.413269,105.740387,446.413274,105.740609,21
5,131,467.879730,105.715843,467.879739,105.716065,21
5,132,339.166046,180.225113,339.166080,180.225309,21
5,133,339.293640,291.768036,339.293656,291.768217,21
5,134,349.878052,161.622360,349.878072,161.622559,21
5,135,564.542542,161.376831,564.542489,161.377037,21
5,136,350.048126,310.346252,350.048156,310.346423,21
5,137,328.454102,198.827881,328.454143,198.828072,21
5,138,328.539185,273.189819,328.539213,273.190011,21
5,139,360.590027,143.019592,360.590037,143.019796,21
5,140,424.946808,105.764946,424.946810,105.765167,21
5,141,489.346161,105.691284,489.346147,105.691507,21
5,142,411.138641,236.102737,411.138655,236.102867,31
5,143,422.166534,255.153244,422.166547,255.153373,31
5,144,400.110748,217.052170,400.110735,217.052302,31
5,145,422.122955,217.027008,422.122959,217.027134,31
5,146,400.154358,255.178436,400.154351,255.178570,31
5,147,433.150848,236.077545,433.150851,236.077670,31
5,148,389.126465,236.127899,389.126459,236.128034,31
5,149,411.182251,274.228973,411.182243,274.229106,31
5,150,411.095062,197.976471,411.095068,197.976598,31
5,151,411.095062,197.976471,411.095068,197.976598,31
5,152,411.182251,274.228973,411.182243,274.229106,31
5,153,444.178741,255.128082,444.178743,255.128206,31
5,154,378.098572,217.077347,378.098567,217.077484,31
5,155,444.135162,217.001831,444.135155,217.001966,31
5,156,378.142151,255.203613,378.142155,255.203738,31
5,157,433.194458,274.203827,433.194468,274.203938,31
5,158,389.082855,198.001648,389.082843,198.001781,31
5,159,433.107239,197.951294,433.107235,197.951431,31
5,160,389.170044,274.254150,389.170047,274.254274,31
5,161,455.163086,236.052368,455.163076,236.052502,31
5,162,367.114258,236.153076,367.114263,236.153202,31
5,163,422.210175,293.279510,422.210163,293.279641,31
5,164,400.067139,178.925934,400.067147,178.926063,31
5,165,422.079346,178.900742,422.079343,178.900881,31
5,166,400.197968,293.304688,400.197967,293.304809,31
5,167,466.190979,255.102905,466.190968,255.103038,31
5,168,356.086334,217.102539,356.086343,217.102666,31
5,169,466.147369,216.976654,466.147351,216.976784,31
5,170,356.129944,255.228775,356.129959,255.228906,31
5,171,455.206665,274.178619,455.206664,274.178741,31
5,172,367.070648,198.026810,367.070647,198.026949,31
5,173,455.119476,197.926117,455.119460,197.926248,31
5,174,367.157867,274.279327,367.157880,274.279441,31
5,175,444.222351,293.254364,444.222359,293.254474,31
5,176,378.054962,178.951096,378.054951,178.951231,31
5,177,444.091583,178.875565,444.091568,178.875698,31
5,178,378.185760,293.329865,378.185771,293.329977,31
5,179,477.175262,236.027206,477.175243,236.027334,31
5,180,345.102020,236.178253,345.102038,236.178384,31
5,181,411.225861,312.355225,411.225859,312.355345,31
5,182,411.051453,159.850204,411.051451,159.850345,31
5,183,411.051453,159.850204,411.051451,159.850345,31
5,184,411.225861,312.355225,411.225859,312.355345,31
5,185,477.218872,274.153442,477.218860,274.153573,31
5,186,345.058411,198.052002,345.058422,198.052131,31
5,187,477.131653,197.900940,477.131656,197.901081,31
5,188,345.145660,274.304504,345.145655,274.304638,31
5,189,488.203186,255.077744,488.203164,255.077870,31
5,190,334.074097,217.127701,334.074118,217.127834,31
5,191,488.159576,216.951477,488.159576,216.951602,31
5,192,334.117737,255.253967,334.117734,255.254102,31
5,193,466.234589,293.229156,466.234584,293.229277,31
5,194,356.042725,178.976273,356.042726,178.976413,31
5,195,466.103760,178.850403,466.103764,178.850530,31
5,196,356.173553,293.355042,356.173546,293.355174,31
5,197,433.238068,312.330048,433.238055,312.330177,31
5,198,389.039215,159.875397,389.039226,159.875527,31
5,199,433.063629,159.825043,433.063618,159.825177,31
5,200,389.213623,312.380432,389.213634,312.380542,31
5,201,455.250244,312.304901,455.250251,312.305009,31
5,202,367.027069,159.900558,367.027059,159.900695,31
5,203,455.075836,159.799850,455.075843,159.799995,31
5,204,367.201477,312.405579,367.201467,312.405709,31
5,205,499.187469,236.002029,499.187468,236.002152,31
5,206,323.089844,236.203430,323.089842,236.203567,31
5,207,422.253754,331.405762,422.253751,331.405881,31
5,208,400.023560,140.799667,400.023560,140.799809,31
5,209,422.035736,140.774490,422.035727,140.774627,31
5,210,400.241577,331.430969,400.241584,331.431077,31
5,211,499.231079,274.128265,499.231084,274.128406,31
5,212,323.046204,198.077164,323.046226,198.077299,31
5,213,499.143860,197.875763,499.143852,197.875898,31
5,214,323.133453,274.329681,323.133459,274.329806,31
5,215,488.246796,293.203979,488.246780,293.204109,31
5,216,334.030487,179.001450,334.030501,179.001581,31
5,217,488.115967,178.825211,488.115960,178.825348,31
5,218,334.161316,293.380219,334.161322,293.380342,31
5,219,510.215363,255.052582,510.215360,255.052702,31
5,220,312.061951,217.152878,312.061951,217.153002,31
5,221,510.171753,216.926300,510.171743,216.926434,31
5,222,312.105560,255.279144,312.105567,255.279270,31
5,223,477.262482,312.279724,477.262476,312.279842,31
5,224,345.014832,159.925735,345.014834,159.925877,31
5,225,477.088043,159.774689,477.088039,159.774827,31
5,226,345.189240,312.430756,345.189242,312.430877,31
5,227,444.265991,331.380585,444.265976,331.380713,31
5,228,378.011322,140.824844,378.011335,140.824977,31
5,229,444.047943,140.749298,444.047951,140.749445,31
5,230,378.229370,331.456116,378.229359,331.456245,31
5,231,466.278198,331.355438,466.278201,331.355545,31
5,232,355.999146,140.850021,355.999139,140.850159,31
5,233,466.060181,140.724136,466.060176,140.724277,31
5,234,356.217163,331.481293,356.217163,331.481413,31
5,235,521.199707,235.976837,521.199693,235.976970,31
5,236,301.077637,236.228607,301.077646,236.228734,31
5,237,411.269470,350.481506,411.269476,350.481613,31
5,238,411.007843,121.723938,411.007835,121.724077,31
5,239,411.007843,121.723938,411.007835,121.724077,31
5,240,411.269470,350.481506,411.269476,350.481613,31
5,241,510.258972,293.178833,510.258976,293.178941,31
5,242,312.018311,179.026627,312.018334,179.026763,31
5,243,510.128204,178.800049,510.128185,178.800180,31
5,244,312.149139,293.405396,312.149155,293.405509,31
5,245,521.243286,274.103119,521.243251,274.103238,31
5,246,301.034027,198.102341,301.034030,198.102481,31
5,247,521.156067,197.850586,521.156077,197.850716,31
5,248,301.121246,274.354858,301.121263,274.354974,31
5,249,499.274719,312.254517,499.274701,312.254645,31
5,250,323.002625,159.950912,323.002638,159.951045,31
5,251,499.100281,159.749512,499.100264,159.749645,31
5,252,323.177032,312.455933,323.177046,312.456045,31
5,253,433.281677,350.456329,433.281672,350.456445,31
5,254,388.995605,121.749115,388.995610,121.749259,31
5,255,433.020020,121.698769,433.020031,121.698909,31
5,256,389.257263,350.506653,389.257251,350.506781,31
5,257,532.227600,255.027374,532.227585,255.027505,31
5,258,290.049713,217.178070,290.049726,217.178199,31
5,259,532.183960,216.901123,532.183968,216.901252,31
5,260,290.093323,255.304306,290.093342,255.304438,31
5,261,488.290375,331.330261,488.290368,331.330377,31
5,262,333.986908,140.875183,333.986914,140.875327,31
5,263,488.072357,140.698959,488.072343,140.699095,31
5,264,334.204926,331.506500,334.204938,331.506610,31
5,265,455.293884,350.431122,455.293867,350.431248,31
5,266,366.983429,121.774284,366.983443,121.774427,31
5,267,455.032227,121.673584,455.032227,121.673727,31
5,268,367.245087,350.531830,367.245084,350.531949,31
5,269,477.306091,350.405975,477.306092,350.406081,31
5,270,344.971222,121.799469,344.971218,121.799609,31
5,271,477.044464,121.648415,477.044452,121.648559,31
5,272,345.232849,350.557037,345.232859,350.557145,31
5,273,543.211853,235.951675,543.211860,235.951802,31
5,274,279.065430,236.253769,279.065450,236.253902,31
5,275,422.297363,369.532043,422.297367,369.532149,31
5,276,399.979950,102.673416,399.979943,102.673556,31
5,277,421.992126,102.648232,421.992110,102.648373,31
5,278,400.285156,369.557190,400.285171,369.557316,31
5,279,532.271240,293.153656,532.271201,293.153774,31
5,280,290.006104,179.051788,290.006109,179.051931,31
5,281,532.140381,178.774857,532.140352,178.774998,31
5,282,290.136932,293.430573,290.136930,293.430706,31
5,283,521.286865,312.229370,521.286868,312.229477,31
5,284,300.990417,159.976089,300.990442,159.976227,31
5,285,521.112488,159.724319,521.112460,159.724462,31
5,286,301.164825,312.481110,301.164850,312.481242,31
5,287,543.255493,274.077911,543.255476,274.078041,31
5,288,279.021820,198.127533,279.021834,198.127663,31
5,289,543.168335,197.825409,543.168301,197.825548,31
5,290,279.109039,274.380035,279.109067,274.380170,31
5,291,510.302612,331.305054,510.302593,331.305180,31
5,292,311.974731,140.900375,311.974747,140.900509,31
5,293,510.084564,140.673782,510.084568,140.673927,31
5,294,312.192749,331.531647,312.192771,331.531777,31
5,295,444.309601,369.506866,444.309592,369.506981,31
5,296,377.967712,102.698578,377.967718,102.698723,31
5,297,444.004333,102.623047,444.004335,102.623191,31
5,298,378.272980,369.582397,378.272975,369.582513,31
5,299,554.239807,255.002213,554.239810,255.002338,31
5,300,268.037506,217.203232,268.037530,217.203367,31
5,301,554.196228,216.875931,554.196193,216.876070,31
5,302,268.081146,255.329514,268.081146,255.329635,31
5,303,499.318298,350.380798,499.318288,350.380913,31
5,304,322.959015,121.824638,322.959022,121.824777,31
5,305,499.056671,121.623238,499.056648,121.623377,31
5,306,323.220642,350.582184,323.220663,350.582313,31
5,307,466.321808,369.481659,466.321788,369.481784,31
5,308,355.955505,102.723763,355.955522,102.723906,31
5,309,466.016571,102.597878,466.016560,102.598023,31
5,310,356.260773,369.607574,356.260779,369.607681,31
5,311,411.313080,388.607727,411.313092,388.607852,31
5,312,410.964233,83.597679,410.964218,83.597823,31
5,313,410.964233,83.597679,410.964218,83.597823,31
5,314,411.313080,388.607727,411.313092,388.607852,31
5,315,543.299133,312.204193,543.299093,312.204309,31
5,316,278.978241,160.001266,278.978247,160.001409,31
5,317,543.124695,159.699158,543.124685,159.699295,31
5,318,279.152649,312.506287,279.152654,312.506409,31
5,319,554.283386,293.128448,554.283368,293.128577,31
5,320,267.993896,179.076981,267.993913,179.077113,31
5,321,554.152588,178.749695,554.152577,178.749830,31
5,322,268.124725,293.455750,268.124734,293.455874,31
5,323,532.314819,331.279907,532.314818,331.280013,31
5,324,289.962524,140.925537,289.962522,140.925677,31
5,325,532.096741,140.648605,532.096735,140.648745,31
5,326,290.180542,331.556824,290.180546,331.556945,31
5,327,488.333984,369.456512,488.333984,369.456616,31
5,328,333.943298,102.748932,333.943297,102.749073,31
5,329,488.028748,102.572701,488.028727,102.572841,31
5,330,334.248535,369.632721,334.248554,369.632849,31
5,331,433.325256,388.582581,433.325259,388.582684,31
5,332,388.952026,83.622849,388.952022,83.622991,31
5,333,432.976440,83.572510,432.976443,83.572655,31
5,334,389.300873,388.632935,389.300867,388.633049,31
5,335,565.224121,235.926498,565.224085,235.926634,31
5,336,257.053223,236.278961,257.053225,236.279085,31
5,337,565.267700,274.052734,565.267701,274.052873,31
5,338,257.009583,198.152695,257.009609,198.152831,31
5,339,565.180481,197.800232,565.180468,197.800366,31
5,340,257.096832,274.405212,257.096842,274.405338,31
5,341,521.330505,350.355591,521.330484,350.355716,31
5,342,300.946808,121.849815,300.946826,121.849959,31
5,343,521.068848,121.598053,521.068844,121.598194,31
5,344,301.208466,350.607361,301.208467,350.607481,31
5,345,455.337494,388.557404,455.337484,388.557517,31
5,346,366.939819,83.648041,366.939826,83.648188,31
5,347,454.988647,83.547340,454.988639,83.547488,31
5,348,367.288666,388.658112,367.288671,388.658217,31
5,349,576.252014,254.977036,576.251977,254.977170,31
5,350,246.025284,217.228409,246.025305,217.228534,31
5,351,576.208374,216.850769,576.208360,216.850902,31
5,352,246.068909,255.354675,246.068921,255.354802,31
5,353,510.346222,369.431335,510.346209,369.431449,31
5,354,311.931122,102.774109,311.931130,102.774256,31
5,355,510.040955,102.547531,510.040952,102.547673,31
5,356,312.236389,369.657898,312.236387,369.658017,31
5,357,477.349701,388.532196,477.349680,388.532320,31
5,358,344.927582,83.673210,344.927602,83.673355,31
5,359,477.000854,83.522148,477.000835,83.522291,31
5,360,345.276428,388.683258,345.276446,388.683384,31
5,361,422.340973,407.658264,422.340984,407.658388,31
5,362,399.936340,64.547173,399.936327,64.547316,31
5,363,421.948517,64.521973,421.948523,64.522120,31
5,364,400.328796,407.683472,400.328788,407.683585,31
5,365,565.311340,312.178986,565.311318,312.179112,31
5,366,256.966003,160.026443,256.966022,160.026577,31
5,367,565.136841,159.673981,565.136852,159.674112,31
5,368,257.140411,312.531464,257.140429,312.531577,31
5,369,554.327026,331.254730,554.326985,331.254845,31
5,370,267.950317,140.950714,267.950326,140.950859,31
5,371,554.108948,140.623444,554.108960,140.623577,31
5,372,268.168335,331.582001,268.168350,331.582113,31
5,373,576.295593,293.103271,576.295593,293.103409,31
5,374,245.981674,179.102142,245.981688,179.102281,31
5,375,576.164795,178.724518,576.164802,178.724648,31
5,376,246.112488,293.480927,246.112509,293.481042,31
5,377,543.342712,350.330444,543.342709,350.330548,31
5,378,278.934631,121.875000,278.934630,121.875141,31
5,379,543.081055,121.572884,543.081069,121.573027,31
5,380,279.196259,350.632568,279.196271,350.632678,31
5,381,444.353210,407.633118,444.353209,407.633220,31
5,382,377.924133,64.572334,377.924131,64.572484,31
5,383,443.960724,64.496803,443.960719,64.496952,31
5,384,378.316589,407.708649,378.316592,407.708752,31
5,385,499.361908,388.507050,499.361905,388.507152,31
5,386,322.915405,83.698380,322.915406,83.698523,31
5,387,499.013062,83.496979,499.013060,83.497123,31
5,388,323.264252,388.708466,323.264250,388.708581,31
5,389,587.236328,235.901321,587.236310,235.901452,31
5,390,235.041016,236.304138,235.041030,236.304267,31
5,391,587.279907,274.027588,587.279868,274.027706,31
5,392,234.997391,198.177887,234.997413,198.178013,31
5,393,587.192688,197.775070,587.192693,197.775198,31
5,394,235.084625,274.430389,235.084646,274.430506,31
5,395,532.358398,369.406158,532.358376,369.406281,31
5,396,289.918884,102.799278,289.918905,102.799423,31
5,397,532.053162,102.522346,532.053177,102.522491,31
5,398,290.224152,369.683105,290.224162,369.683213,31
5,399,466.365417,407.607941,466.365405,407.608052,31
5,400,355.911926,64.597504,355.911935,64.597652,31
5,401,465.972961,64.471634,465.972944,64.471784,31
5,402,356.304352,407.733795,356.304367,407.733920,31
5,403,598.264221,254.951843,598.264202,254.951973,31
5,404,224.013092,217.253586,224.013109,217.253717,31
5,405,598.220581,216.825607,598.220585,216.825734,31
5,406,224.056702,255.379837,224.056725,255.379970,31
5,407,521.374084,388.481873,521.374101,388.481984,31
5,408,300.903198,83.723572,300.903210,83.723720,31
5,409,521.025269,83.471809,521.025227,83.471955,31
5,410,301.252045,388.733643,301.252054,388.733749,31
5,411,488.377594,407.582764,488.377601,407.582884,31
5,412,333.899689,64.622704,333.899710,64.622849,31
5,413,487.985138,64.446472,487.985140,64.446616,31
5,414,334.292145,407.759003,334.292142,407.759117,31
5,415,411.356689,426.734009,411.356679,426.734120,31
5,416,410.920624,45.471405,410.920631,45.471555,31
5,417,410.920624,45.471405,410.920631,45.471555,31
5,418,411.356689,426.734009,411.356679,426.734120,31
5,419,576.339233,331.229553,576.339209,331.229677,31
5,420,245.938080,140.975891,245.938101,140.976027,31
5,421,576.121216,140.598251,576.121185,140.598395,31
5,422,246.156113,331.607178,246.156125,331.607310,31
5,423,587.323486,312.153809,587.323485,312.153945,31
5,424,234.953812,160.051620,234.953826,160.051760,31
5,425,587.149109,159.648804,587.149077,159.648945,31
5,426,235.128220,312.556641,235.128233,312.556774,31
5,427,256.922394,121.900169,256.922405,121.900309,31
5,428,565.093262,121.547707,565.093236,121.547844,31
5,429,257.184021,350.657715,257.184046,350.657845,31
5,430,388.908447,45.496574,388.908435,45.496723,31
5,431,432.932831,45.446239,432.932827,45.446387,31
5,432,389.344482,426.759186,389.344483,426.759288,31
5,433,223.969467,179.127335,223.969492,179.127463,31
5,434,598.177002,178.699341,598.176969,178.699480,31
5,435,224.100296,293.506104,224.100313,293.506238,31
5,436,267.906708,102.824463,267.906709,102.824606,31
5,437,554.065369,102.497177,554.065344,102.497323,31
5,438,268.211945,369.708252,268.211967,369.708381,31
5,439,366.896240,45.521770,366.896239,45.521920,31
5,440,454.945068,45.421070,454.945052,45.421219,31
5,441,311.887543,64.647873,311.887543,64.648017,31
5,442,509.997345,64.421272,509.997335,64.421420,31
5,443,213.028809,236.329300,213.028834,236.329435,31
5,444,278.890991,83.748741,278.891014,83.748888,31
5,445,344.884003,45.546940,344.884014,45.547087,31
5,446,434.732971,236.023132,434.732967,236.023298,25
5,447,445.578583,254.758789,445.578579,254.758947,25
5,448,423.887360,217.287476,423.887356,217.287649,25
5,449,445.535706,217.262726,445.535712,217.262898,25
5,450,423.930206,254.783539,423.930223,254.783699,25
5,451,456.381348,235.998383,456.381351,235.998547,25
5,452,413.084595,236.047913,413.084611,236.048079,25
5,453,434.775848,273.519226,434.775863,273.519377,25
5,454,434.690063,198.527069,434.690072,198.527249,25
5,455,434.690063,198.527069,434.690072,198.527249,25
5,456,434.775848,273.519226,434.775863,273.519377,25
5,457,467.226959,254.734024,467.226963,254.734196,25
5,458,402.238953,217.312225,402.238971,217.312401,25
5,459,467.184082,217.237961,467.184067,217.238132,25
5,460,402.281860,254.808319,402.281867,254.808479,25
5,461,456.424225,273.494446,456.424218,273.494596,25
5,462,413.041748,198.551819,413.041744,198.552000,25
5,463,456.338470,198.502304,456.338456,198.502483,25
5,464,413.127472,273.543976,413.127478,273.544128,25
5,465,478.029694,235.973633,478.029679,235.973795,25
5,466,391.436249,236.072662,391.436255,236.072830,25
5,467,445.621490,292.254883,445.621474,292.255025,25
5,468,423.844452,179.791412,423.844460,179.791585,25
5,469,445.492859,179.766647,445.492845,179.766819,25
5,470,423.973114,292.279633,423.973118,292.279777,25
5,471,488.875336,254.709274,488.875319,254.709444,25
5,472,380.590637,217.336990,380.590644,217.337167,25
5,473,488.832458,217.213196,488.832452,217.213366,25
5,474,380.633514,254.833069,380.633511,254.833231,25
5,475,478.072571,273.469696,478.072574,273.469844,25
5,476,391.393341,198.576584,391.393360,198.576766,25
5,477,477.986816,198.477554,477.986812,198.477731,25
5,478,391.479126,273.568726,391.479122,273.568880,25
5,479,467.269867,292.230103,467.269858,292.230245,25
5,480,402.196106,179.816177,402.196104,179.816351,25
5,481,467.141205,179.741882,467.141200,179.742068,25
5,482,402.324768,292.304382,402.324762,292.304529,25
5,483,499.678070,235.948868,499.678063,235.949029,25
5,484,369.787872,236.097412,369.787899,236.097582,25
5,485,434.818726,311.015259,434.818730,311.015426,25
5,486,434.647186,161.031006,434.647176,161.031185,25
5,487,434.647186,161.031006,434.647176,161.031185,25
5,488,434.818726,311.015259,434.818730,311.015426,25
5,489,499.720978,273.444946,499.720959,273.445093,25
5,490,369.744995,198.601349,369.745004,198.601518,25
5,491,499.635193,198.452789,499.635168,198.452965,25
5,492,369.830780,273.593475,369.830795,273.593632,25
5,493,510.523682,254.684525,510.523675,254.684692,25
5,494,358.942230,217.361755,358.942259,217.361933,25
5,495,510.480804,217.188446,510.480779,217.188614,25
5,496,358.985138,254.857819,358.985155,254.857983,25
5,497,488.918213,292.205322,488.918214,292.205493,25
5,498,380.547729,179.840927,380.547748,179.841103,25
5,499,488.789581,179.717117,488.789556,179.717302,25
5,500,380.676392,292.329132,380.676406,292.329281,25
5,501,456.467102,310.990509,456.467086,310.990674,25
5,502,412.998840,161.055756,412.998849,161.055936,25
5,503,456.295563,161.006241,456.295560,161.006419,25
5,504,413.170380,311.040039,413.170374,311.040178,25
5,505,478.115479,310.965759,478.115470,310.965923,25
5,506,391.350464,161.080521,391.350464,161.080703,25
5,507,477.943939,160.981491,477.943916,160.981667,25
5,508,391.521973,311.064819,391.521989,311.064958,25
5,509,521.326477,235.924088,521.326448,235.924263,25
5,510,348.139496,236.122177,348.139515,236.122348,25
5,511,445.664368,329.750916,445.664370,329.751075,25
5,512,423.801575,142.295334,423.801565,142.295522,25
5,513,445.449951,142.270569,445.449949,142.270755,25
5,514,424.015991,329.775665,424.015985,329.775827,25
5,515,521.369324,273.420166,521.369286,273.420341,25
5,516,348.096588,198.626114,348.096620,198.626284,25
5,517,521.283569,198.428024,521.283552,198.428199,25
5,518,348.182404,273.618256,348.182411,273.618412,25
5,519,510.566589,292.180573,510.566570,292.180742,25
5,520,358.899353,179.865692,358.899364,179.865869,25
5,521,510.437958,179.692368,510.437941,179.692550,25
5,522,359.028015,292.353912,359.028022,292.354061,25
5,523,532.172058,254.659744,532.172059,254.659912,25
5,524,337.293854,217.386520,337.293875,217.386685,25
5,525,532.129211,217.163681,532.129164,217.163848,25
5,526,337.336761,254.882599,337.336771,254.882763,25
5,527,499.763855,310.940979,499.763854,310.941142,25
5,528,369.702118,161.105270,369.702137,161.105454,25
5,529,499.592316,160.956711,499.592301,160.956901,25
5,530,369.873657,311.089569,369.873662,311.089710,25
5,531,467.312775,329.726166,467.312754,329.726323,25
5,532,402.153229,142.320099,402.153237,142.320288,25
5,533,467.098328,142.245819,467.098333,142.246004,25
5,534,402.367645,329.800446,402.367658,329.800607,25
5,535,488.961090,329.701416,488.961081,329.701572,25
5,536,380.504852,142.344849,380.504853,142.345039,25
5,537,488.746674,142.221054,488.746661,142.221238,25
5,538,380.719269,329.825195,380.719273,329.825359,25
5,539,542.974792,235.899338,542.974775,235.899511,25
5,540,326.491150,236.146942,326.491159,236.147114,25
5,541,434.861633,348.511353,434.861625,348.511504,25
5,542,434.604309,123.534920,434.604309,123.535107,25
5,543,434.604309,123.534920,434.604309,123.535107,25
5,544,434.861633,348.511353,434.861625,348.511504,25
5,545,532.214966,292.155823,532.214955,292.155990,25
5,546,337.250946,179.890442,337.250980,179.890621,25
5,547,532.086304,179.667603,532.086268,179.667784,25
5,548,337.379608,292.378662,337.379638,292.378813,25
5,549,543.017700,273.395386,543.017671,273.395561,25
5,550,326.448242,198.650864,326.448264,198.651036,25
5,551,542.931946,198.403275,542.931937,198.403447,25
5,552,326.534027,273.643005,326.534055,273.643164,25
5,553,521.412170,310.916229,521.412182,310.916391,25
5,554,348.053741,161.130035,348.053753,161.130220,25
5,555,521.240662,160.931946,521.240657,160.932135,25
5,556,348.225250,311.114319,348.225278,311.114462,25
5,557,456.509979,348.486572,456.509981,348.486724,25
5,558,412.955963,123.559669,412.955953,123.559858,25
5,559,456.252655,123.510147,456.252665,123.510341,25
5,560,413.213257,348.536102,413.213269,348.536256,25
5,561,553.820496,254.634995,553.820443,254.635160,25
5,562,315.645538,217.411270,315.645548,217.411437,25
5,563,553.777588,217.138916,553.777548,217.139082,25
5,564,315.688416,254.907349,315.688443,254.907515,25
5,565,510.609467,329.676636,510.609466,329.676791,25
5,566,358.856476,142.369614,358.856497,142.369805,25
5,567,510.395050,142.196304,510.395045,142.196486,25
5,568,359.070892,329.849976,359.070917,329.850111,25
5,569,478.158386,348.461823,478.158365,348.461972,25
5,570,391.307556,123.584435,391.307569,123.584624,25
5,571,477.901062,123.485397,477.901049,123.485589,25
5,572,391.564880,348.560852,391.564885,348.561008,25
5,573,499.806732,348.437073,499.806721,348.437221,25
5,574,369.659241,123.609184,369.659241,123.609376,25
5,575,499.549408,123.460632,499.549405,123.460823,25
5,576,369.916534,348.585602,369.916557,348.585760,25
5,577,564.623169,235.874588,564.623159,235.874759,25
5,578,304.842773,236.171692,304.842803,236.171866,25
5,579,445.707275,367.247009,445.707265,367.247153,25
5,580,423.758667,104.799263,423.758669,104.799458,25
5,581,445.407043,104.774498,445.407054,104.774692,25
5,582,424.058868,367.271759,424.058881,367.271905,25
5,583,553.863281,292.131042,553.863282,292.131210,25
5,584,315.602631,179.915207,315.602652,179.915387,25
5,585,553.734680,179.642853,553.734652,179.643032,25
5,586,315.731293,292.403412,315.731310,292.403565,25
5,587,543.060608,310.891479,543.060566,310.891639,25
5,588,326.405365,161.154785,326.405397,161.154972,25
5,589,542.889038,160.907196,542.889041,160.907383,25
5,590,326.576904,311.139069,326.576922,311.139214,25
5,591,564.666077,273.370636,564.666055,273.370809,25
5,592,304.799896,198.675629,304.799908,198.675802,25
5,593,564.580261,198.378510,564.580264,198.378681,25
5,594,304.885681,273.667755,304.885699,273.667916,25
5,595,532.257874,329.651886,532.257850,329.652040,25
5,596,337.208099,142.394363,337.208113,142.394557,25
5,597,532.043396,142.171539,532.043373,142.171720,25
5,598,337.422516,329.874756,337.422533,329.874891,25
5,599,467.355621,367.222229,467.355621,367.222373,25
5,600,402.110321,104.824028,402.110342,104.824224,25
5,601,467.055450,104.749748,467.055438,104.749940,25
5,602,402.410522,367.296509,402.410525,367.296657,25
5,603,575.468811,254.610245,575.468771,254.610408,25
5,604,293.997131,217.436050,293.997163,217.436217,25
5,605,575.425903,217.114151,575.425875,217.114330,25
5,606,294.040039,254.932098,294.040059,254.932267,25
5,607,521.455078,348.412292,521.455077,348.412440,25
5,608,348.010834,123.633949,348.010857,123.634142,25
5,609,521.197754,123.435867,521.197761,123.436057,25
5,610,348.268158,348.610382,348.268173,348.610540,25
5,611,489.003998,367.197479,489.003977,367.197621,25
5,612,380.461945,104.848785,380.461957,104.848975,25
5,613,488.703766,104.724976,488.703765,104.725174,25
5,614,380.762146,367.321289,380.762169,367.321437,25
5,615,434.561432,86.038849,434.561442,86.039043,25
5,616,434.561432,86.038849,434.561442,86.039043,25
5,617,564.537415,160.882431,564.537368,160.882617,25
5,618,575.383057,179.618088,575.383037,179.618266,25
5,619,553.691772,142.146774,553.691757,142.146968,25
5,620,510.352173,104.700226,510.352150,104.700422,25
5,621,412.913055,86.063599,412.913058,86.063794,25
5,622,456.209808,86.014091,456.209798,86.014291,25
5,623,586.271545,235.849823,586.271544,235.849993,25
5,624,458.520844,236.186218,458.520835,236.186483,27
5,625,468.910736,254.134659,468.910744,254.134913,27
5,626,448.130890,218.237778,448.130898,218.238053,27
5,627,468.869659,218.214050,468.869651,218.214328,27
5,628,448.171967,254.158371,448.171964,254.158625,27
5,629,479.259583,236.162506,479.259561,236.162771,27
5,630,437.782043,236.209930,437.782054,236.210195,27
5,631,458.561890,272.106812,458.561901,272.107055,27
5,632,458.479736,200.265610,458.479742,200.265898,27
5,633,458.479736,200.265610,458.479742,200.265898,27
5,634,458.561890,272.106812,458.561901,272.107055,27
5,635,489.649506,254.110947,489.649498,254.111201,27
5,636,427.392120,218.261490,427.392145,218.261765,27
5,637,489.608459,218.190323,489.608432,218.190602,27
5,638,427.433197,254.182083,427.433211,254.182337,27
5,639,479.300659,272.083099,479.300654,272.083343,27
5,640,437.740936,200.289337,437.740961,200.289623,27
5,641,479.218506,200.241898,479.218495,200.242186,27
5,642,437.823120,272.130554,437.823148,272.130794,27
5,643,499.998352,236.138779,499.998341,236.139046,27
5,644,417.043274,236.233673,417.043301,236.233934,27
5,645,468.951843,290.055237,468.951838,290.055485,27
5,646,448.089813,182.317154,448.089832,182.317454,27
5,647,468.828583,182.293442,468.828585,182.293742,27
5,648,448.213043,290.078979,448.213057,290.079224,27
5,649,510.388275,254.087234,510.388251,254.087490,27
5,650,406.653320,218.285202,406.653364,218.285477,27
5,651,510.347168,218.166611,510.347158,218.166891,27
5,652,406.694427,254.205811,406.694458,254.206076,27
5,653,500.039459,272.059387,500.039435,272.059631,27
5,654,417.002197,200.313049,417.002235,200.313335,27
5,655,499.957275,200.218170,499.957248,200.218461,27
5,656,417.084351,272.154266,417.084367,272.154506,27
5,657,489.690613,290.031525,489.690591,290.031773,27
5,658,427.351013,182.340881,427.351052,182.341180,27
5,659,489.567352,182.269714,489.567339,182.270017,27
5,660,427.474274,290.102692,427.474304,290.102936,27
5,661,520.737183,236.115051,520.737122,236.115321,27
5,662,396.304504,236.257370,396.304548,236.257646,27
5,663,458.602966,308.027435,458.602967,308.027654,27
5,664,458.438629,164.345001,458.438649,164.345312,27
5,665,458.438629,164.345001,458.438649,164.345312,27
5,666,458.602966,308.027435,458.602967,308.027654,27
5,667,520.778198,272.035675,520.778160,272.035920,27
5,668,396.263428,200.336777,396.263455,200.337060,27
5,669,520.696045,200.194443,520.696029,200.194735,27
5,670,396.345581,272.177979,396.345614,272.178218,27
5,671,531.127075,254.063492,531.127031,254.063751,27
5,672,385.914581,218.308929,385.914639,218.309202,27
5,673,531.085999,218.142883,531.085938,218.143165,27
5,674,385.955658,254.229523,385.955704,254.229788,27
5,675,510.429382,290.007812,510.429344,290.008061,27
5,676,406.612274,182.364609,406.612299,182.364905,27
5,677,510.306152,182.246002,510.306119,182.246305,27
5,678,406.735504,290.126404,406.735551,290.126648,27
5,679,479.341766,308.003723,479.341747,308.003942,27
5,680,437.699860,164.368729,437.699868,164.369038,27
5,681,479.177399,164.321289,479.177402,164.321601,27
5,682,437.864197,308.051147,437.864213,308.051366,27
5,683,500.080536,307.979980,500.080528,307.980203,27
5,684,416.961121,164.392441,416.961142,164.392750,27
5,685,499.916199,164.297562,499.916182,164.297875,27
5,686,417.125427,308.074860,417.125460,308.075077,27
5,687,541.475891,236.091339,541.475848,236.091609,27
5,688,468.787506,146.372833,468.787520,146.373157,27
5,689,541.516968,272.011932,541.516941,272.012180,27
5,690,541.434875,200.170731,541.434809,200.171023,27
5,691,531.168152,289.984100,531.168125,289.984350,27
5,692,531.044861,182.222275,531.044845,182.222580,27
5,693,551.865845,254.039780,551.865812,254.040039,27
5,694,551.824768,218.119156,551.824719,218.119440,27
5,695,434.146332,236.397049,434.146340,236.397196,91
5,696,445.083099,255.290146,445.083091,255.290288,91
5,697,423.209595,217.503952,423.209588,217.504103,91
5,698,445.039856,217.478989,445.039864,217.479143,91
5,699,423.252808,255.315094,423.252815,255.315248,91
5,700,455.976654,236.372086,455.976645,236.372236,91
5,701,412.316071,236.422028,412.316064,236.422184,91
5,702,434.189606,274.208221,434.189596,274.208369,91
5,703,434.103088,198.585892,434.103084,198.586051,91
5,704,434.103088,198.585892,434.103084,198.586051,91
5,705,434.189606,274.208221,434.189596,274.208369,91
5,706,466.913391,255.265182,466.913396,255.265328,91
5,707,401.379272,217.528915,401.379283,217.529063,91
5,708,466.870148,217.454010,466.870140,217.454169,91
5,709,401.422546,255.340088,401.422539,255.340236,91
5,710,456.019867,274.183228,456.019872,274.183381,91
5,711,412.272827,198.610855,412.272836,198.611011,91
5,712,455.933380,198.560928,455.933389,198.561077,91
5,713,412.359283,274.233185,412.359291,274.233329,91
5,714,477.806885,236.347122,477.806892,236.347276,91
5,715,390.485779,236.446991,390.485788,236.447144,91
5,716,445.126343,293.101318,445.126347,293.101462,91
5,717,423.166321,179.692780,423.166332,179.692944,91
5,718,444.996643,179.667816,444.996637,179.667970,91
5,719,423.296082,293.126282,423.296071,293.126421,91
5,720,488.743683,255.240219,488.743672,255.240369,91
5,721,379.549042,217.553879,379.549036,217.554037,91
5,722,488.700439,217.429047,488.700445,217.429195,91
5,723,379.592255,255.365051,379.592263,255.365196,91
5,724,477.850159,274.158264,477.850148,274.158421,91
5,725,390.442535,198.635834,390.442532,198.635985,91
5,726,477.763672,198.535965,477.763665,198.536117,91
5,727,390.529022,274.258148,390.529015,274.258289,91
5,728,466.956665,293.076324,466.956652,293.076473,91
5,729,401.336060,179.717758,401.336056,179.717918,91
5,730,466.826904,179.642853,466.826913,179.643010,91
5,731,401.465790,293.151245,401.465795,293.151381,91
5,732,499.637207,236.322159,499.637197,236.322302,91
5,733,368.655518,236.471954,368.655511,236.472104,91
5,734,434.232819,312.019379,434.232823,312.019514,91
5,735,434.059814,160.774734,434.059828,160.774892,91
5,736,434.059814,160.774734,434.059828,160.774892,91
5,737,434.232819,312.019379,434.232823,312.019514,91
5,738,499.680450,274.133331,499.680453,274.133461,91
5,739,368.612244,198.660797,368.612255,198.660945,91
5,740,499.593964,198.510986,499.593941,198.511143,91
5,741,368.698761,274.283112,368.698767,274.283248,91
5,742,510.573975,255.215256,510.573948,255.215409,91
5,743,357.718719,217.578857,357.718731,217.579011,91
5,744,510.530701,217.404083,510.530693,217.404235,91
5,745,357.761963,255.390015,357.761987,255.390156,91
5,746,488.786926,293.051361,488.786928,293.051513,91
5,747,379.505768,179.742722,379.505780,179.742878,91
5,748,488.657196,179.617874,488.657189,179.618036,91
5,749,379.635498,293.176208,379.635519,293.176341,91
5,750,456.063110,311.994415,456.063099,311.994554,91
5,751,412.229584,160.799698,412.229580,160.799852,91
5,752,455.890137,160.749756,455.890133,160.749918,91
5,753,412.402557,312.044342,412.402547,312.044474,91
5,754,477.893402,311.969452,477.893404,311.969594,91
5,755,390.399261,160.824661,390.399276,160.824826,91
5,756,477.720428,160.724792,477.720409,160.724958,91
5,757,390.572235,312.069336,390.572242,312.069462,91
5,758,521.467529,236.297180,521.467502,236.297328,91
5,759,346.825195,236.496933,346.825207,236.497078,91
5,760,445.169617,330.912476,445.169603,330.912606,91
5,761,423.123077,141.881622,423.123076,141.881785,91
5,762,444.953369,141.856644,444.953381,141.856811,91
5,763,423.339294,330.937439,423.339299,330.937566,91
5,764,521.510742,274.108368,521.510700,274.108501,91
5,765,346.781952,198.685760,346.781951,198.685919,91
5,766,521.424255,198.486008,521.424246,198.486169,91
5,767,346.868439,274.308105,346.868463,274.308237,91
5,768,510.617218,293.026398,510.617204,293.026554,91
5,769,357.675476,179.767700,357.675475,179.767852,91
5,770,510.487518,179.592926,510.487494,179.593076,91
5,771,357.805206,293.201202,357.805214,293.201329,91
5,772,532.404297,255.190277,532.404253,255.190420,91
5,773,335.888428,217.603821,335.888426,217.603971,91
5,774,532.361023,217.379105,532.360997,217.379261,91
5,775,335.931671,255.414993,335.931682,255.415145,91
5,776,499.723724,311.944458,499.723709,311.944606,91
5,777,368.569031,160.849625,368.569028,160.849786,91
5,778,499.550720,160.699829,499.550714,160.699984,91
5,779,368.741974,312.094269,368.741995,312.094422,91
5,780,466.999908,330.887512,466.999908,330.887647,91
5,781,401.292816,141.906601,401.292829,141.906759,91
5,782,466.783691,141.831696,466.783686,141.831851,91
5,783,401.509033,330.962433,401.509051,330.962555,91
5,784,488.830170,330.862549,488.830156,330.862687,91
5,785,379.462524,141.931549,379.462524,141.931719,91
5,786,488.613953,141.806717,488.613933,141.806877,91
5,787,379.678741,330.987366,379.678746,330.987514,91
5,788,543.297791,236.272217,543.297749,236.272368,91
5,789,324.994904,236.521896,324.994930,236.522052,91
5,790,434.276093,349.830566,434.276079,349.830687,91
5,791,434.016602,122.963554,434.016601,122.963718,91
5,792,434.016602,122.963554,434.016601,122.963718,91
5,793,434.276093,349.830566,434.276079,349.830687,91
5,794,532.447510,293.001465,532.447509,293.001594,91
5,795,335.845154,179.792648,335.845170,179.792812,91
5,796,532.317749,179.567947,532.317741,179.568102,91
5,797,335.974884,293.226135,335.974909,293.226289,91
5,798,543.341003,274.083374,543.341005,274.083513,91
5,799,324.951660,198.710724,324.951674,198.710879,91
5,800,543.254578,198.461060,543.254551,198.461209,91
5,801,325.038177,274.333038,325.038186,274.333197,91
5,802,521.553955,311.919495,521.553956,311.919646,91
5,803,346.738708,160.874603,346.738723,160.874760,91
5,804,521.380981,160.674850,521.380990,160.675010,91
5,805,346.911682,312.119232,346.911690,312.119382,91
5,806,456.106354,349.805573,456.106355,349.805699,91
5,807,412.186310,122.988510,412.186324,122.988678,91
5,808,455.846893,122.938576,455.846877,122.938744,91
5,809,412.445801,349.855499,412.445803,349.855647,91
5,810,554.234558,255.165314,554.234558,255.165460,91
5,811,314.058167,217.628784,314.058179,217.628931,91
5,812,554.191345,217.354141,554.191302,217.354287,91
5,813,314.101410,255.439957,314.101435,255.440104,91
5,814,510.660461,330.837555,510.660460,330.837698,91
5,815,357.632233,141.956528,357.632248,141.956693,91
5,816,510.444244,141.781754,510.444238,141.781917,91
5,817,357.848450,331.012329,357.848470,331.012474,91
5,818,477.936676,349.780609,477.936660,349.780739,91
5,819,390.356018,123.013489,390.356020,123.013652,91
5,820,477.677185,122.913620,477.677182,122.913784,91
5,821,390.615479,349.880463,390.615498,349.880607,91
5,822,499.766937,349.755646,499.766936,349.755779,91
5,823,368.525757,123.038445,368.525772,123.038612,91
5,824,499.507477,122.888641,499.507458,122.888810,91
5,825,368.785248,349.905426,368.785251,349.905567,91
5,826,565.128052,236.247253,565.128054,236.247408,91
5,827,303.164642,236.546860,303.164654,236.547012,91
5,828,445.212860,368.723663,445.212859,368.723780,91
5,829,423.079834,104.070457,423.079820,104.070626,91
5,830,444.910126,104.045486,444.910125,104.045652,91
5,831,423.382568,368.748596,423.382554,368.748740,91
5,832,554.277771,292.976471,554.277757,292.976605,91
5,833,314.014893,179.817627,314.014923,179.817786,91
5,834,554.148071,179.542984,554.148046,179.543142,91
5,835,314.144653,293.251099,314.144662,293.251249,91
5,836,543.384277,311.894562,543.384261,311.894686,91
5,837,324.908447,160.899567,324.908447,160.899719,91
5,838,543.211304,160.649887,543.211295,160.650050,91
5,839,325.081390,312.144196,325.081414,312.144342,91
5,840,565.171326,274.058411,565.171310,274.058553,91
5,841,303.121368,198.735703,303.121398,198.735853,91
5,842,565.084839,198.436081,565.084798,198.436235,91
5,843,303.207886,274.358002,303.207910,274.358157,91
5,844,532.490784,330.812592,532.490765,330.812738,91
5,845,335.801941,141.981491,335.801943,141.981653,91
5,846,532.274475,141.756775,532.274485,141.756943,91
5,847,336.018158,331.037323,336.018165,331.037463,91
5,848,467.043152,368.698669,467.043135,368.698791,91
5,849,401.249573,104.095428,401.249573,104.095600,91
5,850,466.740448,104.020523,466.740430,104.020692,91
5,851,401.552277,368.773560,401.552278,368.773699,91
5,852,576.064819,255.140350,576.064806,255.140501,91
5,853,292.227844,217.653763,292.227874,217.653919,91
5,854,576.021545,217.329178,576.021550,217.329327,91
5,855,292.271118,255.464920,292.271130,255.465064,91
5,856,521.597229,349.730652,521.597212,349.730791,91
5,857,346.695465,123.063423,346.695467,123.063586,91
5,858,521.337769,122.863670,521.337734,122.863836,91
5,859,346.954926,349.930420,346.954946,349.930555,91
5,860,488.873413,368.673706,488.873412,368.673832,91
5,861,379.419250,104.120392,379.419268,104.120560,91
5,862,488.570679,103.995552,488.570677,103.995718,91
5,863,379.721985,368.798553,379.722002,368.798688,91
5,864,434.319305,387.641693,434.319306,387.641832,91
5,865,433.973389,85.152390,433.973373,85.152559,91
5,866,433.973389,85.152390,433.973373,85.152559,91
5,867,434.319305,387.641693,434.319306,387.641832,91
5,868,565.214600,311.869568,565.214566,311.869698,91
5,869,303.078156,160.924530,303.078171,160.924694,91
5,870,565.041565,160.624908,565.041542,160.625076,91
5,871,303.251129,312.169189,303.251138,312.169330,91
5,872,576.108093,292.951508,576.108062,292.951645,91
5,873,292.184601,179.842590,292.184618,179.842746,91
5,874,575.978394,179.518005,575.978351,179.518168,91
5,875,292.314331,293.276093,292.314357,293.276238,91
5,876,554.321045,330.787628,554.321013,330.787779,91
5,877,313.971680,142.006470,313.971696,142.006627,91
5,878,554.104797,141.731827,554.104790,141.731983,91
5,879,314.187897,331.062286,314.187918,331.062423,91
5,880,510.703735,368.648743,510.703716,368.648872,91
5,881,357.588989,104.145363,357.588992,104.145534,91
5,882,510.401001,103.970589,510.400982,103.970758,91
5,883,357.891724,368.823517,357.891726,368.823648,91
5,884,456.149628,387.616730,456.149611,387.616872,91
5,885,412.143066,85.177345,412.143068,85.177519,91
5,886,455.803650,85.127426,455.803649,85.127599,91
5,887,412.489044,387.666656,412.489059,387.666792,91
5,888,586.958374,236.222290,586.958359,236.222434,91
5,889,281.334351,236.571823,281.334378,236.571972,91
5,890,587.001587,274.033447,587.001557,274.033593,91
5,891,281.291107,198.760666,281.291122,198.760827,91
5,892,586.915100,198.411118,586.915103,198.411275,91
5,893,281.377625,274.382996,281.377634,274.383145,91
5,894,543.427551,349.705688,543.427517,349.705831,91
5,895,324.865173,123.088379,324.865191,123.088546,91
5,896,543.168030,122.838715,543.168039,122.838876,91
5,897,325.124664,349.955383,325.124670,349.955515,91
5,898,477.979889,387.591766,477.979887,387.591884,91
5,899,390.312775,85.202309,390.312792,85.202479,91
5,900,477.633942,85.102440,477.633926,85.102611,91
5,901,390.658752,387.691650,390.658754,387.691780,91
5,902,270.397583,217.678726,270.397598,217.678879,91
5,903,270.440826,255.489899,270.440854,255.490053,91
5,904,532.533997,368.623779,532.533964,368.623912,91
5,905,335.758667,104.170326,335.758687,104.170494,91
5,906,532.231323,103.945618,532.231287,103.945784,91
5,907,336.061401,368.848480,336.061421,368.848607,91
5,908,499.810211,387.566803,499.810192,387.566924,91
5,909,368.482513,85.227295,368.482516,85.227467,91
5,910,499.464233,85.077484,499.464230,85.077651,91
5,911,368.828461,387.716614,368.828478,387.716740,91
5,912,281.247864,160.949509,281.247895,160.949668,91
5,913,281.420837,312.194153,281.420861,312.194290,91
5,914,292.141357,142.031418,292.141391,142.031587,91
5,915,292.357605,331.087250,292.357613,331.087382,91
5,916,270.354309,179.867569,270.354342,179.867720,91
5,917,270.484070,293.301056,270.484081,293.301197,91
5,918,303.034912,123.113358,303.034915,123.113520,91
5,919,303.294373,349.980347,303.294393,349.980475,91
5,920,259.504059,236.596802,259.504073,236.596946,91
5,921,434.734314,236.900879,434.734311,236.901038,36
5,922,445.625488,255.715256,445.625492,255.715408,36
5,923,423.843140,218.086502,423.843129,218.086667,36
5,924,445.582458,218.061646,445.582445,218.061811,36
5,925,423.886169,255.740112,423.886176,255.740264,36
5,926,456.473663,236.876022,456.473655,236.876182,36
5,927,412.994995,236.925766,412.994995,236.925922,36
5,928,434.777374,274.554504,434.777387,274.554663,36
5,929,434.691223,199.247269,434.691235,199.247440,36
5,930,434.691223,199.247269,434.691235,199.247440,36
5,931,434.777374,274.554504,434.777387,274.554663,36
5,932,467.364838,255.690399,467.364837,255.690552,36
5,933,402.103790,218.111359,402.103785,218.111523,36
5,934,467.321777,218.036774,467.321761,218.036941,36
5,935,402.146851,255.764984,402.146861,255.765148,36
5,936,456.516693,274.529633,456.516702,274.529779,36
5,937,412.951935,199.272125,412.951948,199.272296,36
5,938,456.430573,199.222397,456.430580,199.222570,36
5,939,413.038025,274.579376,413.038042,274.579519,36
5,940,478.212952,236.851166,478.212943,236.851326,36
5,941,391.255676,236.950623,391.255679,236.950778,36
5,942,445.668579,293.368896,445.668568,293.369034,36
5,943,423.800049,180.432892,423.800054,180.433056,36
5,944,445.539398,180.408020,445.539398,180.408185,36
5,945,423.929260,293.393738,423.929252,293.393890,36
5,946,489.104156,255.665543,489.104153,255.665697,36
5,947,380.364502,218.136230,380.364498,218.136393,36
5,948,489.061127,218.011902,489.061106,218.012071,36
5,949,380.407532,255.789841,380.407545,255.790004,36
5,950,478.256012,274.504761,478.256018,274.504923,36
5,951,391.212585,199.296997,391.212603,199.297166,36
5,952,478.169891,199.197540,478.169895,199.197715,36
5,953,391.298706,274.604218,391.298726,274.604375,36
5,954,467.407928,293.343994,467.407913,293.344149,36
5,955,402.060730,180.457748,402.060738,180.457926,36
5,956,467.278717,180.383163,467.278714,180.383330,36
5,957,402.189941,293.418579,402.189936,293.418745,36
5,958,499.952301,236.826294,499.952287,236.826456,36
5,959,369.516357,236.975479,369.516363,236.975633,36
5,960,434.820435,312.208099,434.820434,312.208260,36
5,961,434.648163,161.593658,434.648159,161.593829,36
5,962,434.648163,161.593658,434.648159,161.593829,36
5,963,434.820435,312.208099,434.820434,312.208260,36
5,964,499.995361,274.479919,499.995363,274.480067,36
5,965,369.473267,199.321854,369.473287,199.322022,36
5,966,499.909210,199.172684,499.909211,199.172845,36
5,967,369.559418,274.629089,369.559439,274.629230,36
5,968,510.843475,255.640686,510.843469,255.640841,36
5,969,358.625153,218.161102,358.625153,218.161263,36
5,970,510.800415,217.987045,510.800393,217.987215,36
5,971,358.668213,255.814697,358.668229,255.814860,36
5,972,489.147247,293.319153,489.147228,293.319294,36
5,973,380.321411,180.482605,380.321422,180.482781,36
5,974,489.018036,180.358292,489.018030,180.358460,36
5,975,380.450623,293.443451,380.450620,293.443601,36
5,976,456.559753,312.183258,456.559750,312.183404,36
5,977,412.908875,161.618515,412.908872,161.618685,36
5,978,456.387512,161.568787,456.387504,161.568959,36
5,979,413.081116,312.232971,413.081118,312.233116,36
5,980,478.299103,312.158386,478.299094,312.158549,36
5,981,391.169525,161.643387,391.169528,161.643555,36
5,982,478.126831,161.543930,478.126820,161.544103,36
5,983,391.341766,312.257843,391.341773,312.258000,36
5,984,521.691650,236.801422,521.691632,236.801586,36
5,985,347.777008,237.000336,347.777019,237.000504,36
5,986,445.711639,331.022491,445.711644,331.022631,36
5,987,423.756989,142.779266,423.756978,142.779444,36
5,988,445.496338,142.754395,445.496322,142.754574,36
5,989,423.972290,331.047333,423.972299,331.047487,36
5,990,521.734680,274.455048,521.734650,274.455211,36
5,991,347.733917,199.346725,347.733943,199.346892,36
5,992,521.648560,199.147812,521.648556,199.147974,36
5,993,347.820068,274.653961,347.820094,274.654115,36
5,994,510.886566,293.294281,510.886544,293.294438,36
5,995,358.582062,180.507477,358.582077,180.507652,36
5,996,510.757385,180.333435,510.757374,180.333604,36
5,997,358.711273,293.468323,358.711276,293.468485,36
5,998,532.582825,255.615799,532.582813,255.615956,36
5,999,336.885803,218.185959,336.885809,218.186119,36
5,1000,532.539734,217.962173,532.539737,217.962345,36
5,1001,336.928864,255.839584,336.928884,255.839744,36
5,1002,500.038452,312.133514,500.038439,312.133664,36
5,1003,369.430237,161.668243,369.430240,161.668411,36
5,1004,499.866180,161.519058,499.866164,161.519233,36
5,1005,369.602478,312.282715,369.602486,312.282856,36
5,1006,467.450989,330.997620,467.450988,330.997775,36
5,1007,402.017700,142.804138,402.017691,142.804314,36
5,1008,467.235687,142.729538,467.235667,142.729718,36
5,1009,402.233002,331.072235,402.233012,331.072371,36
5,1010,489.190277,330.972778,489.190276,330.972919,36
5,1011,380.278351,142.828995,380.278346,142.829170,36
5,1012,488.974976,142.704666,488.974954,142.704848,36
5,1013,380.493652,331.097076,380.493668,331.097227,36
5,1014,543.430908,236.776566,543.430919,236.776730,36
5,1015,326.037689,237.025208,326.037703,237.025374,36
5,1016,434.863495,349.861755,434.863509,349.861886,36
5,1017,434.605103,123.940025,434.605112,123.940204,36
5,1018,434.605103,123.940025,434.605112,123.940204,36
5,1019,434.863495,349.861755,434.863509,349.861886,36
5,1020,532.625916,293.269440,532.625889,293.269582,36
5,1021,336.842712,180.532333,336.842733,180.532507,36
5,1022,532.496704,180.308563,532.496662,180.308734,36
5,1023,336.971924,293.493195,336.971931,293.493341,36
5,1024,543.473999,274.430176,543.473995,274.430327,36
5,1025,325.994598,199.371582,325.994627,199.371748,36
5,1026,543.387939,199.122955,543.387900,199.123119,36
5,1027,326.080750,274.678802,326.080778,274.678971,36
5,1028,521.777771,312.108673,521.777726,312.108808,36
5,1029,347.690887,161.693100,347.690896,161.693281,36
5,1030,521.605469,161.494186,521.605480,161.494363,36
5,1031,347.863129,312.307556,347.863141,312.307712,36
5,1032,456.602844,349.836853,456.602825,349.837001,36
5,1033,412.865784,123.964874,412.865796,123.965059,36
5,1034,456.344421,123.915154,456.344428,123.915333,36
5,1035,413.124176,349.886597,413.124194,349.886742,36
5,1036,554.322205,255.590942,554.322158,255.591101,36
5,1037,315.146515,218.210815,315.146521,218.210974,36
5,1038,554.279114,217.937317,554.279082,217.937475,36
5,1039,315.189575,255.864441,315.189597,255.864600,36
5,1040,510.929626,330.947876,510.929620,330.948035,36
5,1041,358.539001,142.853867,358.539030,142.854040,36
5,1042,510.714325,142.679810,510.714299,142.679993,36
5,1043,358.754333,331.121948,358.754352,331.122083,36
5,1044,478.342163,349.812012,478.342170,349.812146,36
5,1045,391.126434,123.989746,391.126452,123.989929,36
5,1046,478.083771,123.890297,478.083773,123.890478,36
5,1047,391.384827,349.911469,391.384849,349.911597,36
5,1048,500.081482,349.787140,500.081486,349.787290,36
5,1049,369.387146,124.014603,369.387165,124.014785,36
5,1050,499.823090,123.865425,499.823088,123.865608,36
5,1051,369.645538,349.936310,369.645562,349.936453,36
5,1052,565.170288,236.751709,565.170263,236.751874,36
5,1053,304.298370,237.050064,304.298387,237.050229,36
5,1054,445.754730,368.676117,445.754720,368.676256,36
5,1055,423.713898,105.125648,423.713902,105.125833,36
5,1056,445.453247,105.100777,445.453247,105.100963,36
5,1057,424.015381,368.700989,424.015375,368.701112,36
5,1058,554.365173,293.244537,554.365176,293.244698,36
5,1059,315.103424,180.557205,315.103445,180.557377,36
5,1060,554.236023,180.283707,554.236006,180.283878,36
5,1061,315.232635,293.518036,315.232644,293.518197,36
5,1062,543.517090,312.083801,543.517070,312.083953,36
5,1063,325.951569,161.717957,325.951580,161.718137,36
5,1064,543.344849,161.469330,543.344825,161.469507,36
5,1065,326.123810,312.332428,326.123826,312.332568,36
5,1066,565.213379,274.405304,565.213339,274.405471,36
5,1067,304.255280,199.396454,304.255311,199.396618,36
5,1068,565.127197,199.098083,565.127188,199.098249,36
5,1069,304.341431,274.703674,304.341463,274.703826,36
5,1070,532.669006,330.923035,532.668965,330.923179,36
5,1071,336.799683,142.878723,336.799686,142.878896,36
5,1072,532.453613,142.654938,532.453586,142.655122,36
5,1073,337.014984,331.146820,337.015007,331.146967,36
5,1074,467.494049,368.651245,467.494035,368.651372,36
5,1075,401.974609,105.150520,401.974615,105.150703,36
5,1076,467.192596,105.075920,467.192591,105.076107,36
5,1077,402.276062,368.725830,402.276059,368.725968,36
5,1078,576.061462,255.566086,576.061445,255.566245,36
5,1079,293.407166,218.235687,293.407177,218.235859,36
5,1080,576.018372,217.912460,576.018369,217.912619,36
5,1081,293.450226,255.889297,293.450252,255.889456,36
5,1082,521.820801,349.762268,521.820802,349.762405,36
5,1083,347.647797,124.039474,347.647820,124.039655,36
5,1084,521.562439,123.840553,521.562404,123.840737,36
5,1085,347.906189,349.961182,347.906217,349.961338,36
5,1086,489.233368,368.626373,489.233351,368.626516,36
5,1087,380.235260,105.175377,380.235270,105.175559,36
5,1088,488.931885,105.051056,488.931878,105.051237,36
5,1089,380.536743,368.750702,380.536743,368.750852,36
5,1090,434.906555,387.515350,434.906557,387.515483,36
5,1091,434.906555,387.515350,434.906557,387.515483,36
5,1092,565.256409,312.058929,565.256415,312.059068,36
5,1093,304.212250,161.742828,304.212264,161.743007,36
5,1094,565.084106,161.444458,565.084112,161.444637,36
5,1095,304.384491,312.357300,304.384510,312.357452,36
5,1096,576.104553,293.219696,576.104521,293.219842,36
5,1097,575.975403,180.258835,575.975351,180.259008,36
5,1098,293.493286,293.542938,293.493300,293.543081,36
5,1099,554.408264,330.898193,554.408252,330.898323,36
5,1100,554.192932,142.630096,554.192930,142.630267,36
5,1101,315.275696,331.171692,315.275720,331.171823,36
5,1102,510.972717,368.601532,510.972696,368.601660,36
5,1103,510.671234,105.026199,510.671223,105.026381,36
5,1104,358.797424,368.775574,358.797427,368.775708,36
5,1105,456.645905,387.490479,456.645901,387.490627,36
5,1106,413.167267,387.540192,413.167269,387.540339,36
5,1107,586.909607,236.726837,586.909608,236.727004,36
5,1108,282.559052,237.074921,282.559071,237.075085,36
5,1109,586.952637,274.380463,586.952626,274.380615,36
5,1110,586.866577,199.073227,586.866532,199.073393,36
5,1111,543.560181,349.737396,543.560146,349.737550,36
5,1112,326.166870,349.986053,326.166901,349.986193,36
5,1113,478.385223,387.465607,478.385217,387.465743,36
5,1114,391.427917,387.565094,391.427925,387.565223,36
5,1115,532.711975,368.576660,532.711983,368.576805,36
5,1116,500.124573,387.440765,500.124561,387.440887,36
5,1117,400.921356,255.924988,400.921361,255.925291,69
5,1118,411.174561,273.637268,411.174559,273.637554,69
5,1119,390.668152,238.212723,390.668163,238.213028,69
5,1120,411.134033,238.189316,411.134033,238.189629,69
5,1121,390.708679,273.660675,390.708688,273.660953,69
5,1122,421.387238,255.901566,421.387231,255.901864,69
5,1123,380.455475,255.948395,380.455490,255.948691,69
5,1124,400.961914,291.372955,400.961913,291.373216,69
5,1125,400.880798,220.477020,400.880808,220.477339,69
5,1126,400.880798,220.477020,400.880808,220.477339,69
5,1127,400.961914,291.372955,400.961913,291.373216,69
5,1128,431.640472,273.613861,431.640456,273.614154,69
5,1129,370.202271,238.236115,370.202292,238.236428,69
5,1130,431.599915,238.165894,431.599904,238.166202,69
5,1131,370.242828,273.684082,370.242845,273.684353,69
5,1132,421.427795,291.349548,421.427784,291.349816,69
5,1133,380.414948,220.500427,380.414965,220.500752,69
5,1134,421.346710,220.453613,421.346706,220.453939,69
5,1135,380.496033,291.396362,380.496043,291.396616,69
5,1136,441.853119,255.878174,441.853102,255.878465,69
5,1137,359.989594,255.971802,359.989620,255.972091,69
5,1138,411.215118,309.085236,411.215111,309.085479,69
5,1139,390.627594,202.764755,390.627610,202.765090,69
5,1140,411.093506,202.741333,411.093508,202.741677,69
5,1141,390.749207,309.108643,390.749214,309.108905,69
5,1142,452.106354,273.590454,452.106327,273.590727,69
5,1143,349.736359,238.259537,349.736395,238.259841,69
5,1144,452.065826,238.142487,452.065801,238.142802,69
5,1145,349.776886,273.707489,349.776947,273.707780,69
5,1146,441.893677,291.326141,441.893654,291.326416,69
5,1147,359.949036,220.523834,359.949067,220.524166,69
5,1148,441.812592,220.430222,441.812576,220.430539,69
5,1149,360.030121,291.419769,360.030145,291.420043,69
5,1150,431.681000,309.061829,431.680982,309.062079,69
5,1151,370.161713,202.788147,370.161740,202.788490,69
5,1152,431.559357,202.717941,431.559351,202.718277,69
5,1153,370.283325,309.132050,370.283370,309.132305,69
5,1154,462.319031,255.854767,462.318999,255.855065,69
5,1155,339.523682,255.995224,339.523722,255.995517,69
5,1156,401.002472,326.820923,401.002466,326.821168,69
5,1157,400.840271,185.029068,400.840283,185.029414,69
5,1158,400.840271,185.029068,400.840283,185.029414,69
5,1159,401.002472,326.820923,401.002466,326.821168,69
5,1160,462.359589,291.302734,462.359552,291.302990,69
5,1161,339.483124,220.547241,339.483170,220.547565,69
5,1162,462.278503,220.406799,462.278447,220.407126,69
5,1163,472.572235,273.567047,472.572197,273.567327,69
5,1164,472.531708,238.119095,472.531645,238.119402,69
5,1165,452.146881,309.038422,452.146852,309.038679,69
5,1166,349.695801,202.811569,349.695842,202.811903,69
5,1167,452.025269,202.694519,452.025249,202.694864,69
5,1168,421.468323,326.797516,421.468309,326.797741,69
5,1169,380.374390,185.052460,380.374412,185.052814,69
5,1170,421.306152,185.005646,421.306153,185.006001,69
5,1171,441.772064,184.982239,441.772051,184.982588,69
5,1172,482.784943,255.831375,482.784870,255.831665,69
5,1173,423.830048,256.041168,423.830064,256.041492,38
5,1174,433.992157,273.596039,433.992148,273.596338,38
5,1175,413.667999,238.486374,413.668006,238.486700,38
5,1176,433.951965,238.463150,433.951956,238.463482,38
5,1177,413.708160,273.619232,413.708171,273.619530,38
5,1178,444.114014,256.017975,444.114013,256.018301,38
5,1179,403.546082,256.064392,403.546114,256.064711,38
5,1180,423.870239,291.174072,423.870256,291.174348,38
5,1181,423.789886,220.908310,423.789898,220.908663,38
5,1182,423.789886,220.908310,423.789898,220.908663,38
5,1183,423.870239,291.174072,423.870256,291.174348,38
5,1184,454.276123,273.572815,454.276098,273.573119,38
5,1185,393.384033,238.509567,393.384056,238.509892,38
5,1186,454.235962,238.439957,454.235932,238.440290,38
5,1187,393.424194,273.642426,393.424221,273.642721,38
5,1188,444.154205,291.150879,444.154205,291.151157,38
5,1189,403.505890,220.931503,403.505922,220.931855,38
5,1190,444.073853,220.885132,444.073848,220.885471,38
5,1191,403.586273,291.197266,403.586306,291.197540,38
5,1192,464.398010,255.994797,464.397990,255.995109,38
5,1193,383.262115,256.087585,383.262164,256.087903,38
5,1194,434.032318,308.728912,434.032313,308.729167,38
5,1195,413.627838,203.353485,413.627841,203.353844,38
5,1196,433.911774,203.330292,433.911764,203.330653,38
5,1197,413.748352,308.752075,413.748363,308.752359,38
5,1198,474.560089,273.549622,474.560048,273.549928,38
5,1199,373.100067,238.532745,373.100106,238.533084,38
5,1200,474.519897,238.416763,474.519856,238.417098,38
5,1201,373.140259,273.665619,373.140298,273.665913,38
5,1202,464.438202,291.127655,464.438182,291.127938,38
5,1203,383.221954,220.954712,383.221999,220.955060,38
5,1204,464.357819,220.861923,464.357798,220.862266,38
5,1205,383.302307,291.220459,383.302356,291.220732,38
5,1206,454.316284,308.705719,454.316263,308.705975,38
5,1207,393.343842,203.376694,393.343864,203.377049,38
5,1208,454.195770,203.307083,454.195741,203.307447,38
5,1209,393.464355,308.775299,393.464387,308.775577,38
5,1210,484.681976,255.971603,484.681940,255.971917,38
5,1211,362.978149,256.110779,362.978214,256.111094,38
5,1212,423.910431,326.306915,423.910421,326.307178,38
5,1213,423.749695,185.775436,423.749706,185.775820,38
5,1214,423.749695,185.775436,423.749706,185.775820,38
5,1215,423.910431,326.306915,423.910421,326.307178,38
5,1216,484.722168,291.104462,484.722132,291.104746,38
5,1217,484.641815,220.838715,484.641775,220.839061,38
5,1218,494.844086,273.526428,494.844024,273.526736,38
5,1219,494.803894,238.393555,494.803832,238.393893,38
5,1220,474.600281,308.682526,474.600240,308.682784,38
5,1221,474.479736,203.283890,474.479690,203.284256,38
5,1222,403.465729,185.798645,403.465756,185.799026,38
5,1223,444.033691,185.752243,444.033683,185.752615,38
5,1224,457.265381,236.744583,457.265390,236.744780,92
5,1225,468.019867,255.322800,468.019861,255.322986,92
5,1226,446.510895,218.166382,446.510890,218.166574,92
5,1227,467.977325,218.141815,467.977326,218.142016,92
5,1228,446.553406,255.347336,446.553397,255.347529,92
5,1229,478.731812,236.720047,478.731797,236.720236,92
5,1230,435.798920,236.769135,435.798925,236.769324,92
5,1231,457.307892,273.925568,457.307896,273.925735,92
5,1232,457.222870,199.563614,457.222855,199.563811,92
5,1233,457.222870,199.563614,457.222855,199.563811,92
5,1234,457.307892,273.925568,457.307896,273.925735,92
5,1235,489.486298,255.298248,489.486297,255.298442,92
5,1236,425.044434,218.190918,425.044454,218.191118,92
5,1237,489.443787,218.117264,489.443790,218.117458,92
5,1238,425.086945,255.371887,425.086961,255.372073,92
5,1239,478.774353,273.901001,478.774332,273.901191,92
5,1240,435.756378,199.588165,435.756390,199.588369,92
5,1241,478.689301,199.539062,478.689291,199.539267,92
5,1242,435.841461,273.950134,435.841460,273.950307,92
5,1243,500.198273,236.695480,500.198261,236.695678,92
5,1244,414.332489,236.793701,414.332489,236.793896,92
5,1245,468.062408,292.503754,468.062396,292.503941,92
5,1246,446.468384,180.985382,446.468383,180.985591,92
5,1247,467.934814,180.960846,467.934819,180.961047,92
5,1248,446.595917,292.528320,446.595932,292.528513,92
5,1249,510.952759,255.273712,510.952733,255.273898,92
5,1250,403.577972,218.215469,403.577990,218.215662,92
5,1251,510.910217,218.092712,510.910198,218.092915,92
5,1252,403.620514,255.396454,403.620525,255.396645,92
5,1253,500.240814,273.876465,500.240797,273.876647,92
5,1254,414.289978,199.612717,414.289983,199.612912,92
5,1255,500.155731,199.514511,500.155726,199.514709,92
5,1256,414.375000,273.974670,414.374996,273.974851,92
5,1257,489.528839,292.479218,489.528832,292.479397,92
5,1258,425.001923,181.009949,425.001919,181.010149,92
5,1259,489.401276,180.936279,489.401255,180.936489,92
5,1260,425.129486,292.552887,425.129496,292.553056,92
5,1261,521.664734,236.670929,521.664726,236.671120,92
5,1262,392.866028,236.818253,392.866054,236.818439,92
5,1263,457.350403,311.106537,457.350403,311.106718,92
5,1264,457.180328,162.382629,457.180320,162.382841,92
5,1265,457.180328,162.382629,457.180320,162.382841,92
5,1266,457.350403,311.106537,457.350403,311.106718,92
5,1267,521.707214,273.851929,521.707204,273.852104,92
5,1268,392.823517,199.637268,392.823518,199.637470,92
5,1269,521.622192,199.489944,521.622191,199.490151,92
5,1270,392.908539,273.999207,392.908560,273.999395,92
5,1271,532.419189,255.249146,532.419197,255.249326,92
5,1272,382.111572,218.240021,382.111582,218.240220,92
5,1273,532.376709,218.068161,532.376662,218.068357,92
5,1274,382.154083,255.421005,382.154089,255.421189,92
5,1275,510.995270,292.454681,510.995268,292.454853,92
5,1276,403.535461,181.034500,403.535483,181.034707,92
5,1277,510.867737,180.911743,510.867719,180.911945,92
5,1278,403.663055,292.577423,403.663060,292.577600,92
5,1279,478.816864,311.082001,478.816867,311.082175,92
5,1280,435.713867,162.407196,435.713855,162.407399,92
5,1281,478.646759,162.358093,478.646755,162.358298,92
5,1282,435.883972,311.131104,435.883967,311.131262,92
5,1283,500.283356,311.057434,500.283332,311.057603,92
5,1284,414.247437,162.431732,414.247448,162.431943,92
5,1285,500.113220,162.333527,500.113220,162.333740,92
5,1286,414.417511,311.155640,414.417531,311.155806,92
5,1287,543.131165,236.646393,543.131133,236.646576,92
5,1288,371.399597,236.842789,371.399618,236.842983,92
5,1289,468.104950,329.684753,468.104931,329.684924,92
5,1290,446.425842,143.804413,446.425848,143.804622,92
5,1291,467.892303,143.779861,467.892312,143.780078,92
5,1292,446.638458,329.709290,446.638467,329.709468,92
5,1293,543.173706,273.827362,543.173668,273.827532,92
5,1294,371.357056,199.661819,371.357083,199.662014,92
5,1295,543.088684,199.465408,543.088655,199.465607,92
5,1296,371.442139,274.023743,371.442153,274.023938,92
5,1297,532.461731,292.430145,532.461732,292.430309,92
5,1298,382.069031,181.059052,382.069047,181.059250,92
5,1299,532.334167,180.887177,532.334127,180.887387,92
5,1300,382.196594,292.601959,382.196624,292.602144,92
5,1301,553.885681,255.224594,553.885661,255.224782,92
5,1302,360.645111,218.264587,360.645118,218.264778,92
5,1303,553.843140,218.043610,553.843126,218.043799,92
5,1304,360.687622,255.445541,360.687653,255.445733,92
5,1305,521.749756,311.032898,521.749739,311.033059,92
5,1306,392.780975,162.456299,392.780983,162.456501,92
5,1307,521.579651,162.308975,521.579656,162.309182,92
5,1308,392.951050,311.180206,392.951067,311.180378,92
5,1309,489.571350,329.660217,489.571339,329.660380,92
5,1310,424.959381,143.828964,424.959384,143.829179,92
5,1311,489.358734,143.755310,489.358720,143.755520,92
5,1312,425.171997,329.733856,425.172003,329.734012,92
5,1313,511.037811,329.635651,511.037803,329.635808,92
5,1314,403.492950,143.853531,403.492976,143.853737,92
5,1315,510.825195,143.730759,510.825184,143.730976,92
5,1316,403.705597,329.758423,403.705595,329.758584,92
5,1317,564.597656,236.621841,564.597598,236.622033,92
5,1318,349.933136,236.867355,349.933153,236.867541,92
5,1319,457.392944,348.287506,457.392938,348.287673,92
5,1320,457.137787,125.201637,457.137785,125.201858,92
5,1321,457.137787,125.201637,457.137785,125.201858,92
5,1322,457.392944,348.287506,457.392938,348.287673,92
5,1323,553.928162,292.405548,553.928140,292.405737,92
5,1324,360.602570,181.083603,360.602583,181.083808,92
5,1325,553.800598,180.862640,553.800591,180.862844,92
5,1326,360.730133,292.626526,360.730160,292.626716,92
5,1327,564.640137,273.802795,564.640133,273.802988,92
5,1328,349.890594,199.686371,349.890618,199.686572,92
5,1329,564.555115,199.440857,564.555063,199.441049,92
5,1330,349.975677,274.048340,349.975688,274.048510,92
5,1331,543.216248,311.008331,543.216203,311.008515,92
5,1332,371.314545,162.480835,371.314576,162.481045,92
5,1333,543.046143,162.284424,543.046120,162.284638,92
5,1334,371.484650,311.204742,371.484659,311.204922,92
5,1335,478.859406,348.262970,478.859402,348.263130,92
5,1336,435.671356,125.226196,435.671349,125.226416,92
5,1337,478.604248,125.177094,478.604249,125.177314,92
5,1338,435.926514,348.312073,435.926502,348.312245,92
5,1339,575.352112,255.200058,575.352069,255.200238,92
5,1340,339.178619,218.289124,339.178654,218.289321,92
5,1341,575.309570,218.019058,575.309534,218.019255,92
5,1342,339.221161,255.470123,339.221189,255.470305,92
5,1343,532.504272,329.611084,532.504267,329.611264,92
5,1344,382.026489,143.878067,382.026512,143.878281,92
5,1345,532.291626,143.706207,532.291592,143.706418,92
5,1346,382.239105,329.782959,382.239131,329.783127,92
5,1347,500.325867,348.238434,500.325838,348.238586,92
5,1348,414.204895,125.250740,414.204913,125.250960,92
5,1349,500.070709,125.152542,500.070685,125.152756,92
5,1350,414.460052,348.336639,414.460066,348.336789,92
5,1351,521.792297,348.213837,521.792274,348.214014,92
5,1352,392.738434,125.275299,392.738448,125.275518,92
5,1353,392.993591,348.361176,392.993602,348.361333,92
5,1354,328.466675,236.891907,328.466717,236.892099,92
5,1355,468.147430,366.865723,468.147438,366.865879,92
5,1356,446.681000,366.890289,446.681002,366.890451,92
5,1357,339.136078,181.108154,339.136119,181.108352,92
5,1358,339.263672,292.651093,339.263696,292.651260,92
5,1359,349.848083,162.505402,349.848112,162.505603,92
5,1360,350.018158,311.229279,350.018195,311.229465,92
5,1361,328.424164,199.710922,328.424182,199.711116,92
5,1362,328.509216,274.072876,328.509252,274.073054,92
5,1363,360.772675,329.807495,360.772695,329.807671,92
5,1364,489.613892,366.841187,489.613874,366.841335,92
5,1365,425.214539,366.914825,425.214538,366.914995,92
5,1366,977.669678,619.043762,977.646604,619.061671,40
5,1367,971.803772,629.230774,971.798660,629.217446,40
5,1368,965.914490,619.057190,965.927463,619.075055,40
5,1369,387.925964,76.247887,387.925951,76.248021,46
5,1370,398.953888,95.298454,398.953872,95.298585,46
5,1371,376.898071,57.197376,376.898060,57.197515,46
5,1372,398.910248,57.172211,398.910255,57.172347,46
5,1373,376.941650,95.323624,376.941647,95.323753,46
5,1374,409.938141,76.222717,409.938147,76.222853,46
5,1375,365.913757,76.273087,365.913756,76.273218,46
5,1376,387.969543,114.374161,387.969539,114.374289,46
5,1377,387.882355,38.121613,387.882364,38.121753,46
5,1378,387.882355,38.121613,387.882364,38.121753,46
5,1379,387.969543,114.374161,387.969539,114.374289,46
5,1380,420.966034,95.273270,420.966039,95.273403,46
5,1381,354.885864,57.222546,354.885864,57.222682,46
5,1382,420.922455,57.147015,420.922451,57.147150,46
5,1383,354.929443,95.348801,354.929451,95.348935,46
5,1384,409.981781,114.348976,409.981763,114.349106,46
5,1385,365.870178,38.146812,365.870168,38.146950,46
5,1386,409.894562,38.096447,409.894559,38.096586,46
5,1387,365.957367,114.399323,365.957372,114.399456,46
5,1388,431.950378,76.197548,431.950372,76.197685,46
5,1389,343.901520,76.298248,343.901531,76.298386,46
5,1390,398.997498,133.424713,398.997488,133.424838,46
5,1391,376.854462,19.071106,376.854472,19.071247,46
5,1392,398.866638,19.045938,398.866639,19.046079,46
5,1393,376.985260,133.449875,376.985264,133.450006,46
5,1394,442.978271,95.248085,442.978263,95.248221,46
5,1395,332.873627,57.247742,332.873639,57.247879,46
5,1396,442.934662,57.121845,442.934647,57.121982,46
5,1397,332.917236,95.373970,332.917227,95.374103,46
5,1398,431.993958,114.323807,431.993959,114.323939,46
5,1399,343.857941,38.171978,343.857943,38.172118,46
5,1400,431.906769,38.071278,431.906755,38.071418,46
5,1401,343.945129,114.424507,343.945147,114.424639,46
5,1402,421.009674,133.399521,421.009655,133.399656,46
5,1403,354.842255,19.096273,354.842248,19.096415,46
5,1404,420.878876,19.020741,420.878864,19.020882,46
5,1405,354.973053,133.475067,354.973068,133.475189,46
5,1406,453.962585,76.172386,453.962567,76.172518,46
5,1407,321.889343,76.323418,321.889335,76.323553,46
5,1408,388.013153,152.500427,388.013155,152.500556,46
5,1409,388.013153,152.500427,388.013155,152.500556,46
5,1410,454.006165,114.298630,454.006155,114.298756,46
5,1411,321.845734,38.197147,321.845748,38.197286,46
5,1412,453.918976,38.046112,453.918980,38.046250,46
5,1413,321.932953,114.449677,321.932952,114.449806,46
5,1414,464.990509,95.222923,464.990488,95.223053,46
5,1415,310.861450,57.272911,310.861473,57.273047,46
5,1416,464.946869,57.096676,464.946871,57.096814,46
5,1417,310.905060,95.399155,310.905060,95.399285,46
5,1418,443.021881,133.374344,443.021880,133.374474,46
5,1419,332.830017,19.121469,332.830023,19.121611,46
5,1420,442.891052,18.995573,442.891059,18.995715,46
5,1421,332.960846,133.500229,332.960843,133.500356,46
5,1422,410.025391,152.475250,410.025380,152.475374,46
5,1423,365.826538,0.020568,365.826552,0.020711,46
5,1424,366.000977,152.525604,366.000988,152.525724,46
5,1425,432.037567,152.450073,432.037547,152.450206,46
5,1426,343.814331,0.045736,343.814327,0.045879,46
5,1427,343.988770,152.550781,343.988764,152.550906,46
5,1428,475.974762,76.147186,475.974763,76.147321,46
5,1429,299.877136,76.348618,299.877140,76.348750,46
5,1430,399.041077,171.550964,399.041076,171.551092,46
5,1431,377.028870,171.576141,377.028880,171.576259,46
5,1432,476.018402,114.273460,476.018379,114.273588,46
5,1433,299.833557,38.222343,299.833552,38.222482,46
5,1434,475.931152,38.020916,475.931147,38.021053,46
5,1435,299.920746,114.474861,299.920756,114.474989,46
5,1436,465.034119,133.349182,465.034104,133.349306,46
5,1437,310.817841,19.146639,310.817856,19.146779,46
5,1438,464.903259,18.970406,464.903255,18.970547,46
5,1439,310.948669,133.525406,310.948677,133.525539,46
5,1440,487.002655,95.197739,487.002655,95.197871,46
5,1441,288.849243,57.298077,288.849248,57.298215,46
5,1442,486.959076,57.071510,486.959067,57.071647,46
5,1443,288.892822,95.424324,288.892835,95.424453,46
5,1444,454.049774,152.424896,454.049771,152.425024,46
5,1445,321.802124,0.070904,321.802131,0.071047,46
5,1446,321.976562,152.575943,321.976568,152.576074,46
5,1447,421.053284,171.525787,421.053271,171.525909,46
5,1448,355.016663,171.601318,355.016655,171.601442,46
5,1449,443.065491,171.500610,443.065496,171.500727,46
5,1450,333.004425,171.626480,333.004431,171.626609,46
5,1451,497.987000,76.122017,497.986988,76.122153,46
5,1452,277.864929,76.373787,277.864944,76.373918,46
5,1453,388.056763,190.626694,388.056772,190.626809,46
5,1454,388.056763,190.626694,388.056772,190.626809,46
5,1455,487.046295,133.323990,487.046271,133.324124,46
5,1456,288.805634,19.171806,288.805632,19.171947,46
5,1457,486.915497,18.945238,486.915480,18.945379,46
5,1458,288.936432,133.550583,288.936452,133.550706,46
5,1459,498.030579,114.248276,498.030575,114.248406,46
5,1460,277.821350,38.247513,277.821356,38.247650,46
5,1461,497.943390,37.995747,497.943371,37.995885,46
5,1462,277.908539,114.500038,277.908560,114.500171,46
5,1463,476.061981,152.399734,476.061967,152.399856,46
5,1464,299.789917,0.096100,299.789936,0.096244,46
5,1465,299.964355,152.601135,299.964372,152.601256,46
5,1466,410.069000,190.601501,410.068996,190.601627,46
5,1467,365.826538,0.020568,365.826552,0.020711,46
5,1468,366.044586,190.651855,366.044576,190.651977,46
5,1469,509.014893,95.172569,509.014879,95.172703,46
5,1470,266.837036,57.323246,266.837052,57.323382,46
5,1471,508.971283,57.046314,508.971263,57.046450,46
5,1472,266.880615,95.449501,266.880640,95.449636,46
5,1473,465.077698,171.475433,465.077692,171.475559,46
5,1474,310.992249,171.651672,310.992264,171.651792,46
5,1475,432.081177,190.576340,432.081163,190.576459,46
5,1476,343.814331,0.045736,343.814327,0.045879,46
5,1477,344.032349,190.677032,344.032351,190.677159,46
5,1478,454.093384,190.551163,454.093388,190.551277,46
5,1479,321.802124,0.070904,321.802131,0.071047,46
5,1480,322.020142,190.702209,322.020156,190.702327,46
5,1481,519.999146,76.096848,519.999154,76.096985,46
5,1482,255.852707,76.398949,255.852719,76.399086,46
5,1483,399.084656,209.677216,399.084663,209.677330,46
5,1484,377.072510,209.702393,377.072496,209.702513,46
5,1485,509.058502,133.298828,509.058496,133.298956,46
5,1486,266.793427,19.196974,266.793436,19.197115,46
5,1487,508.927673,18.920040,508.927646,18.920182,46
5,1488,266.924255,133.575760,266.924256,133.575889,46
5,1489,498.074219,152.374542,498.074192,152.374674,46
5,1490,277.777740,0.121268,277.777740,0.121412,46
5,1491,277.952179,152.626312,277.952177,152.626439,46
5,1492,520.042786,114.223091,520.042771,114.223224,46
5,1493,255.809113,38.272678,255.809132,38.272818,46
5,1494,519.955566,37.970577,519.955538,37.970718,46
5,1495,255.896317,114.525208,255.896336,114.525339,46
5,1496,487.089905,171.450256,487.089887,171.450377,46
5,1497,288.980042,171.676834,288.980039,171.676960,46
5,1498,421.096893,209.652039,421.096888,209.652162,46
5,1499,355.060272,209.727570,355.060272,209.727695,46
5,1500,531.027100,95.147385,531.027104,95.147521,46
5,1501,244.824814,57.348442,244.824828,57.348579,46
5,1502,530.983521,57.021145,530.983487,57.021282,46
5,1503,244.868408,95.474670,244.868415,95.474803,46
5,1504,476.105591,190.525986,476.105583,190.526109,46
5,1505,299.789917,0.096100,299.789936,0.096244,46
5,1506,300.007965,190.727386,300.007960,190.727509,46
5,1507,443.109100,209.626877,443.109084,209.626995,46
5,1508,333.048035,209.752747,333.048047,209.752863,46
5,1509,388.100403,228.752945,388.100388,228.753062,46
5,1510,388.100403,228.752945,388.100388,228.753062,46
5,1511,520.086426,152.349365,520.086387,152.349492,46
5,1512,255.765503,0.146436,255.765515,0.146579,46
5,1513,255.939941,152.651474,255.939952,152.651606,46
5,1514,531.070679,133.273651,531.070662,133.273774,46
5,1515,244.781189,19.222170,244.781211,19.222312,46
5,1516,530.939880,18.894873,530.939871,18.895014,46
5,1517,244.912018,133.600922,244.912032,133.601056,46
5,1518,509.102142,171.425079,509.102112,171.425209,46
5,1519,266.967834,171.702011,266.967844,171.702142,46
5,1520,465.121277,209.601700,465.121279,209.601812,46
5,1521,311.035889,209.777908,311.035880,209.778030,46
5,1522,410.112579,228.727783,410.112584,228.727895,46
5,1523,365.826538,0.020568,365.826552,0.020711,46
5,1524,366.088196,228.778107,366.088192,228.778230,46
5,1525,542.011414,76.071655,542.011379,76.071789,46
5,1526,233.840515,76.424118,233.840524,76.424253,46
5,1527,542.054993,114.197929,542.054995,114.198056,46
5,1528,233.796921,38.297848,233.796936,38.297986,46
5,1529,541.967773,37.945381,541.967763,37.945521,46
5,1530,233.884125,114.550392,233.884140,114.550521,46
5,1531,498.117798,190.500809,498.117779,190.500927,46
5,1532,277.777740,0.121268,277.777740,0.121412,46
5,1533,277.995758,190.752563,277.995764,190.752692,46
5,1534,432.124786,228.702576,432.124779,228.702698,46
5,1535,343.814331,0.045736,343.814327,0.045879,46
5,1536,344.075958,228.803299,344.075968,228.803412,46
5,1537,553.039307,95.122223,553.039271,95.122353,46
5,1538,222.812622,57.373611,222.812632,57.373747,46
5,1539,552.995667,56.995979,552.995654,56.996114,46
5,1540,222.856201,95.499855,222.856219,95.499986,46
5,1541,487.133514,209.576508,487.133504,209.576630,46
5,1542,289.023651,209.803101,289.023656,209.803227,46
5,1543,454.137024,228.677414,454.137004,228.677530,46
5,1544,321.802124,0.070904,321.802131,0.071047,46
5,1545,322.063751,228.828476,322.063772,228.828595,46
5,1546,399.128296,247.803482,399.128280,247.803598,46
5,1547,377.116089,247.828644,377.116084,247.828766,46
5,1548,542.098633,152.324203,542.098612,152.324324,46
5,1549,233.753296,0.171604,233.753320,0.171747,46
5,1550,233.927734,152.676666,233.927756,152.676789,46
5,1551,531.114319,171.399902,531.114279,171.400027,46
5,1552,244.955597,171.727188,244.955619,171.727310,46
5,1553,553.082886,133.248474,553.082887,133.248606,46
5,1554,222.768997,19.247337,222.769016,19.247479,46
5,1555,552.952087,18.869705,552.952096,18.869847,46
5,1556,222.899811,133.626114,222.899836,133.626239,46
5,1557,520.130005,190.475616,520.130004,190.475745,46
5,1558,255.765503,0.146436,255.765515,0.146579,46
5,1559,255.983521,190.777740,255.983540,190.777859,46
5,1560,421.140472,247.778290,421.140475,247.778401,46
5,1561,355.103882,247.853821,355.103888,247.853933,46
5,1562,476.149170,228.652252,476.149171,228.652362,46
5,1563,299.789917,0.096100,299.789936,0.096244,46
5,1564,300.051575,228.853638,300.051576,228.853763,46
5,1565,564.023621,76.046486,564.023604,76.046621,46
5,1566,211.828308,76.449318,211.828328,76.449450,46
5,1567,564.067200,114.172745,564.067162,114.172874,46
5,1568,211.784729,38.323044,211.784740,38.323183,46
5,1569,563.979980,37.920216,563.979987,37.920353,46
5,1570,211.871918,114.575562,211.871944,114.575689,46
5,1571,509.145691,209.551346,509.145671,209.551462,46
5,1572,267.011444,209.828278,267.011460,209.828395,46
5,1573,443.152679,247.753113,443.152671,247.753233,46
5,1574,333.091644,247.879013,333.091664,247.879130,46
5,1575,575.051514,95.097038,575.051495,95.097171,46
5,1576,200.800415,57.398777,200.800436,57.398915,46
5,1577,575.007874,56.970810,575.007879,56.970947,46
5,1578,200.844009,95.525032,200.844024,95.525168,46
5,1579,498.161407,228.627060,498.161395,228.627180,46
5,1580,277.777740,0.121268,277.777740,0.121412,46
5,1581,278.039368,228.878815,278.039381,228.878930,46
5,1582,465.164917,247.727951,465.164896,247.728066,46
5,1583,311.079498,247.904190,311.079497,247.904298,46
5,1584,388.143982,266.879181,388.143976,266.879301,46
5,1585,388.143982,266.879181,388.143976,266.879301,46
5,1586,553.126526,171.374741,553.126503,171.374859,46
5,1587,222.943405,171.752365,222.943423,171.752492,46
5,1588,564.110779,152.299011,564.110779,152.299142,46
5,1589,211.741104,0.196801,211.741124,0.196944,46
5,1590,211.915543,152.701828,211.915561,152.701956,46
5,1591,542.142273,190.450455,542.142228,190.450577,46
5,1592,233.753296,0.171604,233.753320,0.171747,46
5,1593,233.971329,190.802917,233.971344,190.803042,46
5,1594,410.156189,266.854034,410.156171,266.854133,46
5,1595,365.826538,0.020568,365.826552,0.020711,46
5,1596,366.131805,266.904358,366.131809,266.904469,46
5,1597,575.095154,133.223297,575.095112,133.223424,46
5,1598,200.887619,133.651291,200.887640,133.651421,46
5,1599,531.157898,209.526154,531.157895,209.526280,46
5,1600,244.999222,209.853439,244.999236,209.853563,46
5,1601,432.168396,266.828857,432.168396,266.828966,46
5,1602,343.814331,0.045736,343.814327,0.045879,46
5,1603,344.119568,266.929565,344.119584,266.929666,46
5,1604,487.177094,247.702789,487.177091,247.702898,46
5,1605,289.067261,247.929352,289.067272,247.929466,46
5,1606,520.173645,228.601883,520.173620,228.601998,46
5,1607,255.765503,0.146436,255.765515,0.146579,46
5,1608,256.027130,228.903992,256.027156,228.904113,46
5,1609,454.180603,266.803650,454.180592,266.803769,46
5,1610,321.802124,0.070904,321.802131,0.071047,46
5,1611,322.107391,266.954712,322.107388,266.954833,46
5,1612,211.741104,0.196801,211.741124,0.196944,46
5,1613,283.023315,94.719788,283.023298,94.720200,47
5,1614,292.684113,111.408684,292.684110,111.409079,47
5,1615,273.362518,78.030884,273.362512,78.031321,47
5,1616,292.645905,78.008835,292.645900,78.009274,47
5,1617,273.400726,111.430748,273.400722,111.431140,47
5,1618,302.306732,94.697739,302.306712,94.698152,47
5,1619,263.739899,94.741844,263.739910,94.742261,47
5,1620,283.061523,128.119644,283.061508,128.120018,47
5,1621,282.985107,61.319935,282.985114,61.320395,47
5,1622,282.985107,61.319935,282.985114,61.320395,47
5,1623,283.061523,128.119644,283.061508,128.120018,47
5,1624,311.967529,111.386627,311.967498,111.387019,47
5,1625,254.079071,78.052933,254.079099,78.053369,47
5,1626,311.929321,77.986763,311.929288,77.987200,47
5,1627,254.117279,111.452797,254.117308,111.453187,47
5,1628,302.344940,128.097595,302.344921,128.097971,47
5,1629,263.701691,61.341984,263.701726,61.342443,47
5,1630,302.268555,61.297886,302.268528,61.298347,47
5,1631,263.778107,128.141708,263.778120,128.142079,47
5,1632,321.590118,94.675674,321.590074,94.676092,47
5,1633,244.456451,94.763893,244.456497,94.764308,47
5,1634,273.324310,44.631008,273.324328,44.631491,47
5,1635,292.607727,44.608963,292.607716,44.609443,47
5,1636,234.795654,78.074982,234.795711,78.075417,47
5,1637,331.212738,77.964714,331.212676,77.965153,47
5,1638,234.833862,111.474854,234.833920,111.475248,47
5,1639,244.418274,61.364056,244.418313,61.364516,47
5,1640,321.551941,61.275841,321.551890,61.276299,47
5,1641,254.040878,44.653057,254.040915,44.653538,47
5,1642,283.023315,94.719788,283.023298,94.720200,48
5,1643,292.684113,111.408684,292.684110,111.409079,48
5,1644,273.362518,78.030884,273.362512,78.031321,48
5,1645,292.645905,78.008835,292.645900,78.009274,48
5,1646,273.400726,111.430748,273.400722,111.431140,48
5,1647,302.306732,94.697739,302.306712,94.698152,48
5,1648,263.739899,94.741844,263.739910,94.742261,48
5,1649,283.061523,128.119644,283.061508,128.120018,48
5,1650,282.985107,61.319935,282.985114,61.320395,48
5,1651,282.985107,61.319935,282.985114,61.320395,48
5,1652,283.061523,128.119644,283.061508,128.120018,48
5,1653,311.967529,111.386627,311.967498,111.387019,48
5,1654,254.079071,78.052933,254.079099,78.053369,48
5,1655,311.929321,77.986763,311.929288,77.987200,48
5,1656,254.117279,111.452797,254.117308,111.453187,48
5,1657,302.344940,128.097595,302.344921,128.097971,48
5,1658,263.701691,61.341984,263.701726,61.342443,48
5,1659,302.268555,61.297886,302.268528,61.298347,48
5,1660,263.778107,128.141708,263.778120,128.142079,48
5,1661,321.590118,94.675674,321.590074,94.676092,48
5,1662,244.456451,94.763893,244.456497,94.764308,48
5,1663,273.324310,44.631008,273.324328,44.631491,48
5,1664,292.607727,44.608963,292.607716,44.609443,48
5,1665,234.795654,78.074982,234.795711,78.075417,48
5,1666,331.212738,77.964714,331.212676,77.965153,48
5,1667,234.833862,111.474854,234.833920,111.475248,48
5,1668,244.418274,61.364056,244.418313,61.364516,48
5,1669,321.551941,61.275841,321.551890,61.276299,48
5,1670,254.040878,44.653057,254.040915,44.653538,48
5,1671,387.458954,116.129936,387.458943,116.130070,49
5,1672,398.486908,135.180496,398.486892,135.180620,49
5,1673,376.431061,97.079399,376.431051,97.079534,49
5,1674,398.443268,97.054237,398.443276,97.054367,49
5,1675,376.474670,135.205658,376.474667,135.205788,49
5,1676,409.471161,116.104759,409.471168,116.104888,49
5,1677,365.446777,116.155106,365.446776,116.155238,49
5,1678,387.502563,154.256210,387.502559,154.256338,49
5,1679,387.415344,78.003670,387.415355,78.003802,49
5,1680,387.415344,78.003670,387.415355,78.003802,49
5,1681,387.502563,154.256210,387.502559,154.256338,49
5,1682,420.499054,135.155304,420.499060,135.155438,49
5,1683,354.418854,97.104584,354.418855,97.104717,49
5,1684,420.455444,97.029053,420.455443,97.029184,49
5,1685,354.462463,135.230835,354.462471,135.230970,49
5,1686,409.514801,154.231033,409.514784,154.231156,49
5,1687,365.403168,78.028862,365.403159,78.028999,49
5,1688,409.427551,77.978500,409.427551,77.978634,49
5,1689,365.490387,154.281372,365.490392,154.281506,49
5,1690,431.483368,116.079590,431.483364,116.079720,49
5,1691,343.434540,116.180290,343.434551,116.180420,49
5,1692,398.530487,173.306747,398.530480,173.306874,49
5,1693,376.387451,58.953159,376.387464,58.953295,49
5,1694,398.399658,58.927990,398.399660,58.928127,49
5,1695,376.518280,173.331909,376.518284,173.332042,49
5,1696,442.511292,135.130127,442.511285,135.130256,49
5,1697,332.406616,97.129753,332.406630,97.129884,49
5,1698,442.467682,97.003868,442.467668,97.004002,49
5,1699,332.450256,135.256012,332.450246,135.256138,49
5,1700,431.526947,154.205856,431.526951,154.205988,49
5,1701,343.390930,78.054031,343.390934,78.054166,49
5,1702,431.439789,77.953331,431.439776,77.953466,49
5,1703,343.478149,154.306564,343.478167,154.306689,49
5,1704,420.542694,173.281570,420.542676,173.281692,49
5,1705,354.375275,58.978325,354.375267,58.978463,49
5,1706,420.411865,58.902794,420.411856,58.902930,49
5,1707,354.506042,173.357101,354.506059,173.357224,49
5,1708,453.495575,116.054405,453.495560,116.054538,49
5,1709,321.422363,116.205460,321.422355,116.205588,49
5,1710,387.546173,192.382462,387.546176,192.382592,49
5,1711,387.371765,39.877396,387.371768,39.877534,49
5,1712,387.371765,39.877396,387.371768,39.877534,49
5,1713,387.546173,192.382462,387.546176,192.382592,49
5,1714,453.539185,154.180679,453.539176,154.180806,49
5,1715,321.378723,78.079201,321.378738,78.079334,49
5,1716,453.451965,77.928162,453.451973,77.928298,49
5,1717,321.465973,154.331726,321.465971,154.331856,49
5,1718,464.523529,135.104965,464.523510,135.105088,49
5,1719,310.394470,97.154930,310.394463,97.155067,49
5,1720,464.479889,96.978699,464.479893,96.978834,49
5,1721,310.438080,135.281189,310.438079,135.281321,49
5,1722,442.554901,173.256378,442.554901,173.256510,49
5,1723,332.363037,59.003525,332.363042,59.003660,49
5,1724,442.424072,58.877625,442.424052,58.877763,49
5,1725,332.493835,173.382263,332.493834,173.382392,49
5,1726,409.558411,192.357285,409.558401,192.357410,49
5,1727,365.359558,39.902592,365.359572,39.902730,49
5,1728,409.383972,39.852226,409.383964,39.852366,49
5,1729,365.533966,192.407639,365.533980,192.407760,49
5,1730,431.570587,192.332123,431.570568,192.332242,49
5,1731,343.347351,39.927761,343.347347,39.927898,49
5,1732,431.396179,39.827061,431.396160,39.827198,49
5,1733,343.521759,192.432816,343.521755,192.432942,49
5,1734,475.507782,116.029236,475.507785,116.029370,49
5,1735,299.410156,116.230637,299.410158,116.230770,49
5,1736,398.574066,211.432999,398.574067,211.433114,49
5,1737,376.343872,20.826887,376.343876,20.827027,49
5,1738,398.356049,20.801720,398.356043,20.801859,49
5,1739,376.561890,211.458176,376.561900,211.458296,49
5,1740,475.551392,154.155518,475.551373,154.155638,49
5,1741,299.366547,78.104393,299.366542,78.104531,49
5,1742,475.464172,77.902969,475.464169,77.903102,49
5,1743,299.453766,154.356918,299.453775,154.357039,49
5,1744,464.567108,173.231216,464.567097,173.231342,49
5,1745,310.350861,59.028690,310.350875,59.028827,49
5,1746,464.436279,58.852459,464.436277,58.852595,49
5,1747,310.481659,173.407455,310.481667,173.407574,49
5,1748,486.535675,135.079773,486.535677,135.079906,49
5,1749,288.382233,97.180099,288.382238,97.180234,49
5,1750,486.492065,96.953522,486.492060,96.953652,49
5,1751,288.425842,135.306366,288.425854,135.306488,49
5,1752,453.582794,192.306931,453.582793,192.307060,49
5,1753,321.335144,39.952927,321.335151,39.953066,49
5,1754,453.408386,39.801891,453.408385,39.802030,49
5,1755,321.509552,192.457993,321.509558,192.458110,49
5,1756,420.586304,211.407822,420.586292,211.407946,49
5,1757,354.331635,20.852055,354.331651,20.852194,49
5,1758,420.368286,20.776522,420.368268,20.776662,49
5,1759,354.549683,211.483353,354.549675,211.483478,49
5,1760,442.598480,211.382660,442.598489,211.382778,49
5,1761,332.319427,20.877251,332.319426,20.877391,49
5,1762,442.380463,20.751354,442.380464,20.751494,49
5,1763,332.537445,211.508530,332.537450,211.508646,49
5,1764,497.519989,116.004059,497.519981,116.004188,49
5,1765,277.397949,116.255821,277.397962,116.255953,49
5,1766,387.589783,230.508728,387.589792,230.508846,49
5,1767,387.328156,1.751152,387.328151,1.751294,49
5,1768,387.328156,1.751152,387.328151,1.751294,49
5,1769,387.589783,230.508728,387.589792,230.508846,49
5,1770,486.579315,173.206039,486.579293,173.206160,49
5,1771,288.338654,59.053860,288.338650,59.053995,49
5,1772,486.448486,58.827290,486.448473,58.827427,49
5,1773,288.469421,173.432617,288.469442,173.432742,49
5,1774,497.563599,154.130325,497.563598,154.130456,49
5,1775,277.354340,78.129562,277.354346,78.129699,49
5,1776,497.476410,77.877800,497.476394,77.877934,49
5,1777,277.441559,154.382095,277.441579,154.382221,49
5,1778,475.595001,192.281769,475.594989,192.281892,49
5,1779,299.322937,39.978123,299.322954,39.978263,49
5,1780,475.420563,39.776695,475.420552,39.776833,49
5,1781,299.497345,192.483170,299.497362,192.483292,49
5,1782,409.601990,230.483551,409.601988,230.483678,49
5,1783,365.315948,1.776349,365.315955,1.776491,49
5,1784,409.340363,1.725985,409.340347,1.726126,49
5,1785,365.577606,230.533890,365.577596,230.534014,49
5,1786,508.547913,135.054611,508.547902,135.054738,49
5,1787,266.370026,97.205284,266.370042,97.205417,49
5,1788,508.504303,96.928352,508.504285,96.928484,49
5,1789,266.413635,135.331543,266.413658,135.331671,49
5,1790,464.610687,211.357468,464.610685,211.357596,49
5,1791,310.307251,20.902418,310.307259,20.902559,49
5,1792,464.392670,20.726187,464.392660,20.726327,49
5,1793,310.525269,211.533691,310.525283,211.533814,49
5,1794,431.614197,230.458359,431.614184,230.458482,49
5,1795,343.303711,1.801517,343.303730,1.801659,49
5,1796,431.352539,1.700817,431.352544,1.700959,49
5,1797,343.565369,230.559082,343.565371,230.559196,49
5,1798,453.626404,230.433197,453.626409,230.433314,49
5,1799,321.291534,1.826684,321.291534,1.826826,49
5,1800,453.364777,1.675649,453.364769,1.675791,49
5,1801,321.553162,230.584259,321.553175,230.584378,49
5,1802,519.532166,115.978874,519.532177,115.979006,49
5,1803,255.385727,116.280991,255.385737,116.281120,49
5,1804,398.617676,249.559265,398.617684,249.559382,49
5,1805,376.605499,249.584427,376.605488,249.584550,49
5,1806,508.591522,173.180862,508.591518,173.180992,49
5,1807,266.326447,59.079025,266.326454,59.079163,49
5,1808,508.460693,58.802094,508.460669,58.802230,49
5,1809,266.457245,173.457794,266.457245,173.457924,49
5,1810,497.607208,192.256592,497.607185,192.256710,49
5,1811,277.310760,40.003292,277.310758,40.003430,49
5,1812,497.432800,39.751526,497.432777,39.751666,49
5,1813,277.485168,192.508347,277.485166,192.508475,49
5,1814,519.575806,154.105148,519.575794,154.105274,49
5,1815,255.342102,78.154732,255.342121,78.154866,49
5,1816,519.488586,77.852631,519.488561,77.852766,49
5,1817,255.429337,154.407257,255.429354,154.407389,49
5,1818,486.622925,211.332291,486.622910,211.332413,49
5,1819,288.295013,20.927586,288.295034,20.927727,49
5,1820,486.404907,20.701019,486.404885,20.701159,49
5,1821,288.513062,211.558884,288.513058,211.559010,49
5,1822,420.629883,249.534073,420.629880,249.534185,49
5,1823,354.593292,249.609604,354.593292,249.609717,49
5,1824,530.560059,135.029419,530.560069,135.029556,49
5,1825,244.357803,97.230453,244.357817,97.230585,49
5,1826,530.516541,96.903168,530.516511,96.903302,49
5,1827,244.401413,135.356705,244.401433,135.356838,49
5,1828,475.638580,230.408020,475.638576,230.408146,49
5,1829,299.279327,1.851881,299.279338,1.852023,49
5,1830,475.376953,1.650452,475.376936,1.650594,49
5,1831,299.540985,230.609421,299.540979,230.609546,49
5,1832,442.642090,249.508896,442.642076,249.509017,49
5,1833,332.581055,249.634796,332.581067,249.634914,49
5,1834,387.633392,268.634979,387.633380,268.635085,49
5,1835,387.328156,1.751152,387.328151,1.751294,49
5,1836,387.328156,1.751152,387.328151,1.751294,49
5,1837,387.633392,268.634979,387.633380,268.635085,49
5,1838,519.619446,192.231400,519.619410,192.231528,49
5,1839,255.298523,40.028461,255.298533,40.028598,49
5,1840,519.444946,39.726360,519.444944,39.726498,49
5,1841,255.472931,192.533524,255.472941,192.533642,49
5,1842,530.603699,173.155685,530.603685,173.155810,49
5,1843,244.314209,59.104221,244.314229,59.104360,49
5,1844,530.472900,58.776924,530.472894,58.777063,49
5,1845,244.445007,173.482971,244.445020,173.483092,49
5,1846,508.635101,211.307129,508.635077,211.307246,49
5,1847,266.282837,20.952755,266.282838,20.952895,49
5,1848,508.417053,20.675821,508.417053,20.675962,49
5,1849,266.500854,211.584061,266.500862,211.584178,49
5,1850,464.654297,249.483734,464.654301,249.483850,49
5,1851,310.568878,249.659958,310.568900,249.660082,49
5,1852,409.645569,268.609802,409.645576,268.609918,49
5,1853,365.315948,1.776349,365.315955,1.776491,49
5,1854,409.340363,1.725985,409.340347,1.726126,49
5,1855,365.621216,268.660126,365.621212,268.660253,49
5,1856,541.544434,115.953705,541.544402,115.953838,49
5,1857,233.373520,116.306175,233.373541,116.306303,49
5,1858,541.588013,154.079971,541.588019,154.080106,49
5,1859,233.329910,78.179901,233.329925,78.180034,49
5,1860,541.500793,77.827438,541.500786,77.827569,49
5,1861,233.417145,154.432449,233.417158,154.432571,49
5,1862,497.650818,230.382843,497.650802,230.382964,49
5,1863,277.267120,1.877049,277.267142,1.877191,49
5,1864,497.389160,1.625284,497.389161,1.625426,49
5,1865,277.528778,230.634598,277.528783,230.634714,49
5,1866,431.657806,268.584625,431.657801,268.584750,49
5,1867,343.303711,1.801517,343.303730,1.801659,49
5,1868,431.352539,1.700817,431.352544,1.700959,49
5,1869,343.608978,268.685333,343.608987,268.685450,49
5,1870,552.572327,135.004257,552.572294,135.004388,49
5,1871,222.345612,97.255630,222.345620,97.255767,49
5,1872,552.528687,96.877998,552.528678,96.878134,49
5,1873,222.389221,135.381897,222.389237,135.382021,49
5,1874,486.666504,249.458557,486.666497,249.458682,49
5,1875,288.556671,249.685135,288.556674,249.685250,49
5,1876,453.670013,268.559448,453.669997,268.559553,49
5,1877,321.291534,1.826684,321.291534,1.826826,49
5,1878,453.364777,1.675649,453.364769,1.675791,49
5,1879,321.596771,268.710510,321.596791,268.710618,49
5,1880,398.661316,287.685516,398.661300,287.685621,49
5,1881,376.649109,287.710663,376.649104,287.710789,49
5,1882,541.631653,192.206238,541.631635,192.206360,49
5,1883,233.286316,40.053627,233.286337,40.053766,49
5,1884,541.457214,39.701164,541.457169,39.701301,49
5,1885,233.460724,192.558701,233.460745,192.558825,49
5,1886,530.647339,211.281937,530.647302,211.282063,49
5,1887,244.270599,20.977951,244.270613,20.978091,49
5,1888,530.429321,20.650654,530.429278,20.650794,49
5,1889,244.488617,211.609222,244.488637,211.609346,49
5,1890,552.615906,173.130524,552.615911,173.130642,49
5,1891,222.302017,59.129391,222.302033,59.129527,49
5,1892,552.485107,58.751759,552.485061,58.751895,49
5,1893,222.432816,173.508148,222.432824,173.508274,49
5,1894,519.663025,230.357666,519.663027,230.357781,49
5,1895,255.254898,1.902217,255.254917,1.902359,49
5,1896,519.401428,1.600116,519.401386,1.600258,49
5,1897,255.516541,230.659775,255.516558,230.659896,49
5,1898,420.673492,287.660339,420.673496,287.660453,49
5,1899,354.636871,287.735870,354.636879,287.735986,49
5,1900,475.682190,268.534271,475.682193,268.534385,49
5,1901,299.279327,1.851881,299.279338,1.852023,49
5,1902,475.376953,1.650452,475.376936,1.650594,49
5,1903,299.584595,268.735657,299.584595,268.735786,49
5,1904,563.556580,115.928528,563.556569,115.928655,49
5,1905,211.361328,116.331337,211.361345,116.331470,49
5,1906,563.600220,154.054794,563.600186,154.054924,49
5,1907,211.317719,78.205093,211.317729,78.205231,49
5,1908,563.513000,77.802269,563.513011,77.802402,49
5,1909,211.404938,154.457611,211.404962,154.457739,49
5,1910,508.678711,249.433395,508.678693,249.433514,49
5,1911,266.544464,249.710327,266.544478,249.710447,49
5,1912,442.685699,287.635162,442.685692,287.635286,49
5,1913,332.624634,287.761047,332.624654,287.761154,49
5,1914,574.584534,134.979080,574.584519,134.979206,49
5,1915,200.333405,97.280815,200.333424,97.280949,49
5,1916,200.377029,135.407074,200.377041,135.407203,49
5,1917,497.694427,268.509094,497.694418,268.509218,49
5,1918,277.267120,1.877049,277.267142,1.877191,49
5,1919,497.389160,1.625284,497.389161,1.625426,49
5,1920,277.572388,268.760864,277.572399,268.760982,49
5,1921,464.697937,287.609985,464.697918,287.610089,49
5,1922,310.612488,287.786194,310.612487,287.786321,49
5,1923,387.676971,306.761230,387.676967,306.761354,49
5,1924,387.328156,1.751152,387.328151,1.751294,49
5,1925,387.328156,1.751152,387.328151,1.751294,49
5,1926,387.676971,306.761230,387.676967,306.761354,49
5,1927,552.659546,211.256760,552.659527,211.256881,49
5,1928,222.258408,21.003119,222.258417,21.003259,49
5,1929,222.476425,211.634399,222.476441,211.634528,49
5,1930,211.274124,40.078823,211.274141,40.078963,49
5,1931,211.448532,192.583862,211.448549,192.583992,49
5,1932,541.675232,230.332489,541.675194,230.332614,49
5,1933,233.242706,1.927384,233.242721,1.927527,49
5,1934,233.504349,230.684952,233.504362,230.685079,49
5,1935,409.689209,306.736053,409.689192,306.736157,49
5,1936,365.315948,1.776349,365.315955,1.776491,49
5,1937,409.340363,1.725985,409.340347,1.726126,49
5,1938,365.664795,306.786407,365.664800,306.786522,49
5,1939,200.289825,59.154560,200.289837,59.154695,49
5,1940,200.420609,173.533325,200.420628,173.533457,49
5,1941,244.532242,249.735489,244.532253,249.735614,49
5,1942,431.701385,306.710876,431.701388,306.710989,49
5,1943,343.303711,1.801517,343.303730,1.801659,49
5,1944,431.352539,1.700817,431.352544,1.700959,49
5,1945,343.652557,306.811584,343.652575,306.811689,49
5,1946,288.600250,287.811401,288.600262,287.811518,49
5,1947,189.349136,116.356522,189.349149,116.356653,49
5,1948,189.305511,78.230263,189.305533,78.230399,49
5,1949,189.392746,154.482788,189.392765,154.482921,49
5,1950,255.254898,1.902217,255.254917,1.902359,49
5,1951,519.401428,1.600116,519.401386,1.600258,49
5,1952,255.560165,268.786041,255.560174,268.786150,49
5,1953,321.291534,1.826684,321.291534,1.826826,49
5,1954,453.364777,1.675649,453.364769,1.675791,49
5,1955,321.640381,306.836731,321.640379,306.836857,49
5,1956,299.279327,1.851881,299.279338,1.852023,49
5,1957,233.242706,1.927384,233.242721,1.927527,49
5,1958,387.458954,116.129936,387.458943,116.130070,50
5,1959,398.486908,135.180496,398.486892,135.180620,50
5,1960,376.431061,97.079399,376.431051,97.079534,50
5,1961,398.443268,97.054237,398.443276,97.054367,50
5,1962,376.474670,135.205658,376.474667,135.205788,50
5,1963,409.471161,116.104759,409.471168,116.104888,50
5,1964,365.446777,116.155106,365.446776,116.155238,50
5,1965,387.502563,154.256210,387.502559,154.256338,50
5,1966,387.415344,78.003670,387.415355,78.003802,50
5,1967,387.415344,78.003670,387.415355,78.003802,50
5,1968,387.502563,154.256210,387.502559,154.256338,50
5,1969,420.499054,135.155304,420.499060,135.155438,50
5,1970,354.418854,97.104584,354.418855,97.104717,50
5,1971,420.455444,97.029053,420.455443,97.029184,50
5,1972,354.462463,135.230835,354.462471,135.230970,50
5,1973,409.514801,154.231033,409.514784,154.231156,50
5,1974,365.403168,78.028862,365.403159,78.028999,50
5,1975,409.427551,77.978500,409.427551,77.978634,50
5,1976,365.490387,154.281372,365.490392,154.281506,50
5,1977,431.483368,116.079590,431.483364,116.079720,50
5,1978,343.434540,116.180290,343.434551,116.180420,50
5,1979,398.530487,173.306747,398.530480,173.306874,50
5,1980,376.387451,58.953159,376.387464,58.953295,50
5,1981,398.399658,58.927990,398.399660,58.928127,50
5,1982,376.518280,173.331909,376.518284,173.332042,50
5,1983,442.511292,135.130127,442.511285,135.130256,50
5,1984,332.406616,97.129753,332.406630,97.129884,50
5,1985,442.467682,97.003868,442.467668,97.004002,50
5,1986,332.450256,135.256012,332.450246,135.256138,50
5,1987,431.526947,154.205856,431.526951,154.205988,50
5,1988,343.390930,78.054031,343.390934,78.054166,50
5,1989,431.439789,77.953331,431.439776,77.953466,50
5,1990,343.478149,154.306564,343.478167,154.306689,50
5,1991,420.542694,173.281570,420.542676,173.281692,50
5,1992,354.375275,58.978325,354.375267,58.978463,50
5,1993,420.411865,58.902794,420.411856,58.902930,50
5,1994,354.506042,173.357101,354.506059,173.357224,50
5,1995,453.495575,116.054405,453.495560,116.054538,50
5,1996,321.422363,116.205460,321.422355,116.205588,50
5,1997,387.546173,192.382462,387.546176,192.382592,50
5,1998,387.371765,39.877396,387.371768,39.877534,50
5,1999,387.371765,39.877396,387.371768,39.877534,50
5,2000,387.546173,192.382462,387.546176,192.382592,50
5,2001,453.539185,154.180679,453.539176,154.180806,50
5,2002,321.378723,78.079201,321.378738,78.079334,50
5,2003,453.451965,77.928162,453.451973,77.928298,50
5,2004,321.465973,154.331726,321.465971,154.331856,50
5,2005,464.523529,135.104965,464.523510,135.105088,50
5,2006,310.394470,97.154930,310.394463,97.155067,50
5,2007,464.479889,96.978699,464.479893,96.978834,50
5,2008,310.438080,135.281189,310.438079,135.281321,50
5,2009,442.554901,173.256378,442.554901,173.256510,50
5,2010,332.363037,59.003525,332.363042,59.003660,50
5,2011,442.424072,58.877625,442.424052,58.877763,50
5,2012,332.493835,173.382263,332.493834,173.382392,50
5,2013,409.558411,192.357285,409.558401,192.357410,50
5,2014,365.359558,39.902592,365.359572,39.902730,50
5,2015,409.383972,39.852226,409.383964,39.852366,50
5,2016,365.533966,192.407639,365.533980,192.407760,50
5,2017,431.570587,192.332123,431.570568,192.332242,50
5,2018,343.347351,39.927761,343.347347,39.927898,50
5,2019,431.396179,39.827061,431.396160,39.827198,50
5,2020,343.521759,192.432816,343.521755,192.432942,50
5,2021,475.507782,116.029236,475.507785,116.029370,50
5,2022,299.410156,116.230637,299.410158,116.230770,50
5,2023,398.574066,211.432999,398.574067,211.433114,50
5,2024,376.343872,20.826887,376.343876,20.827027,50
5,2025,398.356049,20.801720,398.356043,20.801859,50
5,2026,376.561890,211.458176,376.561900,211.458296,50
5,2027,475.551392,154.155518,475.551373,154.155638,50
5,2028,299.366547,78.104393,299.366542,78.104531,50
5,2029,475.464172,77.902969,475.464169,77.903102,50
5,2030,299.453766,154.356918,299.453775,154.357039,50
5,2031,464.567108,173.231216,464.567097,173.231342,50
5,2032,310.350861,59.028690,310.350875,59.028827,50
5,2033,464.436279,58.852459,464.436277,58.852595,50
5,2034,310.481659,173.407455,310.481667,173.407574,50
5,2035,486.535675,135.079773,486.535677,135.079906,50
5,2036,288.382233,97.180099,288.382238,97.180234,50
5,2037,486.492065,96.953522,486.492060,96.953652,50
5,2038,288.425842,135.306366,288.425854,135.306488,50
5,2039,453.582794,192.306931,453.582793,192.307060,50
5,2040,321.335144,39.952927,321.335151,39.953066,50
5,2041,453.408386,39.801891,453.408385,39.802030,50
5,2042,321.509552,192.457993,321.509558,192.458110,50
5,2043,420.586304,211.407822,420.586292,211.407946,50
5,2044,354.331635,20.852055,354.331651,20.852194,50
5,2045,420.368286,20.776522,420.368268,20.776662,50
5,2046,354.549683,211.483353,354.549675,211.483478,50
5,2047,442.598480,211.382660,442.598489,211.382778,50
5,2048,332.319427,20.877251,332.319426,20.877391,50
5,2049,442.380463,20.751354,442.380464,20.751494,50
5,2050,332.537445,211.508530,332.537450,211.508646,50
5,2051,497.519989,116.004059,497.519981,116.004188,50
5,2052,277.397949,116.255821,277.397962,116.255953,50
5,2053,387.589783,230.508728,387.589792,230.508846,50
5,2054,387.328156,1.751152,387.328151,1.751294,50
5,2055,387.328156,1.751152,387.328151,1.751294,50
5,2056,387.589783,230.508728,387.589792,230.508846,50
5,2057,486.579315,173.206039,486.579293,173.206160,50
5,2058,288.338654,59.053860,288.338650,59.053995,50
5,2059,486.448486,58.827290,486.448473,58.827427,50
5,2060,288.469421,173.432617,288.469442,173.432742,50
5,2061,497.563599,154.130325,497.563598,154.130456,50
5,2062,277.354340,78.129562,277.354346,78.129699,50
5,2063,497.476410,77.877800,497.476394,77.877934,50
5,2064,277.441559,154.382095,277.441579,154.382221,50
5,2065,475.595001,192.281769,475.594989,192.281892,50
5,2066,299.322937,39.978123,299.322954,39.978263,50
5,2067,475.420563,39.776695,475.420552,39.776833,50
5,2068,299.497345,192.483170,299.497362,192.483292,50
5,2069,409.601990,230.483551,409.601988,230.483678,50
5,2070,365.315948,1.776349,365.315955,1.776491,50
5,2071,409.340363,1.725985,409.340347,1.726126,50
5,2072,365.577606,230.533890,365.577596,230.534014,50
5,2073,508.547913,135.054611,508.547902,135.054738,50
5,2074,266.370026,97.205284,266.370042,97.205417,50
5,2075,508.504303,96.928352,508.504285,96.928484,50
5,2076,266.413635,135.331543,266.413658,135.331671,50
5,2077,464.610687,211.357468,464.610685,211.357596,50
5,2078,310.307251,20.902418,310.307259,20.902559,50
5,2079,464.392670,20.726187,464.392660,20.726327,50
5,2080,310.525269,211.533691,310.525283,211.533814,50
5,2081,431.614197,230.458359,431.614184,230.458482,50
5,2082,343.303711,1.801517,343.303730,1.801659,50
5,2083,431.352539,1.700817,431.352544,1.700959,50
5,2084,343.565369,230.559082,343.565371,230.559196,50
5,2085,453.626404,230.433197,453.626409,230.433314,50
5,2086,321.291534,1.826684,321.291534,1.826826,50
5,2087,453.364777,1.675649,453.364769,1.675791,50
5,2088,321.553162,230.584259,321.553175,230.584378,50
5,2089,519.532166,115.978874,519.532177,115.979006,50
5,2090,255.385727,116.280991,255.385737,116.281120,50
5,2091,398.617676,249.559265,398.617684,249.559382,50
5,2092,376.605499,249.584427,376.605488,249.584550,50
5,2093,508.591522,173.180862,508.591518,173.180992,50
5,2094,266.326447,59.079025,266.326454,59.079163,50
5,2095,508.460693,58.802094,508.460669,58.802230,50
5,2096,266.457245,173.457794,266.457245,173.457924,50
5,2097,497.607208,192.256592,497.607185,192.256710,50
5,2098,277.310760,40.003292,277.310758,40.003430,50
5,2099,497.432800,39.751526,497.432777,39.751666,50
5,2100,277.485168,192.508347,277.485166,192.508475,50
5,2101,519.575806,154.105148,519.575794,154.105274,50
5,2102,255.342102,78.154732,255.342121,78.154866,50
5,2103,519.488586,77.852631,519.488561,77.852766,50
5,2104,255.429337,154.407257,255.429354,154.407389,50
5,2105,486.622925,211.332291,486.622910,211.332413,50
5,2106,288.295013,20.927586,288.295034,20.927727,50
5,2107,486.404907,20.701019,486.404885,20.701159,50
5,2108,288.513062,211.558884,288.513058,211.559010,50
5,2109,420.629883,249.534073,420.629880,249.534185,50
5,2110,354.593292,249.609604,354.593292,249.609717,50
5,2111,530.560059,135.029419,530.560069,135.029556,50
5,2112,244.357803,97.230453,244.357817,97.230585,50
5,2113,530.516541,96.903168,530.516511,96.903302,50
5,2114,244.401413,135.356705,244.401433,135.356838,50
5,2115,475.638580,230.408020,475.638576,230.408146,50
5,2116,299.279327,1.851881,299.279338,1.852023,50
5,2117,475.376953,1.650452,475.376936,1.650594,50
5,2118,299.540985,230.609421,299.540979,230.609546,50
5,2119,442.642090,249.508896,442.642076,249.509017,50
5,2120,332.581055,249.634796,332.581067,249.634914,50
5,2121,387.633392,268.634979,387.633380,268.635085,50
5,2122,387.328156,1.751152,387.328151,1.751294,50
5,2123,387.328156,1.751152,387.328151,1.751294,50
5,2124,387.633392,268.634979,387.633380,268.635085,50
5,2125,519.619446,192.231400,519.619410,192.231528,50
5,2126,255.298523,40.028461,255.298533,40.028598,50
5,2127,519.444946,39.726360,519.444944,39.726498,50
5,2128,255.472931,192.533524,255.472941,192.533642,50
5,2129,530.603699,173.155685,530.603685,173.155810,50
5,2130,244.314209,59.104221,244.314229,59.104360,50
5,2131,530.472900,58.776924,530.472894,58.777063,50
5,2132,244.445007,173.482971,244.445020,173.483092,50
5,2133,508.635101,211.307129,508.635077,211.307246,50
5,2134,266.282837,20.952755,266.282838,20.952895,50
5,2135,508.417053,20.675821,508.417053,20.675962,50
5,2136,266.500854,211.584061,266.500862,211.584178,50
5,2137,464.654297,249.483734,464.654301,249.483850,50
5,2138,310.568878,249.659958,310.568900,249.660082,50
5,2139,409.645569,268.609802,409.645576,268.609918,50
5,2140,365.315948,1.776349,365.315955,1.776491,50
5,2141,409.340363,1.725985,409.340347,1.726126,50
5,2142,365.621216,268.660126,365.621212,268.660253,50
5,2143,541.544434,115.953705,541.544402,115.953838,50
5,2144,233.373520,116.306175,233.373541,116.306303,50
5,2145,541.588013,154.079971,541.588019,154.080106,50
5,2146,233.329910,78.179901,233.329925,78.180034,50
5,2147,541.500793,77.827438,541.500786,77.827569,50
5,2148,233.417145,154.432449,233.417158,154.432571,50
5,2149,497.650818,230.382843,497.650802,230.382964,50
5,2150,277.267120,1.877049,277.267142,1.877191,50
5,2151,497.389160,1.625284,497.389161,1.625426,50
5,2152,277.528778,230.634598,277.528783,230.634714,50
5,2153,431.657806,268.584625,431.657801,268.584750,50
5,2154,343.303711,1.801517,343.303730,1.801659,50
5,2155,431.352539,1.700817,431.352544,1.700959,50
5,2156,343.608978,268.685333,343.608987,268.685450,50
5,2157,552.572327,135.004257,552.572294,135.004388,50
5,2158,222.345612,97.255630,222.345620,97.255767,50
5,2159,552.528687,96.877998,552.528678,96.878134,50
5,2160,222.389221,135.381897,222.389237,135.382021,50
5,2161,486.666504,249.458557,486.666497,249.458682,50
5,2162,288.556671,249.685135,288.556674,249.685250,50
5,2163,453.670013,268.559448,453.669997,268.559553,50
5,2164,321.291534,1.826684,321.291534,1.826826,50
5,2165,453.364777,1.675649,453.364769,1.675791,50
5,2166,321.596771,268.710510,321.596791,268.710618,50
5,2167,398.661316,287.685516,398.661300,287.685621,50
5,2168,376.649109,287.710663,376.649104,287.710789,50
5,2169,541.631653,192.206238,541.631635,192.206360,50
5,2170,233.286316,40.053627,233.286337,40.053766,50
5,2171,541.457214,39.701164,541.457169,39.701301,50
5,2172,233.460724,192.558701,233.460745,192.558825,50
5,2173,530.647339,211.281937,530.647302,211.282063,50
5,2174,244.270599,20.977951,244.270613,20.978091,50
5,2175,530.429321,20.650654,530.429278,20.650794,50
5,2176,244.488617,211.609222,244.488637,211.609346,50
5,2177,552.615906,173.130524,552.615911,173.130642,50
5,2178,222.302017,59.129391,222.302033,59.129527,50
5,2179,552.485107,58.751759,552.485061,58.751895,50
5,2180,222.432816,173.508148,222.432824,173.508274,50
5,2181,519.663025,230.357666,519.663027,230.357781,50
5,2182,255.254898,1.902217,255.254917,1.902359,50
5,2183,519.401428,1.600116,519.401386,1.600258,50
5,2184,255.516541,230.659775,255.516558,230.659896,50
5,2185,420.673492,287.660339,420.673496,287.660453,50
5,2186,354.636871,287.735870,354.636879,287.735986,50
5,2187,475.682190,268.534271,475.682193,268.534385,50
5,2188,299.279327,1.851881,299.279338,1.852023,50
5,2189,475.376953,1.650452,475.376936,1.650594,50
5,2190,299.584595,268.735657,299.584595,268.735786,50
5,2191,563.556580,115.928528,563.556569,115.928655,50
5,2192,211.361328,116.331337,211.361345,116.331470,50
5,2193,563.600220,154.054794,563.600186,154.054924,50
5,2194,211.317719,78.205093,211.317729,78.205231,50
5,2195,563.513000,77.802269,563.513011,77.802402,50
5,2196,211.404938,154.457611,211.404962,154.457739,50
5,2197,508.678711,249.433395,508.678693,249.433514,50
5,2198,266.544464,249.710327,266.544478,249.710447,50
5,2199,442.685699,287.635162,442.685692,287.635286,50
5,2200,332.624634,287.761047,332.624654,287.761154,50
5,2201,574.584534,134.979080,574.584519,134.979206,50
5,2202,200.333405,97.280815,200.333424,97.280949,50
5,2203,200.377029,135.407074,200.377041,135.407203,50
5,2204,497.694427,268.509094,497.694418,268.509218,50
5,2205,277.267120,1.877049,277.267142,1.877191,50
5,2206,497.389160,1.625284,497.389161,1.625426,50
5,2207,277.572388,268.760864,277.572399,268.760982,50
5,2208,464.697937,287.609985,464.697918,287.610089,50
5,2209,310.612488,287.786194,310.612487,287.786321,50
5,2210,387.676971,306.761230,387.676967,306.761354,50
5,2211,387.328156,1.751152,387.328151,1.751294,50
5,2212,387.328156,1.751152,387.328151,1.751294,50
5,2213,387.676971,306.761230,387.676967,306.761354,50
5,2214,552.659546,211.256760,552.659527,211.256881,50
5,2215,222.258408,21.003119,222.258417,21.003259,50
5,2216,222.476425,211.634399,222.476441,211.634528,50
5,2217,211.274124,40.078823,211.274141,40.078963,50
5,2218,211.448532,192.583862,211.448549,192.583992,50
5,2219,541.675232,230.332489,541.675194,230.332614,50
5,2220,233.242706,1.927384,233.242721,1.927527,50
5,2221,233.504349,230.684952,233.504362,230.685079,50
5,2222,409.689209,306.736053,409.689192,306.736157,50
5,2223,365.315948,1.776349,365.315955,1.776491,50
5,2224,409.340363,1.725985,409.340347,1.726126,50
5,2225,365.664795,306.786407,365.664800,306.786522,50
5,2226,200.289825,59.154560,200.289837,59.154695,50
5,2227,200.420609,173.533325,200.420628,173.533457,50
5,2228,244.532242,249.735489,244.532253,249.735614,50
5,2229,431.701385,306.710876,431.701388,306.710989,50
5,2230,343.303711,1.801517,343.303730,1.801659,50
5,2231,431.352539,1.700817,431.352544,1.700959,50
5,2232,343.652557,306.811584,343.652575,306.811689,50
5,2233,288.600250,287.811401,288.600262,287.811518,50
5,2234,189.349136,116.356522,189.349149,116.356653,50
5,2235,189.305511,78.230263,189.305533,78.230399,50
5,2236,189.392746,154.482788,189.392765,154.482921,50
5,2237,255.254898,1.902217,255.254917,1.902359,50
5,2238,519.401428,1.600116,519.401386,1.600258,50
5,2239,255.560165,268.786041,255.560174,268.786150,50
5,2240,321.291534,1.826684,321.291534,1.826826,50
5,2241,453.364777,1.675649,453.364769,1.675791,50
5,2242,321.640381,306.836731,321.640379,306.836857,50
5,2243,299.279327,1.851881,299.279338,1.852023,50
5,2244,233.242706,1.927384,233.242721,1.927527,50
5,2245,261.010956,136.247147,261.010950,136.247290,52
5,2246,271.993317,155.218979,271.993301,155.219119,52
5,2247,250.028595,117.275322,250.028600,117.275461,52
5,2248,271.949860,117.250252,271.949865,117.250397,52
5,2249,250.072037,155.244049,250.072036,155.244183,52
5,2250,282.932190,136.222076,282.932187,136.222212,52
5,2251,239.089676,136.272217,239.089685,136.272354,52
5,2252,261.054352,174.215866,261.054358,174.215997,52
5,2253,260.967499,98.278442,260.967514,98.278583,52
5,2254,260.967499,98.278442,260.967514,98.278583,52
5,2255,261.054352,174.215866,261.054358,174.215997,52
5,2256,293.914551,155.193909,293.914538,155.194041,52
5,2257,228.107361,117.300400,228.107363,117.300539,52
5,2258,293.871094,117.225174,293.871101,117.225319,52
5,2259,228.150803,155.269119,228.150800,155.269261,52
5,2260,282.975586,174.190781,282.975594,174.190919,52
5,2261,239.046249,98.303505,239.046249,98.303647,52
5,2262,282.888763,98.253365,282.888751,98.253505,52
5,2263,239.133087,174.240921,239.133093,174.241061,52
5,2264,304.853455,136.197006,304.853452,136.197148,52
5,2265,217.168442,136.297287,217.168449,136.297432,52
5,2266,272.036713,193.187698,272.036709,193.187826,52
5,2267,249.985168,79.306610,249.985164,79.306754,52
5,2268,271.906433,79.281548,271.906429,79.281690,52
5,2269,250.115448,193.212753,250.115443,193.212889,52
5,2270,315.835785,155.168823,315.835774,155.168962,52
5,2271,206.186127,117.325462,206.186127,117.325603,52
5,2272,315.792328,117.200096,315.792338,117.200241,52
5,2273,206.229553,155.294189,206.229563,155.294325,52
5,2274,304.896851,174.165726,304.896859,174.165855,52
5,2275,217.125000,98.328583,217.125013,98.328725,52
5,2276,304.810028,98.228294,304.810016,98.228441,52
5,2277,217.211853,174.266006,217.211856,174.266139,52
5,2278,293.957947,193.162613,293.957945,193.162748,52
5,2279,228.063919,79.331673,228.063927,79.331818,52
5,2280,293.827667,79.256477,293.827665,79.256627,52
5,2281,228.194199,193.237839,228.194207,193.237968,52
5,2282,326.774658,136.171936,326.774660,136.172070,52
5,2283,195.247208,136.322372,195.247212,136.322510,52
5,2284,261.097778,212.184570,261.097794,212.184704,52
5,2285,260.924103,60.309727,260.924107,60.309876,52
5,2286,260.924103,60.309727,260.924107,60.309876,52
5,2287,261.097778,212.184570,261.097794,212.184704,52
5,2288,326.818085,174.140640,326.818067,174.140777,52
5,2289,195.203766,98.353661,195.203776,98.353803,52
5,2290,326.731232,98.203217,326.731223,98.203363,52
5,2291,195.290619,174.291077,195.290620,174.291217,52
5,2292,337.757019,155.143753,337.757010,155.143899,52
5,2293,184.264877,117.350540,184.264891,117.350681,52
5,2294,337.713593,117.175034,337.713574,117.175177,52
5,2295,184.308319,155.319260,184.308327,155.319403,52
5,2296,315.879181,193.137543,315.879181,193.137669,52
5,2297,206.142685,79.356766,206.142691,79.356911,52
5,2298,315.748901,79.231384,315.748902,79.231534,52
5,2299,206.272964,193.262894,206.272971,193.263031,52
5,2300,283.019043,212.159515,283.019030,212.159640,52
5,2301,239.002838,60.334820,239.002842,60.334969,52
5,2302,282.845337,60.284664,282.845343,60.284812,52
5,2303,239.176529,212.209641,239.176529,212.209768,52
5,2304,304.940308,212.134415,304.940296,212.134547,52
5,2305,217.081604,60.359886,217.081605,60.360032,52
5,2306,304.766602,60.259602,304.766609,60.259748,52
5,2307,217.255295,212.234711,217.255292,212.234846,52
5,2308,348.695923,136.146866,348.695925,136.147006,52
5,2309,173.325974,136.347427,173.325976,136.347574,52
5,2310,272.080139,231.156387,272.080145,231.156518,52
5,2311,249.941757,41.337883,249.941756,41.338033,52
5,2312,271.863037,41.312820,271.863021,41.312969,52
5,2313,250.158875,231.181473,250.158880,231.181596,52
5,2314,348.739349,174.115570,348.739332,174.115713,52
5,2315,173.282532,98.378723,173.282540,98.378867,52
5,2316,348.652496,98.178154,348.652489,98.178299,52
5,2317,173.369370,174.316147,173.369383,174.316281,52
5,2318,337.800415,193.112473,337.800418,193.112606,52
5,2319,184.221451,79.381828,184.221454,79.381974,52
5,2320,337.670135,79.206322,337.670138,79.206470,52
5,2321,184.351730,193.287979,184.351734,193.288110,52
5,2322,359.678284,155.118683,359.678276,155.118820,52
5,2323,162.343613,117.375603,162.343625,117.375745,52
5,2324,359.634857,117.149956,359.634839,117.150099,52
5,2325,162.387054,155.344330,162.387062,155.344467,52
5,2326,326.861511,212.109344,326.861503,212.109484,52
5,2327,195.160355,60.384949,195.160369,60.385096,52
5,2328,326.687836,60.234535,326.687816,60.234685,52
5,2329,195.334045,212.259796,195.334056,212.259924,52
5,2330,294.001373,231.131317,294.001381,231.131454,52
5,2331,228.020523,41.362946,228.020520,41.363097,52
5,2332,293.784271,41.287754,293.784258,41.287905,52
5,2333,228.237640,231.206543,228.237643,231.206675,52
5,2334,315.922607,231.106262,315.922618,231.106391,52
5,2335,206.099274,41.388039,206.099283,41.388189,52
5,2336,315.705505,41.262665,315.705494,41.262813,52
5,2337,206.316406,231.231613,206.316407,231.231738,52
5,2338,370.617157,136.121780,370.617161,136.121928,52
5,2339,151.404694,136.372513,151.404711,136.372652,52
5,2340,261.141235,250.153290,261.141230,250.153425,52
5,2341,260.880676,22.341003,260.880671,22.341155,52
5,2342,260.880676,22.341003,260.880671,22.341155,52
5,2343,261.141235,250.153290,261.141230,250.153425,52
5,2344,359.721680,193.087387,359.721683,193.087527,52
5,2345,162.300171,79.406891,162.300189,79.407038,52
5,2346,359.591400,79.181259,359.591403,79.181406,52
5,2347,162.430466,193.313034,162.430469,193.313173,52
5,2348,370.660614,174.090500,370.660597,174.090635,52
5,2349,151.361267,98.403801,151.361275,98.403945,52
5,2350,370.573730,98.153076,370.573725,98.153221,52
5,2351,151.448105,174.341217,151.448118,174.341359,52
5,2352,348.782776,212.084290,348.782768,212.084420,52
5,2353,173.239120,60.410042,173.239133,60.410189,52
5,2354,348.609100,60.209442,348.609081,60.209592,52
5,2355,173.412811,212.284851,173.412820,212.284988,52
5,2356,283.062469,250.128204,283.062467,250.128333,52
5,2357,238.959396,22.366096,238.959405,22.366247,52
5,2358,282.801910,22.315939,282.801907,22.316091,52
5,2359,239.219955,250.178360,239.219965,250.178489,52
5,2360,381.599487,155.093613,381.599483,155.093757,52
5,2361,140.422379,117.400681,140.422389,117.400823,52
5,2362,381.556061,117.124893,381.556047,117.125035,52
5,2363,140.465805,155.369400,140.465825,155.369545,52
5,2364,337.843872,231.081177,337.843854,231.081312,52
5,2365,184.178040,41.413101,184.178047,41.413253,52
5,2366,337.626740,41.237598,337.626731,41.237749,52
5,2367,184.395157,231.256683,184.395170,231.256817,52
5,2368,304.983734,250.103134,304.983732,250.103269,52
5,2369,217.038162,22.391159,217.038169,22.391311,52
5,2370,304.723175,22.290874,304.723172,22.291027,52
5,2371,217.298721,250.203430,217.298729,250.203553,52
5,2372,326.904938,250.078079,326.904939,250.078205,52
5,2373,195.116928,22.416224,195.116933,22.416375,52
5,2374,326.644379,22.265812,326.644380,22.265963,52
5,2375,195.377487,250.228485,195.377492,250.228617,52
5,2376,392.538452,136.096725,392.538426,136.096864,52
5,2377,129.483490,136.397583,129.483503,136.397716,52
5,2378,272.123596,269.125122,272.123581,269.125240,52
5,2379,249.898315,3.369187,249.898320,3.369340,52
5,2380,271.819580,3.344123,271.819585,3.344276,52
5,2381,250.202316,269.150177,250.202316,269.150303,52
5,2382,381.642944,193.062332,381.642919,193.062464,52
5,2383,140.378937,79.431953,140.378953,79.432102,52
5,2384,381.512665,79.156166,381.512640,79.156314,52
5,2385,140.509216,193.338120,140.509233,193.338252,52
5,2386,370.704041,212.059204,370.704034,212.059342,52
5,2387,151.317856,60.435104,151.317867,60.435253,52
5,2388,370.530334,60.184380,370.530318,60.184528,52
5,2389,151.491547,212.309921,151.491554,212.310052,52
5,2390,392.581848,174.065430,392.581834,174.065571,52
5,2391,129.440048,98.428864,129.440067,98.429009,52
5,2392,392.494995,98.128014,392.494990,98.128157,52
5,2393,129.526901,174.366287,129.526911,174.366423,52
5,2394,359.765137,231.056107,359.765119,231.056234,52
5,2395,162.256775,41.438168,162.256782,41.438317,52
5,2396,359.548004,41.212536,359.547996,41.212685,52
5,2397,162.473892,231.281769,162.473905,231.281895,52
5,2398,294.044830,269.100006,294.044817,269.100147,52
5,2399,227.977081,3.394250,227.977084,3.394404,52
5,2400,293.740814,3.319059,293.740822,3.319213,52
5,2401,228.281082,269.175232,228.281079,269.175367,52
5,2402,403.520752,155.068542,403.520748,155.068678,52
5,2403,118.501198,117.425743,118.501210,117.425887,52
5,2404,403.477325,117.099815,403.477312,117.099957,52
5,2405,118.544571,155.394470,118.544589,155.394609,52
5,2406,348.826202,250.052979,348.826205,250.053112,52
5,2407,173.195694,22.441315,173.195696,22.441467,52
5,2408,348.565643,22.240719,348.565645,22.240871,52
5,2409,173.456253,250.253555,173.456256,250.253680,52
5,2410,315.966064,269.074951,315.966054,269.075083,52
5,2411,206.055847,3.419343,206.055847,3.419497,52
5,2412,315.662048,3.293966,315.662058,3.294120,52
5,2413,206.359833,269.200317,206.359843,269.200431,52
5,2414,261.184631,288.121979,261.184638,288.122118,52
5,2415,261.184631,288.121979,261.184638,288.122118,52
5,2416,392.625244,212.034134,392.625241,212.034263,52
5,2417,129.396652,60.460167,129.396660,60.460316,52
5,2418,392.451569,60.159317,392.451554,60.159464,52
5,2419,129.570328,212.334991,129.570347,212.335130,52
5,2420,403.564209,193.037247,403.564185,193.037385,52
5,2421,118.457756,79.457047,118.457774,79.457195,52
5,2422,403.433899,79.131104,403.433876,79.131250,52
5,2423,118.588013,193.363174,118.588025,193.363315,52
5,2424,381.686371,231.031036,381.686356,231.031170,52
5,2425,140.335526,41.463230,140.335545,41.463381,52
5,2426,381.469238,41.187443,381.469232,41.187592,52
5,2427,140.552658,231.306824,140.552669,231.306959,52
5,2428,337.887299,269.049896,337.887290,269.050019,52
5,2429,184.134598,3.444407,184.134611,3.444560,52
5,2430,337.583313,3.268903,337.583294,3.269056,52
5,2431,184.438599,269.225403,184.438607,269.225524,52
5,2432,283.105865,288.096924,283.105874,288.097054,52
5,2433,239.263367,288.147064,239.263372,288.147182,52
5,2434,414.459656,136.071640,414.459634,136.071786,52
5,2435,107.562248,136.422653,107.562267,136.422794,52
5,2436,414.503082,174.040359,414.503070,174.040493,52
5,2437,107.518814,98.453941,107.518831,98.454087,52
5,2438,414.416199,98.102936,414.416198,98.103079,52
5,2439,107.605690,174.391357,107.605703,174.391501,52
5,2440,370.747437,250.027924,370.747441,250.028049,52
5,2441,151.274414,22.466379,151.274431,22.466531,52
5,2442,370.486908,22.215656,370.486910,22.215807,52
5,2443,151.534973,250.278641,151.534991,250.278773,52
5,2444,305.027130,288.071838,305.027139,288.071961,52
5,2445,217.342133,288.172150,217.342136,288.172274,52
5,2446,425.441986,155.043472,425.441956,155.043615,52
5,2447,96.579926,117.450821,96.579945,117.450965,52
5,2448,425.398560,117.074753,425.398549,117.074893,52
5,2449,96.623306,155.419556,96.623324,155.419687,52
5,2450,359.808563,269.024811,359.808555,269.024927,52
5,2451,162.213333,3.469471,162.213346,3.469624,52
5,2452,359.504578,3.243839,359.504560,3.243993,52
5,2453,162.517334,269.250458,162.517341,269.250587,52
5,2454,326.948364,288.046783,326.948347,288.046898,52
5,2455,195.420898,288.197205,195.420900,288.197338,52
5,2456,272.166992,307.093811,272.166988,307.093932,52
5,2457,249.898315,3.369187,249.898320,3.369340,52
5,2458,271.819580,3.344123,271.819585,3.344276,52
5,2459,250.245728,307.118866,250.245723,307.118996,52
5,2460,414.546509,212.009064,414.546506,212.009200,52
5,2461,107.475380,60.485233,107.475394,60.485380,52
5,2462,414.372803,60.134224,414.372790,60.134372,52
5,2463,107.649124,212.360077,107.649139,212.360208,52
5,2464,403.607605,231.005981,403.607592,231.006107,52
5,2465,118.414322,41.488323,118.414338,41.488473,52
5,2466,403.390472,41.162380,403.390469,41.162529,52
5,2467,118.631447,231.331894,118.631461,231.332022,52
5,2468,425.485413,193.012192,425.485392,193.012322,52
5,2469,425.355164,79.106041,425.355141,79.106186,52
5,2470,392.668701,250.002853,392.668677,250.002985,52
5,2471,392.408142,22.190592,392.408118,22.190743,52
5,2472,129.613770,250.303711,129.613783,250.303837,52
5,2473,294.088226,307.068756,294.088225,307.068868,52
5,2474,227.977081,3.394250,227.977084,3.394404,52
5,2475,293.740814,3.319059,293.740822,3.319213,52
5,2476,228.324478,307.143951,228.324487,307.144089,52
5,2477,348.869629,288.021698,348.869612,288.021834,52
5,2478,173.499649,288.222290,173.499663,288.222402,52
5,2479,436.380920,136.046570,436.380899,136.046708,52
5,2480,436.424347,174.015274,436.424335,174.015415,52
5,2481,436.337494,98.077858,436.337463,98.078001,52
5,2482,381.729767,268.999725,381.729763,268.999863,52
5,2483,381.425812,3.218746,381.425796,3.218900,52
5,2484,316.009460,307.043640,316.009461,307.043776,52
5,2485,206.055847,3.419343,206.055847,3.419497,52
5,2486,315.662048,3.293966,315.662058,3.294120,52
5,2487,206.403244,307.169037,206.403250,307.169152,52
5,2488,447.363251,155.018402,447.363221,155.018536,52
5,2489,447.319794,117.049675,447.319785,117.049815,52
5,2490,370.790894,287.996613,370.790877,287.996741,52
5,2491,337.930695,307.018585,337.930697,307.018712,52
5,2492,184.134598,3.444407,184.134611,3.444560,52
5,2493,337.583313,3.268903,337.583294,3.269056,52
5,2494,425.528839,230.980881,425.528828,230.981014,52
5,2495,425.311707,41.137314,425.311705,41.137465,52
5,2496,436.467773,211.984009,436.467743,211.984136,52
5,2497,414.589935,249.977768,414.589914,249.977892,52
5,2498,359.504578,3.243839,359.504560,3.243993,52
5,2499,434.403015,236.571808,434.403001,236.571968,97
5,2500,445.294189,255.386185,445.294183,255.386339,97
5,2501,423.511810,217.757431,423.511820,217.757597,97
5,2502,445.251129,217.732574,445.251136,217.732741,97
5,2503,423.554871,255.411041,423.554867,255.411194,97
5,2504,456.142365,236.546951,456.142346,236.547112,97
5,2505,412.663696,236.596695,412.663685,236.596852,97
5,2506,434.446075,274.225433,434.446077,274.225594,97
5,2507,434.359924,198.918198,434.359926,198.918370,97
5,2508,434.359924,198.918198,434.359926,198.918370,97
5,2509,434.446075,274.225433,434.446077,274.225594,97
5,2510,467.033539,255.361328,467.033528,255.361483,97
5,2511,401.772461,217.782288,401.772475,217.782453,97
5,2512,466.990448,217.707703,466.990452,217.707871,97
5,2513,401.815552,255.435928,401.815551,255.436079,97
5,2514,456.185394,274.200562,456.185393,274.200709,97
5,2515,412.620636,198.943054,412.620638,198.943226,97
5,2516,456.099274,198.893341,456.099270,198.893500,97
5,2517,412.706726,274.250305,412.706732,274.250450,97
5,2518,477.881653,236.522095,477.881634,236.522256,97
5,2519,390.924377,236.621552,390.924369,236.621708,97
5,2520,445.337250,293.039825,445.337259,293.039965,97
5,2521,423.468750,180.103821,423.468744,180.103985,97
5,2522,445.208099,180.078949,445.208089,180.079115,97
5,2523,423.597931,293.064667,423.597942,293.064820,97
5,2524,488.772858,255.336472,488.772844,255.336627,97
5,2525,380.033173,217.807159,380.033187,217.807323,97
5,2526,488.729797,217.682831,488.729797,217.683001,97
5,2527,380.076233,255.460785,380.076234,255.460934,97
5,2528,477.924713,274.175690,477.924709,274.175854,97
5,2529,390.881287,198.967926,390.881293,198.968096,97
5,2530,477.838593,198.868484,477.838587,198.868644,97
5,2531,390.967407,274.275146,390.967416,274.275305,97
5,2532,467.076599,293.014923,467.076603,293.015080,97
5,2533,401.729431,180.128693,401.729428,180.128855,97
5,2534,466.947418,180.054092,466.947405,180.054259,97
5,2535,401.858612,293.089539,401.858626,293.089676,97
5,2536,499.621002,236.497223,499.620978,236.497386,97
5,2537,369.185028,236.646408,369.185053,236.646564,97
5,2538,434.489136,311.879028,434.489124,311.879191,97
5,2539,434.316864,161.264587,434.316850,161.264758,97
5,2540,434.316864,161.264587,434.316850,161.264758,97
5,2541,434.489136,311.879028,434.489124,311.879191,97
5,2542,499.664062,274.150848,499.664054,274.150998,97
5,2543,369.141968,198.992783,369.141977,198.992952,97
5,2544,499.577911,198.843613,499.577903,198.843774,97
5,2545,369.228119,274.300018,369.228128,274.300161,97
5,2546,510.512177,255.311615,510.512160,255.311771,97
5,2547,358.293823,217.832031,358.293842,217.832193,97
5,2548,510.469086,217.657990,510.469084,217.658145,97
5,2549,358.336914,255.485626,358.336918,255.485790,97
5,2550,488.815918,292.990082,488.815920,292.990224,97
5,2551,379.990112,180.153549,379.990112,180.153711,97
5,2552,488.686737,180.029221,488.686721,180.029389,97
5,2553,380.119293,293.114380,380.119310,293.114532,97
5,2554,456.228455,311.854187,456.228440,311.854336,97
5,2555,412.577545,161.289444,412.577562,161.289614,97
5,2556,456.056213,161.239716,456.056195,161.239888,97
5,2557,412.749817,311.903900,412.749808,311.904047,97
5,2558,477.967804,311.829346,477.967785,311.829480,97
5,2559,390.838196,161.314316,390.838217,161.314484,97
5,2560,477.795532,161.214859,477.795511,161.215032,97
5,2561,391.010468,311.928772,391.010463,311.928931,97
5,2562,521.360352,236.472351,521.360323,236.472516,97
5,2563,347.445679,236.671280,347.445708,236.671434,97
5,2564,445.380341,330.693420,445.380334,330.693562,97
5,2565,423.425659,142.450195,423.425668,142.450373,97
5,2566,445.165009,142.425323,445.165013,142.425503,97
5,2567,423.640991,330.718262,423.640990,330.718418,97
5,2568,521.403381,274.125977,521.403342,274.126142,97
5,2569,347.402618,199.017654,347.402632,199.017822,97
5,2570,521.317261,198.818741,521.317248,198.818904,97
5,2571,347.488770,274.324890,347.488784,274.325046,97
5,2572,510.555237,292.965210,510.555236,292.965369,97
5,2573,358.250763,180.178406,358.250767,180.178581,97
5,2574,510.426086,180.004364,510.426066,180.004533,97
5,2575,358.379944,293.139252,358.379965,293.139416,97
5,2576,532.251526,255.286728,532.251505,255.286887,97
5,2577,336.554474,217.856888,336.554498,217.857048,97
5,2578,532.208435,217.633118,532.208429,217.633275,97
5,2579,336.597565,255.510513,336.597573,255.510675,97
5,2580,499.707153,311.804443,499.707130,311.804595,97
5,2581,369.098907,161.339172,369.098930,161.339340,97
5,2582,499.534851,161.189987,499.534856,161.190162,97
5,2583,369.271179,311.953644,369.271176,311.953787,97
5,2584,467.119690,330.668549,467.119679,330.668706,97
5,2585,401.686371,142.475067,401.686381,142.475243,97
5,2586,466.904358,142.400467,466.904358,142.400647,97
5,2587,401.901703,330.743164,401.901702,330.743302,97
5,2588,488.858978,330.643707,488.858967,330.643851,97
5,2589,379.947021,142.499924,379.947036,142.500099,97
5,2590,488.643646,142.375595,488.643645,142.375777,97
5,2591,380.162354,330.768005,380.162357,330.768158,97
5,2592,543.099609,236.447495,543.099611,236.447660,97
5,2593,325.706360,236.696136,325.706392,236.696304,97
5,2594,434.532196,349.532684,434.532200,349.532817,97
5,2595,434.273804,123.610954,434.273803,123.611132,97
5,2596,434.273804,123.610954,434.273803,123.611132,97
5,2597,434.532196,349.532684,434.532200,349.532817,97
5,2598,532.294617,292.940369,532.294581,292.940513,97
5,2599,336.511414,180.203262,336.511422,180.203437,97
5,2600,532.165344,179.979492,532.165353,179.979663,97
5,2601,336.640594,293.164124,336.640621,293.164272,97
5,2602,543.142700,274.101105,543.142687,274.101258,97
5,2603,325.663300,199.042511,325.663316,199.042678,97
5,2604,543.056641,198.793884,543.056592,198.794048,97
5,2605,325.749451,274.349762,325.749467,274.349901,97
5,2606,521.446411,311.779602,521.446418,311.779740,97
5,2607,347.359558,161.364044,347.359585,161.364210,97
5,2608,521.274170,161.165115,521.274172,161.165292,97
5,2609,347.531830,311.978485,347.531831,311.978643,97
5,2610,456.271515,349.507782,456.271516,349.507933,97
5,2611,412.534485,123.635811,412.534486,123.635988,97
5,2612,456.013123,123.586082,456.013119,123.586262,97
5,2613,412.792877,349.557526,412.792884,349.557673,97
5,2614,553.990845,255.261871,553.990850,255.262031,97
5,2615,314.815186,217.881744,314.815210,217.881904,97
5,2616,553.947815,217.608246,553.947774,217.608405,97
5,2617,314.858276,255.535370,314.858286,255.535530,97
5,2618,510.598328,330.618835,510.598312,330.618966,97
5,2619,358.207703,142.524796,358.207720,142.524969,97
5,2620,510.382996,142.350754,510.382990,142.350921,97
5,2621,358.423035,330.792877,358.423041,330.793014,97
5,2622,478.010864,349.482941,478.010861,349.483077,97
5,2623,390.795135,123.660683,390.795142,123.660858,97
5,2624,477.752472,123.561226,477.752464,123.561406,97
5,2625,391.053528,349.582397,391.053539,349.582529,97
5,2626,499.750183,349.458069,499.750177,349.458222,97
5,2627,369.055847,123.685539,369.055854,123.685714,97
5,2628,499.491791,123.536362,499.491780,123.536536,97
5,2629,369.314240,349.607239,369.314251,349.607385,97
5,2630,564.838989,236.422638,564.838956,236.422804,97
5,2631,303.967041,236.720993,303.967076,236.721160,97
5,2632,445.423401,368.347046,445.423410,368.347188,97
5,2633,423.382599,104.796577,423.382592,104.796761,97
5,2634,445.121948,104.771713,445.121937,104.771891,97
5,2635,423.684052,368.371918,423.684065,368.372044,97
5,2636,554.033875,292.915466,554.033868,292.915629,97
5,2637,314.772125,180.228134,314.772134,180.228307,97
5,2638,553.904724,179.954636,553.904698,179.954807,97
5,2639,314.901306,293.188965,314.901333,293.189128,97
5,2640,543.185791,311.754730,543.185762,311.754884,97
5,2641,325.620239,161.388901,325.620269,161.389066,97
5,2642,543.013550,161.140259,543.013517,161.140436,97
5,2643,325.792511,312.003357,325.792515,312.003499,97
5,2644,564.882080,274.076233,564.882031,274.076402,97
5,2645,303.923981,199.067383,303.924000,199.067548,97
5,2646,564.795898,198.769012,564.795880,198.769178,97
5,2647,304.010132,274.374603,304.010151,274.374757,97
5,2648,532.337646,330.593964,532.337656,330.594110,97
5,2649,336.468353,142.549652,336.468375,142.549825,97
5,2650,532.122314,142.325882,532.122278,142.326051,97
5,2651,336.683685,330.817749,336.683696,330.817898,97
5,2652,467.162720,368.322174,467.162726,368.322304,97
5,2653,401.643311,104.821449,401.643305,104.821631,97
5,2654,466.861298,104.746857,466.861282,104.747035,97
5,2655,401.944733,368.396759,401.944749,368.396900,97
5,2656,575.730164,255.237015,575.730137,255.237175,97
5,2657,293.075836,217.906631,293.075865,217.906789,97
5,2658,575.687073,217.583389,575.687062,217.583549,97
5,2659,293.118927,255.560226,293.118941,255.560386,97
5,2660,521.489502,349.433197,521.489493,349.433337,97
5,2661,347.316498,123.710403,347.316509,123.710584,97
5,2662,521.231140,123.511490,521.231096,123.511666,97
5,2663,347.574890,349.632141,347.574907,349.632269,97
5,2664,488.902039,368.297302,488.902043,368.297448,97
5,2665,379.903961,104.846306,379.903960,104.846487,97
5,2666,488.600586,104.721985,488.600570,104.722165,97
5,2667,380.205414,368.421631,380.205433,368.421784,97
5,2668,434.575256,387.186279,434.575247,387.186415,97
5,2669,434.230743,85.957336,434.230756,85.957520,97
5,2670,434.230743,85.957336,434.230756,85.957520,97
5,2671,434.575256,387.186279,434.575247,387.186415,97
5,2672,564.925110,311.729858,564.925107,311.729999,97
5,2673,303.880920,161.413757,303.880953,161.413936,97
5,2674,564.752808,161.115387,564.752804,161.115566,97
5,2675,304.053192,312.028229,304.053198,312.028383,97
5,2676,575.773254,292.890625,575.773213,292.890773,97
5,2677,293.032776,180.252991,293.032790,180.253163,97
5,2678,575.644043,179.929764,575.644043,179.929937,97
5,2679,293.161957,293.213867,293.161988,293.214012,97
5,2680,554.076965,330.569122,554.076944,330.569255,97
5,2681,314.729065,142.574524,314.729087,142.574695,97
5,2682,553.861633,142.301025,553.861623,142.301195,97
5,2683,314.944397,330.842621,314.944409,330.842754,97
5,2684,510.641388,368.272461,510.641387,368.272592,97
5,2685,358.164642,104.871178,358.164644,104.871357,97
5,2686,510.339935,104.697128,510.339914,104.697309,97
5,2687,358.466095,368.446503,358.466117,368.446640,97
5,2688,456.314606,387.161438,456.314592,387.161559,97
5,2689,412.491394,85.982193,412.491411,85.982376,97
5,2690,455.970062,85.932480,455.970072,85.932664,97
5,2691,412.835968,387.211121,412.835959,387.211271,97
5,2692,586.578308,236.397781,586.578300,236.397934,97
5,2693,282.227722,236.745850,282.227759,236.746015,97
5,2694,586.621338,274.051392,586.621319,274.051546,97
5,2695,282.184662,199.092255,282.184684,199.092418,97
5,2696,282.270813,274.399475,282.270835,274.399641,97
5,2697,543.228882,349.408325,543.228838,349.408481,97
5,2698,325.577179,123.735260,325.577193,123.735440,97
5,2699,325.835571,349.656982,325.835590,349.657125,97
5,2700,478.053925,387.136536,478.053908,387.136675,97
5,2701,391.096619,387.236023,391.096615,387.236155,97
5,2702,283.117157,94.555084,283.117142,94.555496,104
5,2703,292.777985,111.243980,292.777953,111.244375,104
5,2704,273.456360,77.866180,273.456356,77.866618,104
5,2705,292.739746,77.844131,292.739744,77.844570,104
5,2706,273.494568,111.266045,273.494565,111.266436,104
5,2707,302.400574,94.533035,302.400555,94.533449,104
5,2708,263.833740,94.577141,263.833754,94.577557,104
5,2709,283.155365,127.954941,283.155351,127.955314,104
5,2710,283.078949,61.155231,283.078958,61.155691,104
5,2711,283.078949,61.155231,283.078958,61.155691,104
5,2712,283.155365,127.954941,283.155351,127.955314,104
5,2713,312.061371,111.221924,312.061341,111.222315,104
5,2714,254.172913,77.888229,254.172943,77.888666,104
5,2715,312.023163,77.822060,312.023132,77.822497,104
5,2716,254.211121,111.288086,254.211152,111.288483,104
5,2717,302.438782,127.932892,302.438764,127.933266,104
5,2718,263.795563,61.177280,263.795570,61.177739,104
5,2719,302.362396,61.133183,302.362371,61.133644,104
5,2720,263.871948,127.977005,263.871963,127.977375,104
5,2721,321.683960,94.510971,321.683917,94.511388,104
5,2722,244.550293,94.599190,244.550341,94.599605,104
5,2723,273.418152,44.466305,273.418172,44.466787,104
5,2724,292.701569,44.444260,292.701560,44.444740,104
5,2725,234.889496,77.910278,234.889555,77.910713,104
5,2726,331.306580,77.800011,331.306519,77.800449,104
5,2727,234.927704,111.310150,234.927764,111.310544,104
5,2728,244.512115,61.199352,244.512157,61.199812,104
5,2729,321.645782,61.111137,321.645733,61.111596,104
5,2730,254.134720,44.488354,254.134759,44.488835,104
5,2731,423.466522,255.869781,423.466512,255.869952,112
5,2732,434.312164,274.605469,434.312152,274.605630,112
5,2733,412.620911,237.134155,412.620901,237.134331,112
5,2734,434.269257,237.109375,434.269257,237.109551,112
5,2735,412.663757,274.630219,412.663768,274.630381,112
5,2736,445.114868,255.845032,445.114868,255.845200,112
5,2737,401.818146,255.894562,401.818156,255.894732,112
5,2738,423.509399,293.365875,423.509408,293.366031,112
5,2739,423.423645,218.373734,423.423645,218.373902,112
5,2740,423.423645,218.373734,423.423645,218.373902,112
5,2741,423.509399,293.365875,423.509408,293.366031,112
5,2742,455.960510,274.580688,455.960508,274.580849,112
5,2743,390.972534,237.158905,390.972544,237.159083,112
5,2744,455.917633,237.084625,455.917641,237.084799,112
5,2745,391.015411,274.654968,391.015412,274.655133,112
5,2746,445.157776,293.341125,445.157764,293.341279,112
5,2747,401.775269,218.398483,401.775261,218.398654,112
5,2748,445.071991,218.348969,445.072001,218.349150,112
5,2749,401.861053,293.390625,401.861052,293.390782,112
5,2750,466.763245,255.820282,466.763253,255.820448,112
5,2751,380.169800,255.919312,380.169800,255.919484,112
5,2752,434.355011,312.101532,434.355019,312.101680,112
5,2753,412.578033,199.638077,412.578034,199.638253,112
5,2754,434.226349,199.613327,434.226361,199.613501,112
5,2755,412.706665,312.126282,412.706663,312.126432,112
5,2756,477.608887,274.555939,477.608865,274.556098,112
5,2757,369.324188,237.183670,369.324188,237.183835,112
5,2758,477.565979,237.059875,477.565969,237.060047,112
5,2759,369.367065,274.679718,369.367084,274.679885,112
5,2760,466.806152,293.316345,466.806148,293.316499,112
5,2761,380.126923,218.423248,380.126933,218.423420,112
5,2762,466.720367,218.324203,466.720357,218.324384,112
5,2763,380.212677,293.415375,380.212695,293.415534,112
5,2764,456.003387,312.076782,456.003375,312.076928,112
5,2765,390.929626,199.662842,390.929649,199.663019,112
5,2766,455.874756,199.588562,455.874746,199.588735,112
5,2767,391.058258,312.151062,391.058279,312.151212,112
5,2768,488.411621,255.795532,488.411609,255.795697,112
5,2769,358.521423,255.944061,358.521444,255.944236,112
5,2770,423.552277,330.861938,423.552275,330.862081,112
5,2771,423.380737,180.877655,423.380750,180.877838,112
5,2772,423.380737,180.877655,423.380750,180.877838,112
5,2773,423.552277,330.861938,423.552275,330.862081,112
5,2774,488.454529,293.291595,488.454505,293.291747,112
5,2775,358.478546,218.448013,358.478548,218.448186,112
5,2776,488.368744,218.299438,488.368742,218.299618,112
5,2777,358.564301,293.440155,358.564311,293.440314,112
5,2778,499.257263,274.531189,499.257249,274.531346,112
5,2779,347.675781,237.208435,347.675804,237.208601,112
5,2780,499.214355,237.035110,499.214354,237.035281,112
5,2781,347.718689,274.704498,347.718699,274.704665,112
5,2782,477.651764,312.052032,477.651760,312.052176,112
5,2783,369.281281,199.687592,369.281293,199.687771,112
5,2784,477.523102,199.563797,477.523102,199.563983,112
5,2785,369.409943,312.175812,369.409951,312.175964,112
5,2786,445.200653,330.837189,445.200659,330.837329,112
5,2787,401.732391,180.902420,401.732394,180.902604,112
5,2788,445.029144,180.852890,445.029134,180.853072,112
5,2789,401.903931,330.886719,401.903947,330.886861,112
5,2790,466.849060,330.812408,466.849044,330.812577,112
5,2791,380.084015,180.927170,380.084037,180.927355,112
5,2792,466.677490,180.828140,466.677490,180.828320,112
5,2793,380.255554,330.911469,380.255562,330.911613,112
5,2794,510.059967,255.770782,510.059965,255.770945,112
5,2795,336.873047,255.968842,336.873059,255.969016,112
5,2796,434.397919,349.597595,434.397915,349.597758,112
5,2797,412.535126,162.141998,412.535138,162.142188,112
5,2798,434.183472,162.117249,434.183466,162.117437,112
5,2799,412.749542,349.622345,412.749559,349.622510,112
5,2800,510.102875,293.266846,510.102861,293.266995,112
5,2801,336.830139,218.472763,336.830164,218.472938,112
5,2802,510.017090,218.274689,510.017070,218.274866,112
5,2803,336.915894,293.464905,336.915926,293.465066,112
5,2804,499.300171,312.027252,499.300145,312.027396,112
5,2805,347.632904,199.712357,347.632908,199.712537,112
5,2806,499.171478,199.539032,499.171458,199.539217,112
5,2807,347.761536,312.200562,347.761566,312.200715,112
5,2808,520.905579,274.506439,520.905577,274.506594,112
5,2809,326.027435,237.233200,326.027448,237.233367,112
5,2810,520.862732,237.010345,520.862738,237.010515,112
5,2811,326.070312,274.729248,326.070343,274.729417,112
5,2812,488.497375,330.787659,488.497372,330.787825,112
5,2813,358.435638,180.951935,358.435653,180.952121,112
5,2814,488.325867,180.803375,488.325847,180.803554,112
5,2815,358.607178,330.936218,358.607206,330.936365,112
5,2816,456.046265,349.572815,456.046271,349.572978,112
5,2817,390.886749,162.166763,390.886753,162.166954,112
5,2818,455.831848,162.092484,455.831850,162.092671,112
5,2819,391.101166,349.647125,391.101174,349.647262,112
5,2820,477.694672,349.548065,477.694656,349.548226,112
5,2821,369.238403,162.191513,369.238426,162.191706,112
5,2822,477.480225,162.067734,477.480207,162.067919,112
5,2823,369.452820,349.671875,369.452846,349.672014,112
5,2824,531.708374,255.746002,531.708350,255.746165,112
5,2825,315.224701,255.993607,315.224732,255.993768,112
5,2826,423.595154,368.358002,423.595170,368.358159,112
5,2827,423.337860,143.381577,423.337854,143.381773,112
5,2828,423.337860,143.381577,423.337854,143.381773,112
5,2829,423.595154,368.358002,423.595170,368.358159,112
5,2830,520.948486,312.002472,520.948472,312.002644,112
5,2831,325.984528,199.737106,325.984552,199.737288,112
5,2832,520.819885,199.514267,520.819843,199.514451,112
5,2833,326.113190,312.225311,326.113210,312.225467,112
5,2834,531.751282,293.242096,531.751245,293.242243,112
5,2835,315.181824,218.497513,315.181836,218.497689,112
5,2836,531.665466,218.249924,531.665454,218.250100,112
5,2837,315.267578,293.489655,315.267599,293.489818,112
5,2838,510.145782,330.762878,510.145756,330.763045,112
5,2839,336.787262,180.976685,336.787268,180.976873,112
5,2840,509.974243,180.778625,509.974231,180.778802,112
5,2841,336.958801,330.960999,336.958822,330.961145,112
5,2842,445.243561,368.333252,445.243555,368.333408,112
5,2843,401.689514,143.406357,401.689527,143.406539,112
5,2844,444.986237,143.356812,444.986239,143.357007,112
5,2845,401.946808,368.382751,401.946814,368.382911,112
5,2846,542.553955,274.481659,542.553961,274.481814,112
5,2847,304.379059,237.257950,304.379091,237.258119,112
5,2848,542.511108,236.985596,542.511066,236.985764,112
5,2849,304.421967,274.753998,304.421987,274.754169,112
5,2850,499.343018,349.523315,499.343012,349.523475,112
5,2851,347.590027,162.216293,347.590041,162.216472,112
5,2852,499.128601,162.042969,499.128591,162.043153,112
5,2853,347.804443,349.696655,347.804462,349.696794,112
5,2854,466.891907,368.308472,466.891911,368.308627,112
5,2855,380.041138,143.431107,380.041142,143.431291,112
5,2856,466.634644,143.332062,466.634623,143.332255,112
5,2857,380.298462,368.407532,380.298458,368.407691,112
5,2858,488.540283,368.283722,488.540267,368.283875,112
5,2859,358.392761,143.455872,358.392786,143.456057,112
5,2860,488.282959,143.307297,488.282951,143.307489,112
5,2861,358.650085,368.432281,358.650102,368.432443,112
5,2862,553.356750,255.721237,553.356734,255.721413,112
5,2863,293.576324,256.018341,293.576347,256.018520,112
5,2864,434.440796,387.093658,434.440782,387.093808,112
5,2865,412.492249,124.645920,412.492243,124.646110,112
5,2866,434.140594,124.621162,434.140599,124.621358,112
5,2867,412.792450,387.118408,412.792454,387.118560,112
5,2868,542.596863,311.977722,542.596857,311.977892,112
5,2869,304.336182,199.761871,304.336196,199.762054,112
5,2870,542.468262,199.489517,542.468227,199.489699,112
5,2871,304.464844,312.250092,304.464854,312.250247,112
5,2872,531.794189,330.738129,531.794141,330.738293,112
5,2873,315.138916,181.001450,315.138941,181.001639,112
5,2874,531.622559,180.753860,531.622559,180.754036,112
5,2875,315.310486,330.985748,315.310494,330.985897,112
5,2876,553.399597,293.217316,553.399573,293.217463,112
5,2877,293.533417,218.522293,293.533451,218.522470,112
5,2878,553.313843,218.225159,553.313839,218.225334,112
5,2879,293.619202,293.514435,293.619214,293.514598,112
5,2880,520.991394,349.498535,520.991368,349.498694,112
5,2881,325.941650,162.241043,325.941685,162.241224,112
5,2882,520.776978,162.018204,520.776947,162.018387,112
5,2883,326.156097,349.721405,326.156106,349.721546,112
5,2884,456.089172,387.068909,456.089166,387.069057,112
5,2885,390.843842,124.670685,390.843858,124.670876,112
5,2886,455.788971,124.596397,455.788955,124.596592,112
5,2887,391.144073,387.143188,391.144070,387.143341,112
5,2888,564.202393,274.456909,564.202346,274.457062,112
5,2889,564.159485,236.960846,564.159451,236.961012,112
5,2890,510.188660,368.258972,510.188652,368.259124,112
5,2891,336.744385,143.480621,336.744401,143.480809,112
5,2892,509.931335,143.282547,509.931336,143.282738,112
5,2893,477.737518,387.044128,477.737523,387.044276,112
5,2894,369.195526,124.695435,369.195530,124.695628,112
5,2895,477.437347,124.571648,477.437340,124.571840,112
5,2896,423.294952,105.885513,423.294959,105.885709,112
5,2897,423.294952,105.885513,423.294959,105.885709,112
5,2898,553.442505,330.713379,553.442469,330.713542,112
5,2899,553.270996,180.729095,553.270943,180.729284,112
5,2900,564.245239,311.952942,564.245242,311.953112,112
5,2901,564.116577,199.464752,564.116555,199.464933,112
5,2902,542.425354,161.993454,542.425332,161.993635,112
5,2903,499.085693,124.546883,499.085696,124.547074,112
5,2904,401.646637,105.910278,401.646631,105.910475,112
5,2905,444.943359,105.860748,444.943343,105.860943,112
5,2906,575.005066,255.696487,575.005062,255.696661,112
5,2907,574.962219,218.200409,574.962167,218.200582,112
5,2908,531.579712,143.257782,531.579663,143.257972,112
5,2909,466.591736,105.835999,466.591728,105.836191,112
5,2910,974.487305,658.184021,978.026153,658.088694,98
5,2911,968.677429,668.273682,970.407229,671.319953,98
5,2912,962.844482,658.197388,962.758092,658.106171,98
5,2913,376.263855,15.396063,376.263847,15.396203,118
5,2914,387.291748,34.446571,387.291738,34.446709,118
5,2915,365.279541,34.471767,365.279543,34.471906,118
5,2916,398.276001,15.370894,398.276013,15.371035,118
5,2917,354.251617,15.421230,354.251622,15.421371,118
5,2918,376.307434,53.522335,376.307434,53.522470,118
5,2919,376.307434,53.522335,376.307434,53.522470,118
5,2920,409.303925,34.421402,409.303933,34.421541,118
5,2921,343.267303,34.496937,343.267318,34.497074,118
5,2922,398.319641,53.497166,398.319629,53.497302,118
5,2923,354.295227,53.547501,354.295239,53.547638,118
5,2924,420.288239,15.345698,420.288237,15.345839,118
5,2925,332.239380,15.446427,332.239398,15.446568,118
5,2926,387.335327,72.572845,387.335325,72.572976,118
5,2927,365.323120,72.598038,365.323130,72.598173,118
5,2928,431.316132,34.396236,431.316128,34.396374,118
5,2929,321.255127,34.522102,321.255123,34.522242,118
5,2930,420.331818,53.471970,420.331824,53.472105,118
5,2931,332.283020,53.572701,332.283015,53.572835,118
5,2932,409.347534,72.547676,409.347521,72.547808,118
5,2933,343.310913,72.623207,343.310906,72.623341,118
5,2934,442.300446,15.320530,442.300432,15.320671,118
5,2935,310.227234,15.471595,310.227232,15.471736,118
5,2936,376.351013,91.648575,376.351021,91.648708,118
5,2937,376.351013,91.648575,376.351021,91.648708,118
5,2938,442.344025,53.446800,442.344020,53.446938,118
5,2939,310.270844,53.597866,310.270848,53.598002,118
5,2940,453.328369,34.371067,453.328352,34.371206,118
5,2941,299.242920,34.547302,299.242928,34.547438,118
5,2942,431.359741,72.522507,431.359745,72.522640,118
5,2943,321.298706,72.648376,321.298711,72.648508,118
5,2944,398.363251,91.623413,398.363246,91.623540,118
5,2945,354.338837,91.673759,354.338826,91.673890,118
5,2946,420.375427,91.598228,420.375412,91.598358,118
5,2947,332.326599,91.698929,332.326602,91.699058,118
5,2948,464.312653,15.295362,464.312627,15.295503,118
5,2949,288.214996,15.496762,288.215008,15.496903,118
5,2950,387.378906,110.699112,387.378913,110.699243,118
5,2951,365.366760,110.724281,365.366747,110.724411,118
5,2952,464.356262,53.421635,464.356244,53.421770,118
5,2953,288.258606,53.623035,288.258624,53.623170,118
5,2954,453.371948,72.497337,453.371940,72.497473,118
5,2955,299.286499,72.673569,299.286516,72.673705,118
5,2956,475.340546,34.345871,475.340519,34.346009,118
5,2957,277.230713,34.572468,277.230733,34.572606,118
5,2958,442.387634,91.573044,442.387636,91.573175,118
5,2959,310.314423,91.724106,310.314436,91.724240,118
5,2960,409.391144,110.673935,409.391137,110.674061,118
5,2961,343.354523,110.749466,343.354522,110.749593,118
5,2962,431.403351,110.648766,431.403332,110.648893,118
5,2963,321.342316,110.774635,321.342327,110.774761,118
5,2964,486.324860,15.270195,486.324851,15.270335,118
5,2965,266.202789,15.521931,266.202813,15.522071,118
5,2966,376.394623,129.774841,376.394638,129.774960,118
5,2967,376.394623,129.774841,376.394638,129.774960,118
5,2968,475.384155,72.472145,475.384135,72.472276,118
5,2969,277.274292,72.698738,277.274320,72.698873,118
5,2970,486.368469,53.396465,486.368439,53.396602,118
5,2971,266.246399,53.648201,266.246429,53.648338,118
5,2972,464.399872,91.547874,464.399860,91.548008,118
5,2973,288.302185,91.749275,288.302212,91.749408,118
5,2974,398.406860,129.749664,398.406862,129.749792,118
5,2975,354.382446,129.800018,354.382443,129.800142,118
5,2976,497.352753,34.320702,497.352743,34.320841,118
5,2977,255.218491,34.597637,255.218509,34.597774,118
5,2978,453.415527,110.623581,453.415527,110.623710,118
5,2979,299.330109,110.799812,299.330132,110.799943,118
5,2980,420.419037,129.724487,420.419028,129.724610,118
5,2981,332.370209,129.825180,332.370219,129.825310,118
5,2982,442.431274,129.699310,442.431252,129.699428,118
5,2983,310.358032,129.850372,310.358052,129.850492,118
5,2984,508.337036,15.244998,508.337018,15.245139,118
5,2985,244.190567,15.547127,244.190588,15.547268,118
5,2986,387.422516,148.825394,387.422529,148.825510,118
5,2987,365.410370,148.850555,365.410363,148.850677,118
5,2988,497.396362,72.446976,497.396359,72.447108,118
5,2989,255.262085,72.723907,255.262096,72.724041,118
5,2990,486.412048,91.522697,486.412026,91.522825,118
5,2991,266.290009,91.774460,266.290016,91.774590,118
5,2992,508.380646,53.371269,508.380634,53.371405,118
5,2993,244.234192,53.673401,244.234205,53.673535,118
5,2994,475.427765,110.598412,475.427752,110.598543,118
5,2995,277.317932,110.824997,277.317937,110.825125,118
5,2996,409.434753,148.800201,409.434753,148.800327,118
5,2997,343.398132,148.875732,343.398139,148.875860,118
5,2998,519.364929,34.295536,519.364909,34.295674,118
5,2999,233.206299,34.622803,233.206314,34.622942,118
5,3000,464.443481,129.674133,464.443477,129.674260,118
5,3001,288.345825,129.875534,288.345828,129.875660,118
5,3002,431.446930,148.775040,431.446920,148.775160,118
5,3003,321.385925,148.900909,321.385944,148.901027,118
5,3004,376.438263,167.901093,376.438254,167.901212,118
5,3005,376.438263,167.901093,376.438254,167.901212,118
5,3006,508.424255,91.497528,508.424251,91.497658,118
5,3007,244.277771,91.799629,244.277792,91.799758,118
5,3008,519.408569,72.421806,519.408526,72.421940,118
5,3009,233.249878,72.749077,233.249901,72.749208,118
5,3010,497.439972,110.573235,497.439947,110.573360,118
5,3011,255.305695,110.850166,255.305713,110.850293,118
5,3012,453.459167,148.749847,453.459144,148.749977,118
5,3013,299.373749,148.926086,299.373748,148.926210,118
5,3014,398.450439,167.875931,398.450450,167.876045,118
5,3015,354.426025,167.926270,354.426030,167.926395,118
5,3016,530.349243,15.219831,530.349242,15.219971,118
5,3017,222.178375,15.572295,222.178393,15.572436,118
5,3018,530.392883,53.346104,530.392858,53.346238,118
5,3019,222.221985,53.698566,222.222010,53.698702,118
5,3020,486.455658,129.648956,486.455643,129.649078,118
5,3021,266.333618,129.900711,266.333633,129.900842,118
5,3022,420.462646,167.850739,420.462645,167.850862,118
5,3023,332.413788,167.951447,332.413806,167.951562,118
5,3024,541.377136,34.270340,541.377133,34.270477,118
5,3025,211.194092,34.647999,211.194118,34.648138,118
5,3026,475.471344,148.724686,475.471339,148.724809,118
5,3027,277.361542,148.951263,277.361553,148.951392,118
5,3028,442.474884,167.825562,442.474869,167.825680,118
5,3029,310.401642,167.976624,310.401640,167.976745,118
5,3030,387.466156,186.951645,387.466146,186.951762,118
5,3031,365.453949,186.976807,365.453950,186.976930,118
5,3032,530.436523,91.472343,530.436475,91.472475,118
5,3033,222.265579,91.824814,222.265597,91.824940,118
5,3034,519.452148,110.548050,519.452142,110.548178,118
5,3035,233.293503,110.875351,233.293517,110.875475,118
5,3036,541.420776,72.396614,541.420750,72.396744,118
5,3037,211.237686,72.774269,211.237706,72.774405,118
5,3038,508.467896,129.623779,508.467867,129.623910,118
5,3039,244.321396,129.925888,244.321409,129.926010,118
5,3040,409.478363,186.926468,409.478370,186.926580,118
5,3041,343.441711,187.001999,343.441726,187.002112,118
5,3042,464.487091,167.800385,464.487064,167.800512,118
5,3043,288.389404,168.001801,288.389416,168.001912,118
5,3044,552.361511,15.194662,552.361466,15.194803,118
5,3045,200.166168,15.597463,200.166198,15.597603,118
5,3046,552.405029,53.320934,552.405025,53.321070,118
5,3047,200.209793,53.723736,200.209814,53.723870,118
5,3048,497.483582,148.699509,497.483563,148.699627,118
5,3049,255.349319,148.976440,255.349329,148.976560,118
5,3050,431.490540,186.901291,431.490536,186.901412,118
5,3051,321.429535,187.027161,321.429531,187.027280,118
5,3052,563.389404,34.245171,563.389357,34.245309,118
5,3053,189.181900,34.673168,189.181923,34.673306,118
5,3054,486.499268,167.775208,486.499259,167.775330,118
5,3055,266.377197,168.026978,266.377220,168.027095,118
5,3056,453.502777,186.876114,453.502760,186.876230,118
5,3057,299.417328,187.052338,299.417336,187.052462,118
5,3058,376.481873,206.027344,376.481871,206.027465,118
5,3059,376.481873,206.027344,376.481871,206.027465,118
5,3060,541.464417,110.522881,541.464366,110.523010,118
5,3061,211.281296,110.900513,211.281322,110.900643,118
5,3062,552.448669,91.447174,552.448641,91.447308,118
5,3063,200.253372,91.849991,200.253402,91.850122,118
5,3064,530.480042,129.598602,530.480033,129.598728,118
5,3065,222.309189,129.951065,222.309214,129.951192,118
5,3066,398.494049,206.002167,398.494037,206.002282,118
5,3067,354.469635,206.052536,354.469647,206.052647,118
5,3068,563.432983,72.371445,563.432974,72.371576,118
5,3069,189.225479,72.799438,189.225511,72.799573,118
5,3070,519.495789,148.674316,519.495758,148.674445,118
5,3071,233.337112,149.001617,233.337134,149.001742,118
5,3072,420.506256,205.977005,420.506261,205.977115,118
5,3073,332.457428,206.077698,332.457422,206.077815,118
5,3074,376.263855,15.396063,376.263847,15.396203,119
5,3075,387.291748,34.446571,387.291738,34.446709,119
5,3076,365.279541,34.471767,365.279543,34.471906,119
5,3077,398.276001,15.370894,398.276013,15.371035,119
5,3078,354.251617,15.421230,354.251622,15.421371,119
5,3079,376.307434,53.522335,376.307434,53.522470,119
5,3080,376.307434,53.522335,376.307434,53.522470,119
5,3081,409.303925,34.421402,409.303933,34.421541,119
5,3082,343.267303,34.496937,343.267318,34.497074,119
5,3083,398.319641,53.497166,398.319629,53.497302,119
5,3084,354.295227,53.547501,354.295239,53.547638,119
5,3085,420.288239,15.345698,420.288237,15.345839,119
5,3086,332.239380,15.446427,332.239398,15.446568,119
5,3087,387.335327,72.572845,387.335325,72.572976,119
5,3088,365.323120,72.598038,365.323130,72.598173,119
5,3089,431.316132,34.396236,431.316128,34.396374,119
5,3090,321.255127,34.522102,321.255123,34.522242,119
5,3091,420.331818,53.471970,420.331824,53.472105,119
5,3092,332.283020,53.572701,332.283015,53.572835,119
5,3093,409.347534,72.547676,409.347521,72.547808,119
5,3094,343.310913,72.623207,343.310906,72.623341,119
5,3095,442.300446,15.320530,442.300432,15.320671,119
5,3096,310.227234,15.471595,310.227232,15.471736,119
5,3097,376.351013,91.648575,376.351021,91.648708,119
5,3098,376.351013,91.648575,376.351021,91.648708,119
5,3099,442.344025,53.446800,442.344020,53.446938,119
5,3100,310.270844,53.597866,310.270848,53.598002,119
5,3101,453.328369,34.371067,453.328352,34.371206,119
5,3102,299.242920,34.547302,299.242928,34.547438,119
5,3103,431.359741,72.522507,431.359745,72.522640,119
5,3104,321.298706,72.648376,321.298711,72.648508,119
5,3105,398.363251,91.623413,398.363246,91.623540,119
5,3106,354.338837,91.673759,354.338826,91.673890,119
5,3107,420.375427,91.598228,420.375412,91.598358,119
5,3108,332.326599,91.698929,332.326602,91.699058,119
5,3109,464.312653,15.295362,464.312627,15.295503,119
5,3110,288.214996,15.496762,288.215008,15.496903,119
5,3111,387.378906,110.699112,387.378913,110.699243,119
5,3112,365.366760,110.724281,365.366747,110.724411,119
5,3113,464.356262,53.421635,464.356244,53.421770,119
5,3114,288.258606,53.623035,288.258624,53.623170,119
5,3115,453.371948,72.497337,453.371940,72.497473,119
5,3116,299.286499,72.673569,299.286516,72.673705,119
5,3117,475.340546,34.345871,475.340519,34.346009,119
5,3118,277.230713,34.572468,277.230733,34.572606,119
5,3119,442.387634,91.573044,442.387636,91.573175,119
5,3120,310.314423,91.724106,310.314436,91.724240,119
5,3121,409.391144,110.673935,409.391137,110.674061,119
5,3122,343.354523,110.749466,343.354522,110.749593,119
5,3123,431.403351,110.648766,431.403332,110.648893,119
5,3124,321.342316,110.774635,321.342327,110.774761,119
5,3125,486.324860,15.270195,486.324851,15.270335,119
5,3126,266.202789,15.521931,266.202813,15.522071,119
5,3127,376.394623,129.774841,376.394638,129.774960,119
5,3128,376.394623,129.774841,376.394638,129.774960,119
5,3129,475.384155,72.472145,475.384135,72.472276,119
5,3130,277.274292,72.698738,277.274320,72.698873,119
5,3131,486.368469,53.396465,486.368439,53.396602,119
5,3132,266.246399,53.648201,266.246429,53.648338,119
5,3133,464.399872,91.547874,464.399860,91.548008,119
5,3134,288.302185,91.749275,288.302212,91.749408,119
5,3135,398.406860,129.749664,398.406862,129.749792,119
5,3136,354.382446,129.800018,354.382443,129.800142,119
5,3137,497.352753,34.320702,497.352743,34.320841,119
5,3138,255.218491,34.597637,255.218509,34.597774,119
5,3139,453.415527,110.623581,453.415527,110.623710,119
5,3140,299.330109,110.799812,299.330132,110.799943,119
5,3141,420.419037,129.724487,420.419028,129.724610,119
5,3142,332.370209,129.825180,332.370219,129.825310,119
5,3143,442.431274,129.699310,442.431252,129.699428,119
5,3144,310.358032,129.850372,310.358052,129.850492,119
5,3145,508.337036,15.244998,508.337018,15.245139,119
5,3146,244.190567,15.547127,244.190588,15.547268,119
5,3147,387.422516,148.825394,387.422529,148.825510,119
5,3148,365.410370,148.850555,365.410363,148.850677,119
5,3149,497.396362,72.446976,497.396359,72.447108,119
5,3150,255.262085,72.723907,255.262096,72.724041,119
5,3151,486.412048,91.522697,486.412026,91.522825,119
5,3152,266.290009,91.774460,266.290016,91.774590,119
5,3153,508.380646,53.371269,508.380634,53.371405,119
5,3154,244.234192,53.673401,244.234205,53.673535,119
5,3155,475.427765,110.598412,475.427752,110.598543,119
5,3156,277.317932,110.824997,277.317937,110.825125,119
5,3157,409.434753,148.800201,409.434753,148.800327,119
5,3158,343.398132,148.875732,343.398139,148.875860,119
5,3159,519.364929,34.295536,519.364909,34.295674,119
5,3160,233.206299,34.622803,233.206314,34.622942,119
5,3161,464.443481,129.674133,464.443477,129.674260,119
5,3162,288.345825,129.875534,288.345828,129.875660,119
5,3163,431.446930,148.775040,431.446920,148.775160,119
5,3164,321.385925,148.900909,321.385944,148.901027,119
5,3165,376.438263,167.901093,376.438254,167.901212,119
5,3166,376.438263,167.901093,376.438254,167.901212,119
5,3167,508.424255,91.497528,508.424251,91.497658,119
5,3168,244.277771,91.799629,244.277792,91.799758,119
5,3169,519.408569,72.421806,519.408526,72.421940,119
5,3170,233.249878,72.749077,233.249901,72.749208,119
5,3171,497.439972,110.573235,497.439947,110.573360,119
5,3172,255.305695,110.850166,255.305713,110.850293,119
5,3173,453.459167,148.749847,453.459144,148.749977,119
5,3174,299.373749,148.926086,299.373748,148.926210,119
5,3175,398.450439,167.875931,398.450450,167.876045,119
5,3176,354.426025,167.926270,354.426030,167.926395,119
5,3177,530.349243,15.219831,530.349242,15.219971,119
5,3178,222.178375,15.572295,222.178393,15.572436,119
5,3179,530.392883,53.346104,530.392858,53.346238,119
5,3180,222.221985,53.698566,222.222010,53.698702,119
5,3181,486.455658,129.648956,486.455643,129.649078,119
5,3182,266.333618,129.900711,266.333633,129.900842,119
5,3183,420.462646,167.850739,420.462645,167.850862,119
5,3184,332.413788,167.951447,332.413806,167.951562,119
5,3185,541.377136,34.270340,541.377133,34.270477,119
5,3186,211.194092,34.647999,211.194118,34.648138,119
5,3187,475.471344,148.724686,475.471339,148.724809,119
5,3188,277.361542,148.951263,277.361553,148.951392,119
5,3189,442.474884,167.825562,442.474869,167.825680,119
5,3190,310.401642,167.976624,310.401640,167.976745,119
5,3191,387.466156,186.951645,387.466146,186.951762,119
5,3192,365.453949,186.976807,365.453950,186.976930,119
5,3193,530.436523,91.472343,530.436475,91.472475,119
5,3194,222.265579,91.824814,222.265597,91.824940,119
5,3195,519.452148,110.548050,519.452142,110.548178,119
5,3196,233.293503,110.875351,233.293517,110.875475,119
5,3197,541.420776,72.396614,541.420750,72.396744,119
5,3198,211.237686,72.774269,211.237706,72.774405,119
5,3199,508.467896,129.623779,508.467867,129.623910,119
5,3200,244.321396,129.925888,244.321409,129.926010,119
5,3201,409.478363,186.926468,409.478370,186.926580,119
5,3202,343.441711,187.001999,343.441726,187.002112,119
5,3203,464.487091,167.800385,464.487064,167.800512,119
5,3204,288.389404,168.001801,288.389416,168.001912,119
5,3205,552.361511,15.194662,552.361466,15.194803,119
5,3206,200.166168,15.597463,200.166198,15.597603,119
5,3207,552.405029,53.320934,552.405025,53.321070,119
5,3208,200.209793,53.723736,200.209814,53.723870,119
5,3209,497.483582,148.699509,497.483563,148.699627,119
5,3210,255.349319,148.976440,255.349329,148.976560,119
5,3211,431.490540,186.901291,431.490536,186.901412,119
5,3212,321.429535,187.027161,321.429531,187.027280,119
5,3213,563.389404,34.245171,563.389357,34.245309,119
5,3214,189.181900,34.673168,189.181923,34.673306,119
5,3215,486.499268,167.775208,486.499259,167.775330,119
5,3216,266.377197,168.026978,266.377220,168.027095,119
5,3217,453.502777,186.876114,453.502760,186.876230,119
5,3218,299.417328,187.052338,299.417336,187.052462,119
5,3219,376.481873,206.027344,376.481871,206.027465,119
5,3220,376.481873,206.027344,376.481871,206.027465,119
5,3221,541.464417,110.522881,541.464366,110.523010,119
5,3222,211.281296,110.900513,211.281322,110.900643,119
5,3223,552.448669,91.447174,552.448641,91.447308,119
5,3224,200.253372,91.849991,200.253402,91.850122,119
5,3225,530.480042,129.598602,530.480033,129.598728,119
5,3226,222.309189,129.951065,222.309214,129.951192,119
5,3227,398.494049,206.002167,398.494037,206.002282,119
5,3228,354.469635,206.052536,354.469647,206.052647,119
5,3229,563.432983,72.371445,563.432974,72.371576,119
5,3230,189.225479,72.799438,189.225511,72.799573,119
5,3231,519.495789,148.674316,519.495758,148.674445,119
5,3232,233.337112,149.001617,233.337134,149.001742,119
5,3233,420.506256,205.977005,420.506261,205.977115,119
5,3234,332.457428,206.077698,332.457422,206.077815,119
5,3235,445.620575,216.463837,445.620580,216.464023,124
5,3236,456.420654,235.120773,456.420650,235.120951,124
5,3237,434.820496,197.806915,434.820510,197.807096,124
5,3238,456.377930,197.782257,456.377935,197.782434,124
5,3239,434.863220,235.145416,434.863226,235.145599,124
5,3240,467.177979,216.439178,467.177977,216.439361,124
5,3241,424.063171,216.488495,424.063184,216.488671,124
5,3242,445.663269,253.802353,445.663267,253.802527,124
5,3243,445.577881,179.125305,445.577893,179.125492,124
5,3244,445.577881,179.125305,445.577893,179.125492,124
5,3245,445.663269,253.802353,445.663267,253.802527,124
5,3246,477.978027,235.096130,477.978018,235.096303,124
5,3247,413.263123,197.831558,413.263142,197.831743,124
5,3248,477.935333,197.757599,477.935332,197.757786,124
5,3249,413.305817,235.170105,413.305829,235.170275,124
5,3250,467.220703,253.777710,467.220692,253.777879,124
5,3251,424.020477,179.149963,424.020469,179.150154,124
5,3252,467.135284,179.100662,467.135290,179.100844,124
5,3253,424.105865,253.826996,424.105871,253.827175,124
5,3254,488.735413,216.414520,488.735402,216.414700,124
5,3255,402.505737,216.513138,402.505759,216.513319,124
5,3256,456.463348,272.459290,456.463337,272.459455,124
5,3257,434.777802,160.468384,434.777795,160.468578,124
5,3258,456.335236,160.443726,456.335220,160.443916,124
5,3259,434.905945,272.483948,434.905941,272.484131,124
5,3260,499.535461,235.071472,499.535443,235.071641,124
5,3261,391.705719,197.856216,391.705717,197.856405,124
5,3262,499.492737,197.732941,499.492728,197.733124,124
5,3263,391.748413,235.194748,391.748433,235.194923,124
5,3264,488.778107,253.753052,488.778089,253.753231,124
5,3265,402.463074,179.174622,402.463072,179.174816,124
5,3266,488.692688,179.075989,488.692686,179.076182,124
5,3267,402.548462,253.851685,402.548474,253.851851,124
5,3268,478.020752,272.434631,478.020734,272.434807,124
5,3269,413.220428,160.493042,413.220427,160.493226,124
5,3270,477.892609,160.419083,477.892616,160.419268,124
5,3271,413.348511,272.508606,413.348516,272.508779,124
5,3272,510.292786,216.389877,510.292770,216.390052,124
5,3273,380.948364,216.537796,380.948391,216.537981,124
5,3274,445.705994,291.140900,445.705983,291.141059,124
5,3275,445.535187,141.786774,445.535178,141.786974,124
5,3276,445.535187,141.786774,445.535178,141.786974,124
5,3277,445.705994,291.140900,445.705983,291.141059,124
5,3278,510.335510,253.728409,510.335485,253.728583,124
5,3279,380.905670,179.199280,380.905676,179.199463,124
5,3280,510.250122,179.051346,510.250111,179.051534,124
5,3281,380.991058,253.876328,380.991078,253.876499,124
5,3282,521.092896,235.046799,521.092868,235.046980,124
5,3283,370.148315,197.880875,370.148321,197.881053,124
5,3284,521.050171,197.708282,521.050153,197.708462,124
5,3285,370.191010,235.219391,370.191036,235.219571,124
5,3286,499.578156,272.410004,499.578159,272.410159,124
5,3287,391.662994,160.517700,391.663002,160.517888,124
5,3288,499.450043,160.394409,499.450041,160.394606,124
5,3289,391.791107,272.533264,391.791120,272.533426,124
5,3290,467.263397,291.116211,467.263407,291.116382,124
5,3291,423.977753,141.811447,423.977753,141.811636,124
5,3292,467.092621,141.762131,467.092603,141.762326,124
5,3293,424.148590,291.165527,424.148586,291.165706,124
5,3294,488.820801,291.091583,488.820804,291.091735,124
5,3295,402.420380,141.836105,402.420385,141.836298,124
5,3296,488.649994,141.737473,488.649971,141.737664,124
5,3297,402.591187,291.190186,402.591190,291.190354,124
5,3298,531.850220,216.365204,531.850195,216.365390,124
5,3299,359.390961,216.562469,359.390966,216.562643,124
5,3300,456.506012,309.797821,456.506024,309.797986,124
5,3301,434.735107,123.129852,434.735108,123.130046,124
5,3302,456.292511,123.105186,456.292505,123.105384,124
5,3303,434.948639,309.822479,434.948628,309.822634,124
5,3304,531.892944,253.703735,531.892910,253.703907,124
5,3305,359.348236,179.223938,359.348251,179.224125,124
5,3306,531.807495,179.026688,531.807479,179.026872,124
5,3307,359.433655,253.900970,359.433681,253.901146,124
5,3308,521.135559,272.385345,521.135527,272.385511,124
5,3309,370.105621,160.542343,370.105634,160.542536,124
5,3310,521.007446,160.369751,521.007438,160.369944,124
5,3311,370.233734,272.557892,370.233751,272.558074,124
5,3312,542.650269,235.022156,542.650236,235.022332,124
5,3313,348.590881,197.905533,348.590896,197.905715,124
5,3314,542.607605,197.683624,542.607578,197.683814,124
5,3315,348.633606,235.244064,348.633611,235.244233,124
5,3316,510.378204,291.066925,510.378200,291.067087,124
5,3317,380.862946,141.860748,380.862960,141.860946,124
5,3318,510.207397,141.712830,510.207396,141.713017,124
5,3319,381.033783,291.214844,381.033793,291.215002,124
5,3320,478.063446,309.773163,478.063449,309.773339,124
5,3321,413.177704,123.154495,413.177712,123.154694,124
5,3322,477.849945,123.080536,477.849929,123.080737,124
5,3323,413.391235,309.847107,413.391231,309.847282,124
5,3324,499.620880,309.748505,499.620874,309.748662,124
5,3325,391.620270,123.179161,391.620287,123.179356,124
5,3326,499.407349,123.055878,499.407326,123.056075,124
5,3327,391.833801,309.871796,391.833806,309.871958,124
5,3328,553.407654,216.340546,553.407619,216.340728,124
5,3329,337.833527,216.587112,337.833541,216.587291,124
5,3330,445.748688,328.479401,445.748698,328.479562,124
5,3331,445.492462,104.448257,445.492463,104.448457,124
5,3332,445.492462,104.448257,445.492463,104.448457,124
5,3333,445.748688,328.479401,445.748698,328.479562,124
5,3334,542.692993,272.360657,542.692952,272.360835,124
5,3335,348.548187,160.567001,348.548209,160.567198,124
5,3336,542.564880,160.345108,542.564862,160.345297,124
5,3337,348.676300,272.582581,348.676327,272.582750,124
5,3338,553.450378,253.679092,553.450335,253.679260,124
5,3339,337.790802,179.248581,337.790826,179.248773,124
5,3340,553.364929,179.002045,553.364904,179.002224,124
5,3341,337.876221,253.925644,337.876257,253.925822,124
5,3342,531.935669,291.042267,531.935625,291.042439,124
5,3343,359.305542,141.885406,359.305564,141.885608,124
5,3344,531.764771,141.688156,531.764764,141.688355,124
5,3345,359.476349,291.239502,359.476368,291.239678,124
5,3346,467.306122,328.454742,467.306123,328.454914,124
5,3347,423.935028,104.472916,423.935038,104.473119,124
5,3348,467.049896,104.423607,467.049888,104.423809,124
5,3349,424.191284,328.504059,424.191273,328.504210,124
5,3350,564.207703,234.997513,564.207661,234.997684,124
5,3351,327.033478,197.930176,327.033500,197.930363,124
5,3352,564.164978,197.658966,564.164946,197.659152,124
5,3353,327.076202,235.268723,327.076215,235.268895,124
5,3354,521.178284,309.723846,521.178242,309.724015,124
5,3355,370.062897,123.203804,370.062919,123.204004,124
5,3356,520.964722,123.031212,520.964722,123.031413,124
5,3357,370.276428,309.896454,370.276438,309.896606,124
5,3358,488.863495,328.430115,488.863491,328.430266,124
5,3359,402.377655,104.497581,402.377670,104.497781,124
5,3360,488.607269,104.398949,488.607256,104.399147,124
5,3361,402.633911,328.528717,402.633905,328.528886,124
5,3362,510.420929,328.405426,510.420916,328.405590,124
5,3363,380.820221,104.522224,380.820245,104.522428,124
5,3364,510.164703,104.374298,510.164681,104.374499,124
5,3365,381.076477,328.553375,381.076480,328.553534,124
5,3366,574.965027,216.315903,574.964988,216.316080,124
5,3367,316.276154,216.611755,316.276173,216.611939,124
5,3368,456.548737,347.136322,456.548739,347.136490,124
5,3369,434.692413,85.791321,434.692421,85.791529,124
5,3370,456.249817,85.766678,456.249818,85.766881,124
5,3371,434.991333,347.161011,434.991343,347.161166,124
5,3372,564.250427,272.336029,564.250376,272.336187,124
5,3373,326.990784,160.591660,326.990813,160.591845,124
5,3374,564.122253,160.320450,564.122231,160.320635,124
5,3375,327.118896,272.607239,327.118930,272.607398,124
5,3376,553.493042,291.017609,553.492993,291.017763,124
5,3377,337.748108,141.910065,337.748139,141.910256,124
5,3378,553.322205,141.663513,553.322189,141.663707,124
5,3379,337.918915,291.264160,337.918943,291.264326,124
5,3380,316.233429,179.273254,316.233458,179.273435,124
5,3381,316.318848,253.950302,316.318888,253.950470,124
5,3382,542.735657,309.699219,542.735667,309.699367,124
5,3383,348.505463,123.228470,348.505494,123.228666,124
5,3384,348.718994,309.921082,348.719013,309.921254,124
5,3385,478.106171,347.111694,478.106164,347.111842,124
5,3386,413.134979,85.815971,413.134996,85.816177,124
5,3387,477.807220,85.741997,477.807214,85.742205,124
5,3388,413.433929,347.185669,413.433947,347.185814,124
5,3389,305.476074,197.954849,305.476103,197.955025,124
5,3390,305.518799,235.293365,305.518818,235.293542,124
5,3391,359.519073,328.578033,359.519084,328.578181,124
5,3392,391.876526,347.210297,391.876522,347.210461,124
5,3393,422.549744,216.764526,422.549736,216.764660,125
5,3394,433.532074,235.736328,433.532058,235.736474,125
5,3395,411.567413,197.792709,411.567414,197.792846,125
5,3396,433.488617,197.767639,433.488622,197.767782,125
5,3397,411.610809,235.761429,411.610822,235.761567,125
5,3398,444.470978,216.739456,444.470972,216.739596,125
5,3399,400.628479,216.789581,400.628471,216.789724,125
5,3400,422.593140,254.733215,422.593143,254.733352,125
5,3401,422.506287,178.795807,422.506300,178.795954,125
5,3402,422.506287,178.795807,422.506300,178.795954,125
5,3403,422.593140,254.733215,422.593143,254.733352,125
5,3404,455.453339,235.711273,455.453323,235.711410,125
5,3405,389.646149,197.817780,389.646150,197.817924,125
5,3406,455.409882,197.742554,455.409887,197.742704,125
5,3407,389.689575,235.786499,389.689586,235.786631,125
5,3408,444.514374,254.708145,444.514380,254.708288,125
5,3409,400.585052,178.820892,400.585064,178.821032,125
5,3410,444.427582,178.770737,444.427565,178.770875,125
5,3411,400.671906,254.758301,400.671907,254.758445,125
5,3412,466.392212,216.714371,466.392208,216.714518,125
5,3413,378.707245,216.814667,378.707264,216.814802,125
5,3414,433.575500,273.705048,433.575494,273.705195,125
5,3415,411.523987,159.823990,411.523978,159.824140,125
5,3416,433.445190,159.798935,433.445185,159.799076,125
5,3417,411.654236,273.730133,411.654229,273.730259,125
5,3418,477.374542,235.686203,477.374530,235.686347,125
5,3419,367.724915,197.842850,367.724913,197.842988,125
5,3420,477.331116,197.717499,477.331123,197.717640,125
5,3421,367.768341,235.811554,367.768350,235.811694,125
5,3422,466.435638,254.683090,466.435644,254.683224,125
5,3423,378.663818,178.845947,378.663828,178.846096,125
5,3424,466.348816,178.745667,466.348801,178.745812,125
5,3425,378.750671,254.783371,378.750671,254.783508,125
5,3426,455.496735,273.679962,455.496730,273.680102,125
5,3427,389.602722,159.849075,389.602713,159.849218,125
5,3428,455.366455,159.773849,455.366450,159.773998,125
5,3429,389.733002,273.755188,389.732993,273.755323,125
5,3430,488.313477,216.689301,488.313473,216.689440,125
5,3431,356.785980,216.839737,356.785999,216.839880,125
5,3432,422.636566,292.701935,422.636580,292.702073,125
5,3433,422.462860,140.827103,422.462864,140.827247,125
5,3434,422.462860,140.827103,422.462864,140.827247,125
5,3435,422.636566,292.701935,422.636580,292.702073,125
5,3436,488.356873,254.658020,488.356881,254.658161,125
5,3437,356.742554,178.871033,356.742563,178.871174,125
5,3438,488.270050,178.720581,488.270037,178.720733,125
5,3439,356.829437,254.808441,356.829435,254.808572,125
5,3440,499.295807,235.661133,499.295795,235.661268,125
5,3441,345.803650,197.867920,345.803649,197.868066,125
5,3442,499.252380,197.692413,499.252359,197.692562,125
5,3443,345.847076,235.836639,345.847085,235.836773,125
5,3444,477.417969,273.654907,477.417966,273.655039,125
5,3445,367.681488,159.874130,367.681506,159.874282,125
5,3446,477.287689,159.748779,477.287686,159.748934,125
5,3447,367.811768,273.780243,367.811786,273.780386,125
5,3448,444.557831,292.676880,444.557816,292.677009,125
5,3449,400.541656,140.852173,400.541656,140.852325,125
5,3450,444.384125,140.802017,444.384129,140.802169,125
5,3451,400.715332,292.726990,400.715344,292.727137,125
5,3452,466.479095,292.651794,466.479081,292.651916,125
5,3453,378.620392,140.877243,378.620392,140.877389,125
5,3454,466.305389,140.776962,466.305394,140.777105,125
5,3455,378.794098,292.752075,378.794108,292.752200,125
5,3456,510.234680,216.664230,510.234680,216.664376,125
5,3457,334.864716,216.864807,334.864734,216.864944,125
5,3458,433.618896,311.673767,433.618901,311.673887,125
5,3459,411.480530,121.855270,411.480542,121.855419,125
5,3460,433.401794,121.830200,433.401778,121.830355,125
5,3461,411.697662,311.698822,411.697665,311.698951,125
5,3462,510.278137,254.632965,510.278117,254.633097,125
5,3463,334.821289,178.896088,334.821298,178.896238,125
5,3464,510.191315,178.695526,510.191302,178.695670,125
5,3465,334.908173,254.833527,334.908170,254.833665,125
5,3466,499.339233,273.629852,499.339231,273.629975,125
5,3467,345.760223,159.899216,345.760241,159.899360,125
5,3468,499.208954,159.723709,499.208951,159.723856,125
5,3469,345.890503,273.805359,345.890521,273.805479,125
5,3470,521.217041,235.636047,521.217060,235.636190,125
5,3471,323.882416,197.892990,323.882412,197.893130,125
5,3472,521.173645,197.667343,521.173624,197.667484,125
5,3473,323.925842,235.861710,323.925849,235.861851,125
5,3474,488.400330,292.626709,488.400317,292.626853,125
5,3475,356.699158,140.902313,356.699156,140.902467,125
5,3476,488.226624,140.751877,488.226601,140.752027,125
5,3477,356.872833,292.777161,356.872843,292.777293,125
5,3478,455.540131,311.648682,455.540137,311.648823,125
5,3479,389.559265,121.880348,389.559277,121.880497,125
5,3480,455.323029,121.805122,455.323014,121.805277,125
5,3481,389.776398,311.723907,389.776400,311.724043,125
5,3482,477.461395,311.623627,477.461402,311.623759,125
5,3483,367.638062,121.905411,367.638070,121.905561,125
5,3484,477.244293,121.780060,477.244279,121.780213,125
5,3485,367.855194,311.748962,367.855193,311.749107,125
5,3486,532.155945,216.639160,532.155945,216.639298,125
5,3487,312.943512,216.889862,312.943527,216.890008,125
5,3488,422.679993,330.670624,422.679987,330.670765,125
5,3489,422.419434,102.858383,422.419428,102.858541,125
5,3490,422.419434,102.858383,422.419428,102.858541,125
5,3491,422.679993,330.670624,422.679987,330.670765,125
5,3492,521.260437,273.604767,521.260438,273.604911,125
5,3493,323.838989,159.924271,323.839005,159.924424,125
5,3494,521.130188,159.698624,521.130187,159.698777,125
5,3495,323.969269,273.830414,323.969285,273.830543,125
5,3496,532.199402,254.607864,532.199382,254.608004,125
5,3497,312.900085,178.921173,312.900091,178.921316,125
5,3498,532.112549,178.670441,532.112509,178.670591,125
5,3499,312.986938,254.858597,312.986963,254.858729,125
5,3500,510.321564,292.601654,510.321553,292.601789,125
5,3501,334.777893,140.927383,334.777891,140.927531,125
5,3502,510.147888,140.726807,510.147866,140.726963,125
5,3503,334.951569,292.802216,334.951578,292.802357,125
5,3504,444.601257,330.645569,444.601252,330.645701,125
5,3505,400.498230,102.883469,400.498220,102.883619,125
5,3506,444.340698,102.833305,444.340692,102.833463,125
5,3507,400.758789,330.695740,400.758780,330.695857,125
5,3508,543.138306,235.610992,543.138267,235.611126,125
5,3509,301.961151,197.918060,301.961176,197.918208,125
5,3510,543.094910,197.642273,543.094889,197.642420,125
5,3511,302.004608,235.886780,302.004613,235.886915,125
5,3512,499.382690,311.598541,499.382667,311.598667,125
5,3513,345.716797,121.930489,345.716805,121.930639,125
5,3514,499.165527,121.754982,499.165515,121.755135,125
5,3515,345.933929,311.774048,345.933928,311.774171,125
5,3516,466.522522,330.620514,466.522517,330.620637,125
5,3517,378.576965,102.908531,378.576955,102.908683,125
5,3518,466.261963,102.808243,466.261957,102.808399,125
5,3519,378.837524,330.720795,378.837515,330.720921,125
5,3520,488.443726,330.595459,488.443724,330.595574,125
5,3521,356.655701,102.933609,356.655719,102.933761,125
5,3522,488.183167,102.783165,488.183165,102.783321,125
5,3523,356.916260,330.745850,356.916279,330.745985,125
5,3524,554.077209,216.614075,554.077210,216.614220,125
5,3525,291.022247,216.914963,291.022262,216.915100,125
5,3526,433.662354,349.642487,433.662338,349.642608,125
5,3527,411.437103,83.886559,411.437106,83.886712,125
5,3528,433.358368,83.861496,433.358371,83.861649,125
5,3529,411.741089,349.667542,411.741102,349.667672,125
5,3530,543.181702,273.579681,543.181703,273.579818,125
5,3531,301.917755,159.949356,301.917769,159.949502,125
5,3532,543.051453,159.673569,543.051452,159.673714,125
5,3533,302.048035,273.855469,302.048049,273.855607,125
5,3534,532.242859,292.576599,532.242818,292.576725,125
5,3535,312.856659,140.952454,312.856683,140.952609,125
5,3536,532.069092,140.701736,532.069073,140.701885,125
5,3537,313.030365,292.827301,313.030370,292.827421,125
5,3538,554.120667,254.582809,554.120646,254.582940,125
5,3539,290.978821,178.946228,290.978826,178.946380,125
5,3540,554.033813,178.645386,554.033774,178.645528,125
5,3541,291.065674,254.883652,291.065698,254.883792,125
5,3542,521.303894,311.573486,521.303875,311.573603,125
5,3543,323.795563,121.955551,323.795569,121.955703,125
5,3544,521.086792,121.729904,521.086751,121.730057,125
5,3545,324.012695,311.799103,324.012692,311.799235,125
5,3546,455.583588,349.617401,455.583574,349.617515,125
5,3547,389.515869,83.911621,389.515870,83.911776,125
5,3548,455.279602,83.836426,455.279607,83.836585,125
5,3549,389.819824,349.692596,389.819837,349.692735,125
5,3550,565.059570,235.585922,565.059532,235.586063,125
5,3551,280.039917,197.943146,280.039940,197.943286,125
5,3552,565.016113,197.617203,565.016096,197.617342,125
5,3553,280.083374,235.911835,280.083377,235.911978,125
5,3554,510.364990,330.570343,510.364989,330.570481,125
5,3555,334.734436,102.958672,334.734454,102.958825,125
5,3556,510.104431,102.758102,510.104429,102.758257,125
5,3557,334.994995,330.770935,334.995014,330.771078,125
5,3558,477.504852,349.592316,477.504839,349.592451,125
5,3559,367.594635,83.936714,367.594634,83.936869,125
5,3560,477.200836,83.811333,477.200843,83.811492,125
5,3561,367.898621,349.717682,367.898629,349.717799,125
5,3562,422.723419,368.639374,422.723423,368.639486,125
5,3563,422.376007,64.889679,422.376020,64.889834,125
5,3564,422.376007,64.889679,422.376020,64.889834,125
5,3565,422.723419,368.639374,422.723423,368.639486,125
5,3566,554.164062,292.551514,554.164025,292.551632,125
5,3567,290.935394,140.977524,290.935418,140.977673,125
5,3568,553.990356,140.676666,553.990338,140.676821,125
5,3569,291.109100,292.852386,291.109106,292.852513,125
5,3570,565.102966,273.554626,565.102968,273.554755,125
5,3571,279.996521,159.974426,279.996533,159.974580,125
5,3572,564.972656,159.648483,564.972660,159.648635,125
5,3573,280.126801,273.880554,280.126813,273.880699,125
5,3574,543.225159,311.548401,543.225139,311.548539,125
5,3575,301.874329,121.980629,301.874333,121.980781,125
5,3576,543.008057,121.704842,543.008016,121.704993,125
5,3577,302.091431,311.824188,302.091456,311.824327,125
5,3578,499.426086,349.567261,499.426075,349.567388,125
5,3579,345.673370,83.961777,345.673369,83.961933,125
5,3580,499.122131,83.786270,499.122108,83.786428,125
5,3581,345.977356,349.742767,345.977364,349.742892,125
5,3582,444.644684,368.614288,444.644688,368.614422,125
5,3583,400.454773,64.914764,400.454784,64.914927,125
5,3584,444.297272,64.864609,444.297256,64.864771,125
5,3585,400.802185,368.664429,400.802187,368.664549,125
5,3586,575.998413,216.589020,575.998417,216.589156,125
5,3587,269.101013,216.940018,269.101026,216.940164,125
5,3588,576.041870,254.557739,576.041854,254.557877,125
5,3589,269.057556,178.971313,269.057590,178.971458,125
5,3590,575.955078,178.620300,575.955039,178.620449,125
5,3591,269.144440,254.908752,269.144462,254.908885,125
5,3592,532.286255,330.545288,532.286254,330.545417,125
5,3593,312.813232,102.983749,312.813247,102.983903,125
5,3594,532.025696,102.733025,532.025694,102.733179,125
5,3595,313.073792,330.796021,313.073807,330.796141,125
5,3596,466.565918,368.589203,466.565924,368.589329,125
5,3597,378.533539,64.939835,378.533548,64.939991,125
5,3598,466.218536,64.839546,466.218521,64.839707,125
5,3599,378.880951,368.689514,378.880951,368.689642,125
5,3600,586.980835,235.560852,586.980797,235.560984,125
5,3601,258.118652,197.968201,258.118675,197.968350,125
5,3602,586.937378,197.592133,586.937361,197.592278,125
5,3603,258.162079,235.936920,258.162112,235.937057,125
5,3604,521.347351,349.542175,521.347311,349.542295,125
5,3605,323.752136,83.986839,323.752133,83.986996,125
5,3606,521.043335,83.761208,521.043315,83.761365,125
5,3607,324.056122,349.767822,324.056128,349.767956,125
5,3608,488.487183,368.564148,488.487160,368.564265,125
5,3609,356.612305,64.964897,356.612312,64.965055,125
5,3610,488.139771,64.814484,488.139757,64.814643,125
5,3611,356.959717,368.714569,356.959715,368.714706,125
5,3612,433.705750,387.611176,433.705745,387.611300,125
5,3613,411.393707,45.917831,411.393698,45.917991,125
5,3614,433.314941,45.892769,433.314935,45.892928,125
5,3615,411.784546,387.636230,411.784538,387.636364,125
5,3616,576.085327,292.526428,576.085290,292.526569,125
5,3617,269.014160,141.002609,269.014182,141.002751,125
5,3618,575.911621,140.651596,575.911603,140.651743,125
5,3619,269.187866,292.877441,269.187870,292.877577,125
5,3620,565.146423,311.523315,565.146404,311.523447,125
5,3621,279.953094,122.005707,279.953097,122.005859,125
5,3622,564.929260,121.679764,564.929223,121.679915,125
5,3623,280.170197,311.849274,280.170220,311.849391,125
5,3624,587.024170,273.529572,587.024175,273.529691,125
5,3625,258.075256,159.999496,258.075268,159.999644,125
5,3626,586.893921,159.623428,586.893924,159.623572,125
5,3627,258.205536,273.905640,258.205548,273.905763,125
5,3628,554.207458,330.520233,554.207461,330.520353,125
5,3629,290.891968,103.008812,290.891982,103.008967,125
5,3630,291.152527,330.821075,291.152542,330.821205,125
5,3631,455.627014,387.586121,455.627010,387.586236,125
5,3632,389.472473,45.942894,389.472462,45.943055,125
5,3633,389.863281,387.661346,389.863273,387.661456,125
5,3634,510.408447,368.539093,510.408425,368.539202,125
5,3635,334.691040,64.989990,334.691047,64.990147,125
5,3636,335.038452,368.739655,335.038450,368.739770,125
5,3637,597.919678,216.563950,597.919682,216.564092,125
5,3638,247.179749,216.965088,247.179761,216.965228,125
5,3639,247.136307,178.996384,247.136325,178.996522,125
5,3640,247.223175,254.933807,247.223197,254.933949,125
5,3641,543.268616,349.517120,543.268576,349.517231,125
5,3642,301.830872,84.011932,301.830897,84.012089,125
5,3643,302.134888,349.792908,302.134892,349.793019,125
5,3644,477.548248,387.561035,477.548246,387.561143,125
5,3645,367.942017,387.686401,367.942037,387.686520,125
5,3646,236.240860,235.961990,236.240876,235.962135,125
5,3647,313.117218,368.764709,313.117243,368.764833,125
5,3648,499.469513,387.535950,499.469511,387.536080,125
5,3649,346.020752,387.711456,346.020772,387.711584,125
5,3650,422.766846,406.608063,422.766859,406.608178,125
5,3651,422.766846,406.608063,422.766859,406.608178,125
5,3652,258.248932,311.874329,258.248955,311.874455,125
5,3653,269.231293,330.846130,269.231306,330.846269,125
5,3654,400.845612,406.633148,400.845623,406.633270,125
5,3655,376.359558,55.040092,376.359563,55.040230,137
5,3656,387.387451,74.090599,387.387454,74.090736,137
5,3657,365.331665,35.989525,365.331672,35.989666,137
5,3658,387.343872,35.964329,387.343867,35.964469,137
5,3659,365.375244,74.115799,365.375259,74.115933,137
5,3660,398.371765,55.014923,398.371758,55.015062,137
5,3661,354.347351,55.065262,354.347368,55.065398,137
5,3662,376.403137,93.166336,376.403150,93.166468,137
5,3663,376.315979,16.913820,376.315975,16.913963,137
5,3664,376.315979,16.913820,376.315975,16.913963,137
5,3665,376.403137,93.166336,376.403150,93.166468,137
5,3666,409.399658,74.065437,409.399649,74.065568,137
5,3667,343.319427,36.014694,343.319447,36.014834,137
5,3668,409.356079,35.939163,409.356062,35.939301,137
5,3669,343.363037,74.140968,343.363035,74.141100,137
5,3670,398.415375,93.141167,398.415375,93.141300,137
5,3671,354.303741,16.938988,354.303751,16.939131,137
5,3672,398.328156,16.888653,398.328142,16.888795,137
5,3673,354.390961,93.191521,354.390955,93.191650,137
5,3674,420.383972,54.989727,420.383953,54.989865,137
5,3675,332.335144,55.090458,332.335144,55.090594,137
5,3676,387.431030,112.216873,387.431042,112.217003,137
5,3677,365.418884,112.242043,365.418875,112.242171,137
5,3678,431.411896,74.040268,431.411874,74.040400,137
5,3679,321.307251,36.039864,321.307252,36.040001,137
5,3680,431.368256,35.913994,431.368257,35.914134,137
5,3681,321.350830,74.166130,321.350840,74.166268,137
5,3682,420.427551,93.115982,420.427541,93.116118,137
5,3683,332.291534,16.964186,332.291527,16.964328,137
5,3684,420.340363,16.863457,420.340366,16.863599,137
5,3685,332.378723,93.216682,332.378731,93.216818,137
5,3686,409.443268,112.191689,409.443266,112.191820,137
5,3687,343.406647,112.267227,343.406651,112.267353,137
5,3688,442.396149,54.964561,442.396149,54.964698,137
5,3689,310.322968,55.115623,310.322977,55.115762,137
5,3690,376.446777,131.292587,376.446767,131.292720,137
5,3691,376.446777,131.292587,376.446767,131.292720,137
5,3692,442.439758,93.090805,442.439765,93.090935,137
5,3693,310.279358,16.989353,310.279361,16.989495,137
5,3694,442.352570,16.838289,442.352561,16.838431,137
5,3695,310.366547,93.241867,310.366565,93.242000,137
5,3696,453.424072,74.015099,453.424069,74.015233,137
5,3697,299.295044,36.065060,299.295057,36.065198,137
5,3698,453.380493,35.888824,453.380481,35.888966,137
5,3699,299.338623,74.191330,299.338644,74.191465,137
5,3700,431.455475,112.166527,431.455461,112.166653,137
5,3701,321.394440,112.292389,321.394456,112.292521,137
5,3702,398.458984,131.267426,398.458991,131.267552,137
5,3703,354.434570,131.317780,354.434572,131.317902,137
5,3704,420.471161,131.242249,420.471157,131.242370,137
5,3705,332.422333,131.342941,332.422347,131.343070,137
5,3706,464.408386,54.939392,464.408373,54.939530,137
5,3707,288.310730,55.140793,288.310753,55.140930,137
5,3708,387.474670,150.343140,387.474658,150.343270,137
5,3709,365.462494,150.368317,365.462492,150.368437,137
5,3710,464.451996,93.065636,464.451989,93.065768,137
5,3711,288.267120,17.014521,288.267137,17.014663,137
5,3712,464.364777,16.813120,464.364756,16.813263,137
5,3713,288.354340,93.267036,288.354341,93.267168,137
5,3714,453.467651,112.141342,453.467656,112.141470,137
5,3715,299.382263,112.317574,299.382261,112.317703,137
5,3716,475.436279,73.989899,475.436264,73.990036,137
5,3717,277.282837,36.090225,277.282862,36.090366,137
5,3718,475.392670,35.863628,475.392648,35.863769,137
5,3719,277.326447,74.216499,277.326449,74.216633,137
5,3720,442.483398,131.217056,442.483381,131.217188,137
5,3721,310.410187,131.368118,310.410181,131.368252,137
5,3722,409.486877,150.317963,409.486882,150.318087,137
5,3723,343.450256,150.393494,343.450268,150.393620,137
5,3724,431.499054,150.292801,431.499049,150.292919,137
5,3725,321.438049,150.418671,321.438073,150.418787,137
5,3726,486.420593,54.914227,486.420568,54.914362,137
5,3727,266.298553,55.165962,266.298558,55.166098,137
5,3728,376.490387,169.418854,376.490383,169.418972,137
5,3729,376.490387,169.418854,376.490383,169.418972,137
5,3730,475.479889,112.116173,475.479880,112.116303,137
5,3731,277.370056,112.342758,277.370066,112.342885,137
5,3732,486.464172,93.040451,486.464155,93.040585,137
5,3733,266.254913,17.039688,266.254941,17.039831,137
5,3734,486.376984,16.787952,486.376980,16.788095,137
5,3735,266.342133,93.292221,266.342145,93.292350,137
5,3736,464.495605,131.191895,464.495606,131.192020,137
5,3737,288.397949,131.393295,288.397957,131.393420,137
5,3738,398.502594,169.393677,398.502578,169.393805,137
5,3739,354.478149,169.444031,354.478159,169.444155,137
5,3740,497.448517,73.964737,497.448488,73.964868,137
5,3741,255.270615,36.115395,255.270638,36.115534,137
5,3742,497.404877,35.838463,497.404872,35.838601,137
5,3743,255.314209,74.241669,255.314225,74.241801,137
5,3744,453.511292,150.267609,453.511273,150.267737,137
5,3745,299.425873,150.443848,299.425877,150.443970,137
5,3746,420.514771,169.368500,420.514774,169.368622,137
5,3747,332.465942,169.469208,332.465935,169.469322,137
5,3748,442.527008,169.343323,442.526998,169.343440,137
5,3749,310.453766,169.494385,310.453769,169.494505,137
5,3750,508.432770,54.889027,508.432763,54.889165,137
5,3751,244.286316,55.191158,244.286334,55.191295,137
5,3752,387.518280,188.469406,387.518275,188.469522,137
5,3753,365.506073,188.494568,365.506079,188.494690,137
5,3754,497.492096,112.090988,497.492076,112.091120,137
5,3755,255.357819,112.367920,255.357841,112.368053,137
5,3756,486.507782,131.166718,486.507772,131.166838,137
5,3757,266.385742,131.418472,266.385762,131.418602,137
5,3758,508.476410,93.015289,508.476380,93.015418,137
5,3759,244.242706,17.064886,244.242717,17.065028,137
5,3760,508.389160,16.762756,508.389147,16.762898,137
5,3761,244.329895,93.317383,244.329921,93.317518,137
5,3762,475.523468,150.242447,475.523468,150.242569,137
5,3763,277.413666,150.469025,277.413682,150.469152,137
5,3764,409.530518,188.444214,409.530499,188.444340,137
5,3765,343.493835,188.519745,343.493855,188.519872,137
5,3766,519.460693,73.939568,519.460654,73.939700,137
5,3767,233.258423,36.140560,233.258442,36.140702,137
5,3768,519.417053,35.813293,519.417038,35.813433,137
5,3769,233.302017,74.266830,233.302030,74.266968,137
5,3770,464.539215,169.318146,464.539193,169.318272,137
5,3771,288.441528,169.519547,288.441544,169.519672,137
5,3772,431.542664,188.419052,431.542665,188.419172,137
5,3773,321.481659,188.544922,321.481660,188.545040,137
5,3774,376.533997,207.545105,376.534000,207.545225,137
5,3775,376.533997,207.545105,376.534000,207.545225,137
5,3776,508.520020,131.141541,508.519996,131.141670,137
5,3777,244.373520,131.443649,244.373538,131.443770,137
5,3778,519.504272,112.065811,519.504271,112.065938,137
5,3779,233.345627,112.393105,233.345646,112.393235,137
5,3780,497.535706,150.217270,497.535692,150.217387,137
5,3781,255.401443,150.494202,255.401458,150.494320,137
5,3782,453.554901,188.393875,453.554889,188.393989,137
5,3783,299.469452,188.570099,299.469465,188.570222,137
5,3784,398.546173,207.519928,398.546166,207.520042,137
5,3785,354.521759,207.570297,354.521776,207.570407,137
5,3786,530.445007,54.863861,530.444987,54.863997,137
5,3787,222.274124,55.216324,222.274139,55.216462,137
5,3788,530.488647,92.990105,530.488604,92.990235,137
5,3789,222.230499,17.090054,222.230522,17.090195,137
5,3790,530.401367,16.737589,530.401371,16.737731,137
5,3791,222.317703,93.342567,222.317726,93.342700,137
5,3792,486.551392,169.292969,486.551388,169.293090,137
5,3793,266.429321,169.544739,266.429349,169.544855,137
5,3794,420.558411,207.494751,420.558390,207.494875,137
5,3795,332.509552,207.595459,332.509551,207.595575,137
5,3796,541.472900,73.914368,541.472879,73.914504,137
5,3797,211.246231,36.165760,211.246247,36.165898,137
5,3798,541.429260,35.788097,541.429262,35.788237,137
5,3799,211.289810,74.292030,211.289835,74.292165,137
5,3800,475.567108,188.368698,475.567084,188.368822,137
5,3801,277.457245,188.595291,277.457270,188.595404,137
5,3802,442.570587,207.469589,442.570585,207.469707,137
5,3803,310.497375,207.620621,310.497385,207.620742,137
5,3804,387.561890,226.595657,387.561891,226.595774,137
5,3805,365.549683,226.620834,365.549696,226.620942,137
5,3806,530.532166,131.116364,530.532162,131.116488,137
5,3807,222.361328,131.468826,222.361342,131.468952,137
5,3808,519.547913,150.192078,519.547887,150.192205,137
5,3809,233.389236,150.519379,233.389263,150.519502,137
5,3810,541.516541,112.040642,541.516495,112.040770,137
5,3811,211.333435,112.418274,211.333451,112.418403,137
5,3812,508.563629,169.267807,508.563612,169.267922,137
5,3813,244.417114,169.569901,244.417125,169.570022,137
5,3814,409.574097,226.570496,409.574086,226.570606,137
5,3815,343.537476,226.646011,343.537472,226.646124,137
5,3816,464.582794,207.444412,464.582781,207.444525,137
5,3817,288.485138,207.645828,288.485161,207.645939,137
5,3818,552.457153,54.838692,552.457154,54.838830,137
5,3819,200.261917,55.241493,200.261943,55.241630,137
5,3820,552.500793,92.964935,552.500770,92.965068,137
5,3821,200.218307,17.115221,200.218327,17.115363,137
5,3822,552.413635,16.712421,552.413595,16.712563,137
5,3823,200.305511,93.367752,200.305531,93.367882,137
5,3824,497.579285,188.343521,497.579280,188.343639,137
5,3825,255.445023,188.620453,255.445045,188.620572,137
5,3826,431.586304,226.545288,431.586281,226.545410,137
5,3827,321.525269,226.671188,321.525276,226.671306,137
5,3828,563.485107,73.889198,563.485103,73.889336,137
5,3829,189.234024,36.190926,189.234052,36.191066,137
5,3830,563.441528,35.762928,563.441486,35.763069,137
5,3831,189.277618,74.317200,189.277639,74.317333,137
5,3832,486.595032,207.419220,486.595005,207.419342,137
5,3833,541.560120,150.166916,541.560111,150.167037,137
5,3834,552.544434,131.091187,552.544386,131.091320,137
5,3835,282.120239,95.754402,282.120242,95.754825,9
5,3836,291.781067,112.443298,291.781053,112.443704,9
5,3837,272.459442,79.065498,272.459456,79.065946,9
5,3838,291.742859,79.043449,291.742844,79.043898,9
5,3839,272.497650,112.465363,272.497665,112.465764,9
5,3840,301.403687,95.732353,301.403656,95.732777,9
5,3841,262.836853,95.776459,262.836853,95.776885,9
5,3842,282.158478,129.154266,282.158451,129.154644,9
5,3843,282.082062,62.354553,282.082058,62.355019,9
5,3844,282.082062,62.354553,282.082058,62.355019,9
5,3845,282.158478,129.154266,282.158451,129.154644,9
5,3846,311.064484,112.421242,311.064442,112.421644,9
5,3847,253.176010,79.087547,253.176042,79.087993,9
5,3848,311.026276,79.021378,311.026233,79.021825,9
5,3849,253.214233,112.487411,253.214251,112.487812,9
5,3850,301.441895,129.132217,301.441865,129.132596,9
5,3851,262.798645,62.376598,262.798669,62.377066,9
5,3852,301.365509,62.332504,301.365472,62.332971,9
5,3853,262.875061,129.176331,262.875063,129.176704,9
5,3854,320.687073,95.710289,320.687019,95.710717,9
5,3855,243.553406,95.798508,243.553440,95.798933,9
5,3856,272.421265,45.665627,272.421272,45.666114,9
5,3857,291.704681,45.643578,291.704660,45.644066,9
5,3858,272.535889,145.865234,272.535874,145.865596,9
5,3859,233.892609,79.109596,233.892653,79.110041,9
5,3860,233.930817,112.509468,233.930863,112.509873,9
5,3861,243.515213,62.398674,243.515256,62.399139,9
5,3862,243.591614,129.198364,243.591649,129.198752,9
5,3863,224.269989,95.820572,224.270051,95.820994,9
5,3864,387.690094,115.839020,387.690088,115.839152,138
5,3865,398.718048,134.889572,398.718037,134.889702,138
5,3866,376.662201,96.788483,376.662196,96.788616,138
5,3867,398.674408,96.763313,398.674421,96.763449,138
5,3868,376.705811,134.914734,376.705812,134.914870,138
5,3869,409.702301,115.813835,409.702313,115.813970,138
5,3870,365.677917,115.864189,365.677920,115.864320,138
5,3871,387.733704,153.965286,387.733704,153.965420,138
5,3872,387.646515,77.712746,387.646500,77.712884,138
5,3873,387.646515,77.712746,387.646500,77.712884,138
5,3874,387.733704,153.965286,387.733704,153.965420,138
5,3875,420.730194,134.864395,420.730204,134.864520,138
5,3876,354.649994,96.813667,354.650000,96.813799,138
5,3877,420.686584,96.738136,420.686588,96.738266,138
5,3878,354.693604,134.939926,354.693616,134.940052,138
5,3879,409.745941,153.940109,409.745929,153.940238,138
5,3880,365.634308,77.737946,365.634304,77.738081,138
5,3881,409.658691,77.687584,409.658696,77.687716,138
5,3882,365.721527,153.990463,365.721537,153.990588,138
5,3883,431.714508,115.788673,431.714509,115.788802,138
5,3884,343.665680,115.889374,343.665695,115.889502,138
5,3885,398.761627,173.015823,398.761625,173.015956,138
5,3886,376.618622,58.662239,376.618608,58.662377,138
5,3887,398.630798,58.637074,398.630804,58.637209,138
5,3888,376.749420,173.041000,376.749429,173.041124,138
5,3889,442.742432,134.839203,442.742430,134.839338,138
5,3890,332.637756,96.838837,332.637775,96.838966,138
5,3891,442.698822,96.712952,442.698813,96.713084,138
5,3892,332.681396,134.965088,332.681391,134.965220,138
5,3893,431.758087,153.914948,431.758096,153.915070,138
5,3894,343.622070,77.763115,343.622079,77.763248,138
5,3895,431.670929,77.662415,431.670921,77.662548,138
5,3896,343.709320,154.015640,343.709312,154.015771,138
5,3897,420.773834,172.990646,420.773821,172.990774,138
5,3898,354.606415,58.687408,354.606412,58.687545,138
5,3899,420.643005,58.611877,420.643001,58.612012,138
5,3900,354.737213,173.066177,354.737204,173.066306,138
5,3901,453.726715,115.763489,453.726705,115.763620,138
5,3902,321.653503,115.914536,321.653499,115.914670,138
5,3903,387.777313,192.091553,387.777320,192.091674,138
5,3904,387.602905,39.586479,387.602913,39.586615,138
5,3905,387.602905,39.586479,387.602913,39.586615,138
5,3906,387.777313,192.091553,387.777320,192.091674,138
5,3907,453.770325,153.889755,453.770321,153.889888,138
5,3908,321.609863,77.788284,321.609883,77.788416,138
5,3909,453.683136,77.637245,453.683117,77.637380,138
5,3910,321.697113,154.040817,321.697116,154.040938,138
5,3911,464.754669,134.814041,464.754655,134.814170,138
5,3912,310.625610,96.864014,310.625607,96.864149,138
5,3913,464.711060,96.687782,464.711038,96.687916,138
5,3914,310.669220,134.990280,310.669224,134.990403,138
5,3915,442.786041,172.965469,442.786046,172.965592,138
5,3916,332.594177,58.712605,332.594187,58.712741,138
5,3917,442.655212,58.586708,442.655197,58.586845,138
5,3918,332.724976,173.091354,332.724978,173.091474,138
5,3919,409.789551,192.066376,409.789546,192.066492,138
5,3920,365.590729,39.611675,365.590716,39.611812,138
5,3921,409.615112,39.561310,409.615109,39.561448,138
5,3922,365.765137,192.116714,365.765124,192.116842,138
5,3923,431.801727,192.041199,431.801713,192.041324,138
5,3924,343.578491,39.636841,343.578491,39.636980,138
5,3925,431.627319,39.536140,431.627305,39.536280,138
5,3926,343.752899,192.141907,343.752899,192.142024,138
5,3927,475.738953,115.738319,475.738930,115.738452,138
5,3928,299.641296,115.939720,299.641303,115.939852,138
5,3929,398.805206,211.142075,398.805212,211.142196,138
5,3930,376.575012,20.535969,376.575021,20.536109,138
5,3931,398.587189,20.510801,398.587188,20.510941,138
5,3932,376.793030,211.167252,376.793045,211.167378,138
5,3933,475.782532,153.864594,475.782517,153.864720,138
5,3934,299.597687,77.813477,299.597687,77.813613,138
5,3935,475.695312,77.612045,475.695314,77.612184,138
5,3936,299.684906,154.065994,299.684920,154.066121,138
5,3937,464.798248,172.940292,464.798242,172.940424,138
5,3938,310.582001,58.737774,310.582020,58.737909,138
5,3939,464.667419,58.561539,464.667422,58.561677,138
5,3940,310.712799,173.116531,310.712811,173.116656,138
5,3941,486.766846,134.788864,486.766822,134.788988,138
5,3942,288.613373,96.889183,288.613382,96.889316,138
5,3943,486.723206,96.662598,486.723205,96.662734,138
5,3944,288.656982,135.015442,288.656999,135.015570,138
5,3945,453.813934,192.016022,453.813938,192.016142,138
5,3946,321.566284,39.662010,321.566295,39.662148,138
5,3947,453.639526,39.510975,453.639530,39.511112,138
5,3948,321.740692,192.167068,321.740703,192.167192,138
5,3949,420.817444,211.116913,420.817437,211.117028,138
5,3950,354.562805,20.561136,354.562796,20.561276,138
5,3951,420.599426,20.485603,420.599413,20.485744,138
5,3952,354.780823,211.192444,354.780820,211.192560,138
5,3953,442.829651,211.091736,442.829633,211.091860,138
5,3954,332.550568,20.586334,332.550571,20.586473,138
5,3955,442.611603,20.460436,442.611609,20.460576,138
5,3956,332.768585,211.217606,332.768595,211.217728,138
5,3957,497.751129,115.713142,497.751126,115.713270,138
5,3958,277.629089,115.964905,277.629107,115.965034,138
5,3959,387.820923,230.217804,387.820937,230.217928,138
5,3960,387.559296,1.460234,387.559296,1.460376,138
5,3961,387.559296,1.460234,387.559296,1.460376,138
5,3962,387.820923,230.217804,387.820937,230.217928,138
5,3963,486.810455,172.915115,486.810438,172.915242,138
5,3964,288.569794,58.762939,288.569795,58.763077,138
5,3965,486.679626,58.536373,486.679618,58.536509,138
5,3966,288.700592,173.141693,288.700586,173.141824,138
5,3967,497.794739,153.839417,497.794743,153.839538,138
5,3968,277.585480,77.838646,277.585491,77.838781,138
5,3969,497.707550,77.586884,497.707539,77.587016,138
5,3970,277.672699,154.091171,277.672723,154.091303,138
5,3971,475.826141,191.990845,475.826134,191.990974,138
5,3972,299.554077,39.687206,299.554099,39.687344,138
5,3973,475.651703,39.485779,475.651697,39.485915,138
5,3974,299.728485,192.192245,299.728507,192.192374,138
5,3975,409.833130,230.192642,409.833133,230.192760,138
5,3976,365.547089,1.485431,365.547100,1.485573,138
5,3977,409.571503,1.435066,409.571492,1.435208,138
5,3978,365.808746,230.242981,365.808741,230.243096,138
5,3979,508.779053,134.763687,508.779047,134.763820,138
5,3980,266.601166,96.914368,266.601186,96.914499,138
5,3981,508.735443,96.637436,508.735430,96.637566,138
5,3982,266.644806,135.040619,266.644803,135.040753,138
5,3983,464.841827,211.066559,464.841830,211.066678,138
5,3984,310.538391,20.611500,310.538403,20.611641,138
5,3985,464.623810,20.435268,464.623805,20.435408,138
5,3986,310.756409,211.242767,310.756428,211.242896,138
5,3987,431.845337,230.167450,431.845329,230.167564,138
5,3988,343.534882,1.510599,343.534875,1.510741,138
5,3989,431.583679,1.409899,431.583688,1.410040,138
5,3990,343.796509,230.268158,343.796516,230.268278,138
5,3991,453.857574,230.142273,453.857554,230.142396,138
5,3992,321.522675,1.535767,321.522679,1.535908,138
5,3993,453.595917,1.384731,453.595914,1.384873,138
5,3994,321.784302,230.293335,321.784320,230.293461,138
5,3995,519.763306,115.687958,519.763322,115.688087,138
5,3996,255.616867,115.990074,255.616882,115.990202,138
5,3997,398.848816,249.268341,398.848829,249.268464,138
5,3998,376.836639,249.293518,376.836633,249.293632,138
5,3999,508.822662,172.889954,508.822663,172.890074,138
5,4000,266.557587,58.788109,266.557599,58.788245,138
5,4001,508.691833,58.511177,508.691814,58.511312,138
5,4002,266.688385,173.166885,266.688390,173.167006,138
5,4003,497.838348,191.965668,497.838330,191.965792,138
5,4004,277.541901,39.712376,277.541903,39.712512,138
5,4005,497.663940,39.460609,497.663922,39.460748,138
5,4006,277.716309,192.217438,277.716311,192.217557,138
5,4007,519.806946,153.814224,519.806939,153.814356,138
5,4008,255.573257,77.863815,255.573265,77.863948,138
5,4009,519.719727,77.561714,519.719706,77.561848,138
5,4010,255.660492,154.116348,255.660498,154.116471,138
5,4011,486.854065,211.041367,486.854055,211.041496,138
5,4012,288.526184,20.636669,288.526178,20.636809,138
5,4013,486.636047,20.410101,486.636030,20.410241,138
5,4014,288.744202,211.267975,288.744203,211.268093,138
5,4015,420.861023,249.243149,420.861025,249.243267,138
5,4016,354.824432,249.318680,354.824436,249.318800,138
5,4017,530.791199,134.738510,530.791214,134.738638,138
5,4018,244.588943,96.939537,244.588961,96.939666,138
5,4019,530.747681,96.612251,530.747656,96.612384,138
5,4020,244.632568,135.065796,244.632578,135.065920,138
5,4021,475.869720,230.117111,475.869721,230.117228,138
5,4022,299.510468,1.560963,299.510483,1.561105,138
5,4023,475.608093,1.359534,475.608081,1.359676,138
5,4024,299.772125,230.318512,299.772123,230.318628,138
5,4025,442.873230,249.217987,442.873221,249.218100,138
5,4026,332.812195,249.343872,332.812211,249.343996,138
5,4027,387.864532,268.344055,387.864524,268.344168,138
5,4028,387.559296,1.460234,387.559296,1.460376,138
5,4029,387.559296,1.460234,387.559296,1.460376,138
5,4030,387.864532,268.344055,387.864524,268.344168,138
5,4031,519.850586,191.940491,519.850555,191.940610,138
5,4032,255.529663,39.737541,255.529678,39.737680,138
5,4033,519.676086,39.435440,519.676089,39.435580,138
5,4034,255.704071,192.242599,255.704086,192.242725,138
5,4035,530.834839,172.864761,530.834830,172.864892,138
5,4036,244.545364,58.813305,244.545374,58.813442,138
5,4037,530.704041,58.486008,530.704039,58.486144,138
5,4038,244.676147,173.192047,244.676165,173.192174,138
5,4039,508.866241,211.016205,508.866222,211.016328,138
5,4040,266.513977,20.661837,266.513982,20.661976,138
5,4041,508.648224,20.384903,508.648198,20.385044,138
5,4042,266.731995,211.293137,266.732007,211.293260,138
5,4043,464.885468,249.192810,464.885446,249.192932,138
5,4044,310.800049,249.369049,310.800044,249.369164,138
5,4045,409.876709,268.318878,409.876720,268.319000,138
5,4046,365.547089,1.485431,365.547100,1.485573,138
5,4047,409.571503,1.435066,409.571492,1.435208,138
5,4048,365.852356,268.369232,365.852357,268.369335,138
5,4049,541.775574,115.662788,541.775547,115.662920,138
5,4050,233.604675,116.015251,233.604686,116.015385,138
5,4051,541.819153,153.789062,541.819164,153.789188,138
5,4052,233.561050,77.888985,233.561069,77.889116,138
5,4053,541.731934,77.536514,541.731931,77.536651,138
5,4054,233.648285,154.141525,233.648302,154.141653,138
5,4055,497.881958,230.091919,497.881946,230.092046,138
5,4056,277.498291,1.586131,277.498287,1.586273,138
5,4057,497.620331,1.334366,497.620306,1.334508,138
5,4058,277.759918,230.343674,277.759927,230.343796,138
5,4059,431.888947,268.293701,431.888946,268.293832,138
5,4060,343.534882,1.510599,343.534875,1.510741,138
5,4061,431.583679,1.409899,431.583688,1.410040,138
5,4062,343.840118,268.394409,343.840132,268.394532,138
5,4063,552.803467,134.713348,552.803439,134.713470,138
5,4064,222.576752,96.964714,222.576765,96.964849,138
5,4065,552.759827,96.587082,552.759823,96.587216,138
5,4066,222.620361,135.090973,222.620381,135.091103,138
5,4067,486.897644,249.167648,486.897642,249.167764,138
5,4068,288.787811,249.394211,288.787819,249.394332,138
5,4069,453.901154,268.268524,453.901142,268.268635,138
5,4070,321.522675,1.535767,321.522679,1.535908,138
5,4071,453.595917,1.384731,453.595914,1.384873,138
5,4072,321.827942,268.419586,321.827936,268.419700,138
5,4073,398.892456,287.394592,398.892445,287.394703,138
5,4074,376.880249,287.419769,376.880249,287.419871,138
5,4075,541.862793,191.915314,541.862780,191.915442,138
5,4076,233.517471,39.762711,233.517482,39.762848,138
5,4077,541.688354,39.410244,541.688314,39.410383,138
5,4078,233.691879,192.267776,233.691890,192.267907,138
5,4079,530.878479,210.991028,530.878447,210.991146,138
5,4080,244.501740,20.687033,244.501757,20.687173,138
5,4081,530.660461,20.359735,530.660423,20.359876,138
5,4082,244.719772,211.318298,244.719781,211.318428,138
5,4083,552.847046,172.839600,552.847056,172.839724,138
5,4084,222.533157,58.838474,222.533178,58.838609,138
5,4085,552.716248,58.460838,552.716206,58.460977,138
5,4086,222.663956,173.217224,222.663969,173.217357,138
5,4087,519.894165,230.066742,519.894172,230.066864,138
5,4088,255.486053,1.611299,255.486062,1.611441,138
5,4089,519.632568,1.309198,519.632531,1.309340,138
5,4090,255.747696,230.368866,255.747702,230.368978,138
5,4091,420.904633,287.369415,420.904641,287.369536,138
5,4092,354.868011,287.444946,354.868024,287.445068,138
5,4093,475.913361,268.243347,475.913338,268.243468,138
5,4094,299.510468,1.560963,299.510483,1.561105,138
5,4095,475.608093,1.359534,475.608081,1.359676,138
5,4096,299.815735,268.444763,299.815740,268.444868,138
5,4097,563.787720,115.637604,563.787714,115.637737,138
5,4098,211.592468,116.040421,211.592490,116.040552,138
5,4099,563.831360,153.763885,563.831331,153.764006,138
5,4100,211.548859,77.914177,211.548873,77.914313,138
5,4101,563.744202,77.511353,563.744156,77.511484,138
5,4102,211.636093,154.166687,211.636106,154.166821,138
5,4103,508.909851,249.142471,508.909838,249.142596,138
5,4104,266.775604,249.419403,266.775623,249.419529,138
5,4105,442.916840,287.344238,442.916837,287.344368,138
5,4106,332.855804,287.470123,332.855799,287.470236,138
5,4107,574.815674,134.688156,574.815664,134.688288,138
5,4108,200.564545,96.989899,200.564569,96.990031,138
5,4109,574.772095,96.561905,574.772048,96.562034,138
5,4110,200.608170,135.116150,200.608185,135.116285,138
5,4111,497.925568,268.218170,497.925563,268.218300,138
5,4112,277.498291,1.586131,277.498287,1.586273,138
5,4113,497.620331,1.334366,497.620306,1.334508,138
5,4114,277.803528,268.469940,277.803544,268.470065,138
5,4115,464.929077,287.319061,464.929062,287.319171,138
5,4116,310.843628,287.495300,310.843632,287.495404,138
5,4117,387.908112,306.470337,387.908112,306.470436,138
5,4118,387.559296,1.460234,387.559296,1.460376,138
5,4119,387.559296,1.460234,387.559296,1.460376,138
5,4120,387.908112,306.470337,387.908112,306.470436,138
5,4121,552.890686,210.965836,552.890672,210.965963,138
5,4122,222.489548,20.712200,222.489561,20.712341,138
5,4123,552.672668,20.334568,552.672648,20.334708,138
5,4124,222.707565,211.343491,222.707585,211.343610,138
5,4125,563.874939,191.890137,563.874947,191.890260,138
5,4126,211.505264,39.787907,211.505286,39.788045,138
5,4127,563.700562,39.385078,563.700540,39.385215,138
5,4128,211.679672,192.292953,211.679694,192.293075,138
5,4129,541.906372,230.041580,541.906339,230.041696,138
5,4130,233.473846,1.636467,233.473865,1.636608,138
5,4131,541.644775,1.284002,541.644756,1.284144,138
5,4132,233.735489,230.394043,233.735506,230.394161,138
5,4133,409.920349,306.445129,409.920337,306.445239,138
5,4134,365.547089,1.485431,365.547100,1.485573,138
5,4135,409.571503,1.435066,409.571492,1.435208,138
5,4136,365.895935,306.495483,365.895945,306.495604,138
5,4137,200.520966,58.863640,200.520981,58.863777,138
5,4138,200.651749,173.242416,200.651773,173.242539,138
5,4139,244.763382,249.444580,244.763398,249.444697,138
5,4140,343.534882,1.510599,343.534875,1.510741,138
5,4141,431.583679,1.409899,431.583688,1.410040,138
5,4142,343.883728,306.520660,343.883720,306.520772,138
5,4143,288.831390,287.520477,288.831407,287.520600,138
5,4144,189.580276,116.065605,189.580293,116.065735,138
5,4145,189.536652,77.939346,189.536677,77.939481,138
5,4146,189.623886,154.191879,189.623910,154.192003,138
5,4147,255.486053,1.611299,255.486062,1.611441,138
5,4148,519.632568,1.309198,519.632531,1.309340,138
5,4149,321.522675,1.535767,321.522679,1.535908,138
5,4150,453.595917,1.384731,453.595914,1.384873,138
5,4151,299.510468,1.560963,299.510483,1.561105,138
5,4152,475.608093,1.359534,475.608081,1.359676,138
5,4153,233.473846,1.636467,233.473865,1.636608,138
5,4154,434.818512,196.613388,434.818520,196.613561,141
5,4155,445.618591,215.270309,445.618590,215.270488,141
5,4156,424.018463,177.956436,424.018479,177.956619,141
5,4157,445.575897,177.931778,445.575903,177.931957,141
5,4158,424.061188,215.294952,424.061194,215.295136,141
5,4159,456.375946,196.588715,456.375944,196.588899,141
5,4160,413.261139,196.638031,413.261152,196.638209,141
5,4161,434.861237,233.951889,434.861235,233.952063,141
5,4162,434.775818,159.274857,434.775805,159.275044,141
5,4163,434.775818,159.274857,434.775805,159.275044,141
5,4164,434.861237,233.951889,434.861235,233.952063,141
5,4165,467.175995,215.245651,467.175986,215.245826,141
5,4166,402.461090,177.981094,402.461083,177.981281,141
5,4167,467.133301,177.907120,467.133299,177.907309,141
5,4168,402.503754,215.319611,402.503770,215.319784,141
5,4169,456.418671,233.927246,456.418660,233.927416,141
5,4170,413.218445,159.299500,413.218437,159.299692,141
5,4171,456.333221,159.250198,456.333229,159.250382,141
5,4172,413.303833,233.976562,413.303839,233.976739,141
5,4173,477.933350,196.564072,477.933340,196.564251,141
5,4174,391.703705,196.662689,391.703728,196.662871,141
5,4175,445.661285,252.608826,445.661277,252.608991,141
5,4176,423.975769,140.617905,423.975763,140.618102,141
5,4177,445.533203,140.593246,445.533188,140.593441,141
5,4178,424.103882,252.633469,424.103881,252.633638,141
5,4179,488.733429,215.220993,488.733410,215.221164,141
5,4180,380.903687,178.005737,380.903687,178.005929,141
5,4181,488.690704,177.882462,488.690695,177.882647,141
5,4182,380.946381,215.344269,380.946402,215.344446,141
5,4183,477.976044,233.902603,477.976027,233.902768,141
5,4184,391.661011,159.324173,391.661013,159.324354,141
5,4185,477.890625,159.225540,477.890625,159.225734,141
5,4186,391.746429,234.001221,391.746443,234.001387,141
5,4187,467.218719,252.584167,467.218701,252.584343,141
5,4188,402.418396,140.642578,402.418396,140.642764,141
5,4189,467.090607,140.568604,467.090612,140.568793,141
5,4190,402.546478,252.658142,402.546485,252.658315,141
5,4191,499.490753,196.539413,499.490736,196.539589,141
5,4192,370.146332,196.687332,370.146332,196.687518,141
5,4193,434.903961,271.290436,434.903951,271.290594,141
5,4194,434.733124,121.936317,434.733118,121.936513,141
5,4195,434.733124,121.936317,434.733118,121.936513,141
5,4196,434.903961,271.290436,434.903951,271.290594,141
5,4197,499.533478,233.877930,499.533452,233.878106,141
5,4198,370.103638,159.348816,370.103645,159.349002,141
5,4199,499.448059,159.200882,499.448050,159.201072,141
5,4200,370.189026,234.025864,370.189047,234.026035,141
5,4201,510.290802,215.196335,510.290778,215.196516,141
5,4202,359.346252,178.030411,359.346262,178.030591,141
5,4203,510.248138,177.857819,510.248119,177.858000,141
5,4204,359.388947,215.368927,359.388978,215.369108,141
5,4205,488.776123,252.559525,488.776097,252.559695,141
5,4206,380.860962,140.667221,380.860971,140.667412,141
5,4207,488.647980,140.543945,488.647980,140.544131,141
5,4208,380.989075,252.682800,380.989089,252.682962,141
5,4209,456.461365,271.265747,456.461347,271.265918,141
5,4210,413.175720,121.960968,413.175722,121.961161,141
5,4211,456.290527,121.911652,456.290514,121.911851,141
5,4212,413.346527,271.315063,413.346526,271.315242,141
5,4213,478.018738,271.241119,478.018743,271.241270,141
5,4214,391.618286,121.985626,391.618298,121.985823,141
5,4215,477.847961,121.887009,477.847938,121.887203,141
5,4216,391.789124,271.339722,391.789130,271.339890,141
5,4217,521.048157,196.514740,521.048161,196.514927,141
5,4218,348.588898,196.712006,348.588908,196.712180,141
5,4219,445.703979,289.947357,445.703992,289.947522,141
5,4220,423.933044,103.279388,423.933048,103.279586,141
5,4221,445.490479,103.254723,445.490472,103.254924,141
5,4222,424.146606,289.972015,424.146596,289.972169,141
5,4223,521.090881,233.853271,521.090876,233.853444,141
5,4224,348.546204,159.373474,348.546221,159.373664,141
5,4225,521.005493,159.176224,521.005446,159.176410,141
5,4226,348.631592,234.050522,348.631623,234.050697,141
5,4227,510.333496,252.534882,510.333493,252.535047,141
5,4228,359.303558,140.691879,359.303575,140.692074,141
5,4229,510.205414,140.519287,510.205404,140.519483,141
5,4230,359.431671,252.707443,359.431693,252.707610,141
5,4231,531.848206,215.171677,531.848202,215.171854,141
5,4232,337.788818,178.055054,337.788838,178.055239,141
5,4233,531.805481,177.833160,531.805487,177.833338,141
5,4234,337.831543,215.393585,337.831553,215.393755,141
5,4235,499.576172,271.216461,499.576167,271.216623,141
5,4236,370.060913,122.010277,370.060930,122.010471,141
5,4237,499.405334,121.862343,499.405334,121.862541,141
5,4238,370.231750,271.364380,370.231763,271.364538,141
5,4239,467.261414,289.922699,467.261416,289.922845,141
5,4240,402.375671,103.304047,402.375680,103.304248,141
5,4241,467.047913,103.230072,467.047897,103.230276,141
5,4242,402.589203,289.996643,402.589200,289.996817,141
5,4243,488.818817,289.898041,488.818812,289.898198,141
5,4244,380.818237,103.328697,380.818256,103.328896,141
5,4245,488.605286,103.205414,488.605264,103.205614,141
5,4246,381.031799,290.021301,381.031804,290.021465,141
5,4247,542.605591,196.490097,542.605585,196.490279,141
5,4248,327.031494,196.736649,327.031512,196.736828,141
5,4249,434.946625,308.628937,434.946638,308.629097,141
5,4250,434.690430,84.597794,434.690431,84.597996,141
5,4251,434.690430,84.597794,434.690431,84.597996,141
5,4252,434.946625,308.628937,434.946638,308.629097,141
5,4253,531.890930,252.510208,531.890918,252.510371,141
5,4254,337.746124,140.716522,337.746151,140.716722,141
5,4255,531.762817,140.494629,531.762772,140.494821,141
5,4256,337.874237,252.732117,337.874268,252.732286,141
5,4257,542.648254,233.828629,542.648244,233.828796,141
5,4258,326.988800,159.398117,326.988825,159.398311,141
5,4259,542.562866,159.151581,542.562870,159.151763,141
5,4260,327.074219,234.075180,327.074227,234.075359,141
5,4261,521.133545,271.191803,521.133535,271.191975,141
5,4262,348.503479,122.034935,348.503506,122.035133,141
5,4263,520.962769,121.837685,520.962730,121.837879,141
5,4264,348.674316,271.389038,348.674338,271.389214,141
5,4265,456.504028,308.604309,456.504034,308.604449,141
5,4266,413.132996,84.622437,413.133007,84.622644,141
5,4267,456.247833,84.573143,456.247827,84.573349,141
5,4268,413.389252,308.653595,413.389242,308.653745,141
5,4269,553.405640,215.147018,553.405627,215.147192,141
5,4270,316.231445,178.079712,316.231470,178.079901,141
5,4271,553.362915,177.808502,553.362911,177.808690,141
5,4272,316.274170,215.418228,316.274186,215.418403,141
5,4273,510.376221,289.873383,510.376208,289.873550,141
5,4274,359.260834,103.353355,359.260860,103.353557,141
5,4275,510.162720,103.180763,510.162689,103.180966,141
5,4276,359.474365,290.045990,359.474380,290.046141,141
5,4277,478.061462,308.579651,478.061458,308.579801,141
5,4278,391.575592,84.647087,391.575611,84.647292,141
5,4279,477.805237,84.548470,477.805223,84.548672,141
5,4280,391.831818,308.678253,391.831817,308.678421,141
5,4281,499.618896,308.554962,499.618882,308.555125,141
5,4282,370.018188,84.671761,370.018215,84.671968,141
5,4283,499.362671,84.523819,499.362647,84.524025,141
5,4284,370.274445,308.702911,370.274450,308.703068,141
5,4285,564.162964,196.465439,564.162953,196.465617,141
5,4286,305.474091,196.761307,305.474116,196.761490,141
5,4287,445.746704,327.285858,445.746707,327.286024,141
5,4288,423.890350,65.940857,423.890361,65.941069,141
5,4289,445.447754,65.916214,445.447757,65.916421,141
5,4290,424.189270,327.310516,424.189283,327.310672,141
5,4291,553.448364,252.485550,553.448342,252.485723,141
5,4292,316.188751,140.741196,316.188783,140.741384,141
5,4293,553.320251,140.469986,553.320196,140.470173,141
5,4294,316.316864,252.756760,316.316901,252.756934,141
5,4295,542.690979,271.167145,542.690959,271.167299,141
5,4296,326.946075,122.059586,326.946110,122.059780,141
5,4297,542.520203,121.813034,542.520155,121.813232,141
5,4298,327.116913,271.413696,327.116942,271.413862,141
5,4299,564.205688,233.803970,564.205668,233.804148,141
5,4300,564.120239,159.126907,564.120238,159.127101,141
5,4301,305.516815,234.099838,305.516831,234.100007,141
5,4302,531.933655,289.848755,531.933633,289.848902,141
5,4303,531.720154,103.156105,531.720113,103.156304,141
5,4304,337.916931,290.070618,337.916955,290.070789,141
5,4305,467.304138,327.261230,467.304132,327.261376,141
5,4306,467.005188,65.891563,467.005182,65.891773,141
5,4307,402.631897,327.335205,402.631915,327.335348,141
5,4308,574.963013,215.122375,574.962994,215.122545,141
5,4309,574.920349,177.783844,574.920336,177.784028,141
5,4310,521.176270,308.530334,521.176250,308.530477,141
5,4311,488.861511,327.236572,488.861499,327.236729,141
5,4312,381.074493,327.359833,381.074491,327.359996,141
5,4313,411.506226,236.318970,411.506225,236.319100,15
5,4314,422.534119,255.369476,422.534117,255.369607,15
5,4315,400.478302,217.268402,400.478304,217.268536,15
5,4316,422.490540,217.243240,422.490529,217.243368,15
5,4317,400.521912,255.394669,400.521921,255.394804,15
5,4318,433.518433,236.293777,433.518421,236.293904,15
5,4319,389.494019,236.344131,389.494029,236.344268,15
5,4320,411.549805,274.445221,411.549812,274.445340,15
5,4321,411.462646,198.192703,411.462638,198.192832,15
5,4322,411.462646,198.192703,411.462638,198.192832,15
5,4323,411.549805,274.445221,411.549812,274.445340,15
5,4324,444.546326,255.344315,444.546313,255.344439,15
5,4325,378.466125,217.293579,378.466137,217.293718,15
5,4326,444.502716,217.218063,444.502725,217.218200,15
5,4327,378.509735,255.419846,378.509725,255.419972,15
5,4328,433.562042,274.420044,433.562037,274.420172,15
5,4329,389.450409,198.217880,389.450413,198.218014,15
5,4330,433.474792,198.167526,433.474805,198.167664,15
5,4331,389.537628,274.470367,389.537616,274.470507,15
5,4332,455.530640,236.268600,455.530646,236.268736,15
5,4333,367.481842,236.369308,367.481833,236.369436,15
5,4334,422.577728,293.495758,422.577733,293.495875,15
5,4335,400.434723,179.142166,400.434717,179.142296,15
5,4336,422.446899,179.116974,422.446913,179.117114,15
5,4337,400.565521,293.520905,400.565537,293.521043,15
5,4338,466.558533,255.319138,466.558538,255.319272,15
5,4339,356.453918,217.318771,356.453912,217.318900,15
5,4340,466.514923,217.192886,466.514921,217.193018,15
5,4341,356.497528,255.445007,356.497529,255.445139,15
5,4342,455.574249,274.394836,455.574233,274.394975,15
5,4343,367.438202,198.243042,367.438216,198.243182,15
5,4344,455.487030,198.142349,455.487030,198.142482,15
5,4345,367.525452,274.495544,367.525449,274.495675,15
5,4346,444.589935,293.470581,444.589929,293.470708,15
5,4347,378.422516,179.167328,378.422521,179.167464,15
5,4348,444.459137,179.091797,444.459138,179.091932,15
5,4349,378.553345,293.546082,378.553341,293.546211,15
5,4350,477.542816,236.243439,477.542813,236.243568,15
5,4351,345.469604,236.394485,345.469608,236.394618,15
5,4352,411.593414,312.571442,411.593429,312.571579,15
5,4353,411.419006,160.066437,411.419021,160.066578,15
5,4354,411.419006,160.066437,411.419021,160.066578,15
5,4355,411.593414,312.571442,411.593429,312.571579,15
5,4356,477.586426,274.369690,477.586430,274.369807,15
5,4357,345.425995,198.268234,345.425991,198.268364,15
5,4358,477.499237,198.117188,477.499226,198.117314,15
5,4359,345.513214,274.520752,345.513224,274.520872,15
5,4360,488.570740,255.293976,488.570734,255.294104,15
5,4361,334.441681,217.343933,334.441687,217.344068,15
5,4362,488.527161,217.167709,488.527146,217.167836,15
5,4363,334.485291,255.470215,334.485304,255.470336,15
5,4364,466.602173,293.445374,466.602154,293.445511,15
5,4365,356.410278,179.192505,356.410296,179.192646,15
5,4366,466.471344,179.066635,466.471334,179.066764,15
5,4367,356.541107,293.571289,356.541116,293.571408,15
5,4368,433.605621,312.546295,433.605625,312.546411,15
5,4369,389.406799,160.091629,389.406796,160.091761,15
5,4370,433.431183,160.041275,433.431188,160.041411,15
5,4371,389.581207,312.596649,389.581204,312.596776,15
5,4372,455.617828,312.521118,455.617821,312.521243,15
5,4373,367.394623,160.116791,367.394629,160.116928,15
5,4374,455.443420,160.016098,455.443413,160.016228,15
5,4375,367.569031,312.621826,367.569037,312.621943,15
5,4376,499.555054,236.218262,499.555038,236.218386,15
5,4377,323.457397,236.419678,323.457412,236.419800,15
5,4378,422.621307,331.622009,422.621321,331.622115,15
5,4379,400.391113,141.015900,400.391129,141.016043,15
5,4380,422.403290,140.990723,422.403296,140.990860,15
5,4381,400.609161,331.647186,400.609154,331.647311,15
5,4382,499.598663,274.344513,499.598655,274.344640,15
5,4383,323.413788,198.293396,323.413795,198.293532,15
5,4384,499.511444,198.091995,499.511422,198.092132,15
5,4385,323.501007,274.545898,323.501028,274.546040,15
5,4386,488.614349,293.420227,488.614350,293.420343,15
5,4387,334.398071,179.217682,334.398071,179.217814,15
5,4388,488.483551,179.041443,488.483530,179.041582,15
5,4389,334.528870,293.596466,334.528891,293.596575,15
5,4390,510.582947,255.268814,510.582930,255.268936,15
5,4391,312.429504,217.369110,312.429520,217.369236,15
5,4392,510.539337,217.142532,510.539313,217.142668,15
5,4393,312.473114,255.495377,312.473137,255.495504,15
5,4394,477.630066,312.495941,477.630046,312.496076,15
5,4395,345.382385,160.141968,345.382404,160.142111,15
5,4396,477.455627,159.990921,477.455609,159.991061,15
5,4397,345.556793,312.647003,345.556812,312.647111,15
5,4398,444.633545,331.596832,444.633546,331.596947,15
5,4399,378.378906,141.041077,378.378904,141.041210,15
5,4400,444.415527,140.965546,444.415521,140.965678,15
5,4401,378.596924,331.672363,378.596929,331.672479,15
5,4402,466.645782,331.571655,466.645771,331.571779,15
5,4403,356.366699,141.066254,356.366708,141.066393,15
5,4404,466.427765,140.940369,466.427746,140.940510,15
5,4405,356.584717,331.697540,356.584733,331.697647,15
5,4406,521.567261,236.193069,521.567263,236.193203,15
5,4407,301.445190,236.444839,301.445216,236.444968,15
5,4408,411.637054,350.697723,411.637045,350.697847,15
5,4409,411.375397,121.940170,411.375405,121.940310,15
5,4410,411.375397,121.940170,411.375405,121.940310,15
5,4411,411.637054,350.697723,411.637045,350.697847,15
5,4412,510.626556,293.395050,510.626546,293.395175,15
5,4413,312.385895,179.242859,312.385904,179.242996,15
5,4414,510.495758,179.016281,510.495755,179.016414,15
5,4415,312.516724,293.621613,312.516724,293.621743,15
5,4416,521.610840,274.319336,521.610822,274.319472,15
5,4417,301.401581,198.318588,301.401599,198.318714,15
5,4418,521.523682,198.066818,521.523647,198.066950,15
5,4419,301.488831,274.571075,301.488832,274.571207,15
5,4420,499.642273,312.470764,499.642271,312.470879,15
5,4421,323.370209,160.167145,323.370208,160.167278,15
5,4422,499.467834,159.965744,499.467834,159.965878,15
5,4423,323.544617,312.672150,323.544616,312.672279,15
5,4424,433.649231,350.672546,433.649241,350.672679,15
5,4425,389.363190,121.965355,389.363180,121.965492,15
5,4426,433.387604,121.915001,433.387601,121.915142,15
5,4427,389.624817,350.722900,389.624820,350.723015,15
5,4428,532.595154,255.243607,532.595155,255.243739,15
5,4429,290.417297,217.394302,290.417295,217.394432,15
5,4430,532.551575,217.117355,532.551538,217.117485,15
5,4431,290.460907,255.520538,290.460912,255.520672,15
5,4432,488.657959,331.546478,488.657938,331.546611,15
5,4433,334.354462,141.091415,334.354483,141.091560,15
5,4434,488.439911,140.915192,488.439913,140.915328,15
5,4435,334.572510,331.722717,334.572508,331.722844,15
5,4436,455.661438,350.647369,455.661437,350.647483,15
5,4437,367.351013,121.990517,367.351013,121.990660,15
5,4438,455.399811,121.889816,455.399797,121.889960,15
5,4439,367.612640,350.748077,367.612653,350.748183,15
5,4440,477.673676,350.622192,477.673662,350.622315,15
5,4441,345.338776,122.015701,345.338788,122.015842,15
5,4442,477.412018,121.864655,477.412022,121.864792,15
5,4443,345.600433,350.773254,345.600428,350.773379,15
5,4444,543.579468,236.167908,543.579430,236.168036,15
5,4445,279.433014,236.470001,279.433020,236.470136,15
5,4446,422.664948,369.748260,422.664937,369.748383,15
5,4447,400.347504,102.889648,400.347513,102.889789,15
5,4448,422.359680,102.864464,422.359680,102.864607,15
5,4449,400.652740,369.773438,400.652741,369.773551,15
5,4450,532.638794,293.369873,532.638771,293.370007,15
5,4451,290.373657,179.268036,290.373679,179.268164,15
5,4452,532.507935,178.991089,532.507922,178.991232,15
5,4453,290.504486,293.646820,290.504499,293.646940,15
5,4454,521.654419,312.445587,521.654438,312.445711,15
5,4455,301.358002,160.192322,301.358012,160.192461,15
5,4456,521.480042,159.940552,521.480030,159.940696,15
5,4457,301.532410,312.697357,301.532420,312.697476,15
5,4458,543.623047,274.294159,543.623047,274.294275,15
5,4459,279.389404,198.343765,279.389403,198.343897,15
5,4460,543.535889,198.041641,543.535872,198.041782,15
5,4461,279.476624,274.596283,279.476636,274.596404,15
5,4462,510.670166,331.521301,510.670163,331.521415,15
5,4463,312.342316,141.116608,312.342316,141.116743,15
5,4464,510.452148,140.890015,510.452138,140.890160,15
5,4465,312.560333,331.747894,312.560340,331.748011,15
5,4466,444.677155,369.723083,444.677162,369.723215,15
5,4467,378.335297,102.914810,378.335288,102.914957,15
5,4468,444.371918,102.839279,444.371905,102.839424,15
5,4469,378.640533,369.798645,378.640545,369.798747,15
5,4470,554.607422,255.218445,554.607380,255.218571,15
5,4471,268.405090,217.419464,268.405099,217.419600,15
5,4472,554.563782,217.092178,554.563763,217.092303,15
5,4473,268.448700,255.545746,268.448715,255.545868,15
5,4474,499.685852,350.597015,499.685858,350.597147,15
5,4475,323.326569,122.040871,323.326592,122.041010,15
5,4476,499.424225,121.839470,499.424218,121.839610,15
5,4477,323.588226,350.798431,323.588232,350.798547,15
5,4478,466.689362,369.697906,466.689358,369.698018,15
5,4479,356.323090,102.939995,356.323092,102.940139,15
5,4480,466.384125,102.814117,466.384130,102.814257,15
5,4481,356.628357,369.823792,356.628349,369.823915,15
5,4482,411.680664,388.823975,411.680662,388.824086,15
5,4483,411.331787,83.813911,411.331788,83.814056,15
5,4484,411.331787,83.813911,411.331788,83.814056,15
5,4485,411.680664,388.823975,411.680662,388.824086,15
5,4486,543.666687,312.420410,543.666663,312.420543,15
5,4487,279.345795,160.217499,279.345816,160.217643,15
5,4488,543.492249,159.915390,543.492255,159.915528,15
5,4489,279.520203,312.722534,279.520224,312.722643,15
5,4490,554.650940,293.344696,554.650938,293.344811,15
5,4491,268.361481,179.293213,268.361483,179.293347,15
5,4492,554.520142,178.965927,554.520147,178.966064,15
5,4493,268.492279,293.671997,268.492303,293.672108,15
5,4494,532.682373,331.496124,532.682388,331.496247,15
5,4495,290.330078,141.141769,290.330091,141.141911,15
5,4496,532.464294,140.864838,532.464306,140.864978,15
5,4497,290.548096,331.773071,290.548115,331.773179,15
5,4498,488.701569,369.672729,488.701554,369.672851,15
5,4499,334.310852,102.965164,334.310867,102.965307,15
5,4500,488.396301,102.788933,488.396297,102.789074,15
5,4501,334.616119,369.848969,334.616124,369.849083,15
5,4502,433.692841,388.798798,433.692829,388.798919,15
5,4503,389.319580,83.839081,389.319592,83.839224,15
5,4504,433.344025,83.788742,433.344013,83.788889,15
5,4505,389.668427,388.849182,389.668437,388.849283,15
5,4506,565.591675,236.142731,565.591655,236.142868,15
5,4507,257.420776,236.495193,257.420795,236.495318,15
5,4508,565.635315,274.268982,565.635272,274.269107,15
5,4509,257.377167,198.368927,257.377178,198.369065,15
5,4510,565.548035,198.016464,565.548039,198.016600,15
5,4511,257.464386,274.621460,257.464411,274.621572,15
5,4512,521.698059,350.571838,521.698054,350.571950,15
5,4513,301.314392,122.066055,301.314395,122.066193,15
5,4514,521.436401,121.814285,521.436414,121.814428,15
5,4515,301.576019,350.823608,301.576036,350.823715,15
5,4516,455.705048,388.773621,455.705054,388.773751,15
5,4517,367.307404,83.864273,367.307396,83.864421,15
5,4518,455.356201,83.763580,455.356209,83.763721,15
5,4519,367.656250,388.874329,367.656241,388.874451,15
5,4520,576.619568,255.193283,576.619547,255.193404,15
5,4521,246.392853,217.444641,246.392874,217.444768,15
5,4522,576.575928,217.067001,576.575930,217.067135,15
5,4523,246.436478,255.570908,246.436490,255.571036,15
5,4524,510.713776,369.647552,510.713779,369.647683,15
5,4525,312.298676,102.990349,312.298700,102.990489,15
5,4526,510.408539,102.763763,510.408522,102.763907,15
5,4527,312.603943,369.874146,312.603957,369.874251,15
5,4528,477.717255,388.748444,477.717250,388.748554,15
5,4529,345.295166,83.889442,345.295171,83.889589,15
5,4530,477.368408,83.738380,477.368405,83.738524,15
5,4531,345.644012,388.899506,345.644016,388.899619,15
5,4532,422.708557,407.874512,422.708554,407.874622,15
5,4533,400.303894,64.763405,400.303896,64.763550,15
5,4534,422.316101,64.738205,422.316092,64.738353,15
5,4535,400.696350,407.899719,400.696357,407.899819,15
5,4536,565.678894,312.395233,565.678888,312.395346,15
5,4537,257.333588,160.242676,257.333591,160.242811,15
5,4538,565.504456,159.890213,565.504422,159.890346,15
5,4539,257.507996,312.747681,257.507999,312.747811,15
5,4540,554.694580,331.470947,554.694555,331.471079,15
5,4541,268.317871,141.166946,268.317895,141.167093,15
5,4542,554.476562,140.839676,554.476531,140.839810,15
5,4543,268.535919,331.798218,268.535919,331.798347,15
5,4544,576.663208,293.319519,576.663163,293.319643,15
5,4545,246.349243,179.318375,246.349258,179.318514,15
5,4546,576.532410,178.940750,576.532372,178.940882,15
5,4547,246.480057,293.697144,246.480078,293.697276,15
5,4548,543.710266,350.546661,543.710279,350.546782,15
5,4549,279.302185,122.091232,279.302199,122.091375,15
5,4550,543.448669,121.789116,543.448639,121.789260,15
5,4551,279.563843,350.848785,279.563840,350.848912,15
5,4552,444.720795,407.849335,444.720779,407.849454,15
5,4553,378.291687,64.788574,378.291700,64.788717,15
5,4554,444.328278,64.713036,444.328289,64.713185,15
5,4555,378.684143,407.924866,378.684161,407.924987,15
5,4556,499.729492,388.723267,499.729475,388.723386,15
5,4557,323.282959,83.914612,323.282975,83.914756,15
5,4558,499.380646,83.713211,499.380630,83.713356,15
5,4559,323.631805,388.924713,323.631820,388.924815,15
5,4560,587.603882,236.117554,587.603880,236.117686,15
5,4561,235.408585,236.520370,235.408599,236.520501,15
5,4562,587.647461,274.243805,587.647439,274.243939,15
5,4563,235.364960,198.394119,235.364982,198.394247,15
5,4564,587.560303,197.991302,587.560264,197.991432,15
5,4565,235.452194,274.646606,235.452215,274.646740,15
5,4566,532.725952,369.622406,532.725946,369.622515,15
5,4567,290.286469,103.015511,290.286475,103.015657,15
5,4568,532.420776,102.738579,532.420747,102.738724,15
5,4569,290.591705,369.899323,290.591732,369.899447,15
5,4570,466.732971,407.824188,466.732975,407.824287,15
5,4571,356.279510,64.813736,356.279504,64.813885,15
5,4572,466.340515,64.687874,466.340514,64.688017,15
5,4573,356.671936,407.950043,356.671936,407.950154,15
5,4574,598.631775,255.168076,598.631772,255.168207,15
5,4575,224.380661,217.469818,224.380678,217.469950,15
5,4576,598.588196,217.041840,598.588155,217.041968,15
5,4577,224.424271,255.596069,224.424294,255.596204,15
5,4578,521.741699,388.698090,521.741671,388.698218,15
5,4579,301.270782,83.939812,301.270779,83.939953,15
5,4580,521.392822,83.688042,521.392797,83.688189,15
5,4581,301.619598,388.949860,301.619624,388.949983,15
5,4582,488.745178,407.799011,488.745171,407.799119,15
5,4583,334.267273,64.838936,334.267279,64.839082,15
5,4584,488.352722,64.662704,488.352710,64.662850,15
5,4585,334.659698,407.975250,334.659711,407.975351,15
5,4586,411.724243,426.950256,411.724249,426.950355,15
5,4587,411.288208,45.687637,411.288201,45.687788,15
5,4588,411.288208,45.687637,411.288201,45.687788,15
5,4589,411.724243,426.950256,411.724249,426.950355,15
5,4590,576.706787,331.445801,576.706780,331.445911,15
5,4591,246.305649,141.192123,246.305670,141.192261,15
5,4592,576.488770,140.814484,576.488756,140.814628,15
5,4593,246.523682,331.823425,246.523694,331.823544,15
5,4594,587.691101,312.370056,587.691055,312.370179,15
5,4595,235.321381,160.267853,235.321395,160.267993,15
5,4596,587.516663,159.865036,587.516647,159.865178,15
5,4597,235.495789,312.772888,235.495803,312.773008,15
5,4598,565.722473,350.521484,565.722447,350.521615,15
5,4599,257.289948,122.116402,257.289974,122.116543,15
5,4600,565.460815,121.763939,565.460806,121.764078,15
5,4601,257.551605,350.873962,257.551615,350.874080,15
5,4602,433.736450,426.925049,433.736445,426.925158,15
5,4603,389.276001,45.712807,389.276005,45.712956,15
5,4604,433.300385,45.662472,433.300397,45.662620,15
5,4605,389.712036,426.975403,389.712053,426.975522,15
5,4606,598.675415,293.294342,598.675388,293.294475,15
5,4607,598.544556,178.915573,598.544539,178.915714,15
5,4608,554.738159,369.597198,554.738171,369.597318,15
5,4609,554.432922,102.713417,554.432914,102.713556,15
5,4610,455.748688,426.899872,455.748670,426.899990,15
5,4611,367.263794,45.738007,367.263809,45.738153,15
5,4612,455.312622,45.637306,455.312622,45.637453,15
5,4613,510.364929,64.637505,510.364906,64.637653,15
5,4614,609.616089,236.092377,609.616047,236.092503,15
5,4615,411.506226,236.318970,411.506225,236.319100,14
5,4616,422.534119,255.369476,422.534117,255.369607,14
5,4617,400.478302,217.268402,400.478304,217.268536,14
5,4618,422.490540,217.243240,422.490529,217.243368,14
5,4619,400.521912,255.394669,400.521921,255.394804,14
5,4620,433.518433,236.293777,433.518421,236.293904,14
5,4621,389.494019,236.344131,389.494029,236.344268,14
5,4622,411.549805,274.445221,411.549812,274.445340,14
5,4623,411.462646,198.192703,411.462638,198.192832,14
5,4624,411.462646,198.192703,411.462638,198.192832,14
5,4625,411.549805,274.445221,411.549812,274.445340,14
5,4626,444.546326,255.344315,444.546313,255.344439,14
5,4627,378.466125,217.293579,378.466137,217.293718,14
5,4628,444.502716,217.218063,444.502725,217.218200,14
5,4629,378.509735,255.419846,378.509725,255.419972,14
5,4630,433.562042,274.420044,433.562037,274.420172,14
5,4631,389.450409,198.217880,389.450413,198.218014,14
5,4632,433.474792,198.167526,433.474805,198.167664,14
5,4633,389.537628,274.470367,389.537616,274.470507,14
5,4634,455.530640,236.268600,455.530646,236.268736,14
5,4635,367.481842,236.369308,367.481833,236.369436,14
5,4636,422.577728,293.495758,422.577733,293.495875,14
5,4637,400.434723,179.142166,400.434717,179.142296,14
5,4638,422.446899,179.116974,422.446913,179.117114,14
5,4639,400.565521,293.520905,400.565537,293.521043,14
5,4640,466.558533,255.319138,466.558538,255.319272,14
5,4641,356.453918,217.318771,356.453912,217.318900,14
5,4642,466.514923,217.192886,466.514921,217.193018,14
5,4643,356.497528,255.445007,356.497529,255.445139,14
5,4644,455.574249,274.394836,455.574233,274.394975,14
5,4645,367.438202,198.243042,367.438216,198.243182,14
5,4646,455.487030,198.142349,455.487030,198.142482,14
5,4647,367.525452,274.495544,367.525449,274.495675,14
5,4648,444.589935,293.470581,444.589929,293.470708,14
5,4649,378.422516,179.167328,378.422521,179.167464,14
5,4650,444.459137,179.091797,444.459138,179.091932,14
5,4651,378.553345,293.546082,378.553341,293.546211,14
5,4652,477.542816,236.243439,477.542813,236.243568,14
5,4653,345.469604,236.394485,345.469608,236.394618,14
5,4654,411.593414,312.571442,411.593429,312.571579,14
5,4655,411.419006,160.066437,411.419021,160.066578,14
5,4656,411.419006,160.066437,411.419021,160.066578,14
5,4657,411.593414,312.571442,411.593429,312.571579,14
5,4658,477.586426,274.369690,477.586430,274.369807,14
5,4659,345.425995,198.268234,345.425991,198.268364,14
5,4660,477.499237,198.117188,477.499226,198.117314,14
5,4661,345.513214,274.520752,345.513224,274.520872,14
5,4662,488.570740,255.293976,488.570734,255.294104,14
5,4663,334.441681,217.343933,334.441687,217.344068,14
5,4664,488.527161,217.167709,488.527146,217.167836,14
5,4665,334.485291,255.470215,334.485304,255.470336,14
5,4666,466.602173,293.445374,466.602154,293.445511,14
5,4667,356.410278,179.192505,356.410296,179.192646,14
5,4668,466.471344,179.066635,466.471334,179.066764,14
5,4669,356.541107,293.571289,356.541116,293.571408,14
5,4670,433.605621,312.546295,433.605625,312.546411,14
5,4671,389.406799,160.091629,389.406796,160.091761,14
5,4672,433.431183,160.041275,433.431188,160.041411,14
5,4673,389.581207,312.596649,389.581204,312.596776,14
5,4674,455.617828,312.521118,455.617821,312.521243,14
5,4675,367.394623,160.116791,367.394629,160.116928,14
5,4676,455.443420,160.016098,455.443413,160.016228,14
5,4677,367.569031,312.621826,367.569037,312.621943,14
5,4678,499.555054,236.218262,499.555038,236.218386,14
5,4679,323.457397,236.419678,323.457412,236.419800,14
5,4680,422.621307,331.622009,422.621321,331.622115,14
5,4681,400.391113,141.015900,400.391129,141.016043,14
5,4682,422.403290,140.990723,422.403296,140.990860,14
5,4683,400.609161,331.647186,400.609154,331.647311,14
5,4684,499.598663,274.344513,499.598655,274.344640,14
5,4685,323.413788,198.293396,323.413795,198.293532,14
5,4686,499.511444,198.091995,499.511422,198.092132,14
5,4687,323.501007,274.545898,323.501028,274.546040,14
5,4688,488.614349,293.420227,488.614350,293.420343,14
5,4689,334.398071,179.217682,334.398071,179.217814,14
5,4690,488.483551,179.041443,488.483530,179.041582,14
5,4691,334.528870,293.596466,334.528891,293.596575,14
5,4692,510.582947,255.268814,510.582930,255.268936,14
5,4693,312.429504,217.369110,312.429520,217.369236,14
5,4694,510.539337,217.142532,510.539313,217.142668,14
5,4695,312.473114,255.495377,312.473137,255.495504,14
5,4696,477.630066,312.495941,477.630046,312.496076,14
5,4697,345.382385,160.141968,345.382404,160.142111,14
5,4698,477.455627,159.990921,477.455609,159.991061,14
5,4699,345.556793,312.647003,345.556812,312.647111,14
5,4700,444.633545,331.596832,444.633546,331.596947,14
5,4701,378.378906,141.041077,378.378904,141.041210,14
5,4702,444.415527,140.965546,444.415521,140.965678,14
5,4703,378.596924,331.672363,378.596929,331.672479,14
5,4704,466.645782,331.571655,466.645771,331.571779,14
5,4705,356.366699,141.066254,356.366708,141.066393,14
5,4706,466.427765,140.940369,466.427746,140.940510,14
5,4707,356.584717,331.697540,356.584733,331.697647,14
5,4708,521.567261,236.193069,521.567263,236.193203,14
5,4709,301.445190,236.444839,301.445216,236.444968,14
5,4710,411.637054,350.697723,411.637045,350.697847,14
5,4711,411.375397,121.940170,411.375405,121.940310,14
5,4712,411.375397,121.940170,411.375405,121.940310,14
5,4713,411.637054,350.697723,411.637045,350.697847,14
5,4714,510.626556,293.395050,510.626546,293.395175,14
5,4715,312.385895,179.242859,312.385904,179.242996,14
5,4716,510.495758,179.016281,510.495755,179.016414,14
5,4717,312.516724,293.621613,312.516724,293.621743,14
5,4718,521.610840,274.319336,521.610822,274.319472,14
5,4719,301.401581,198.318588,301.401599,198.318714,14
5,4720,521.523682,198.066818,521.523647,198.066950,14
5,4721,301.488831,274.571075,301.488832,274.571207,14
5,4722,499.642273,312.470764,499.642271,312.470879,14
5,4723,323.370209,160.167145,323.370208,160.167278,14
5,4724,499.467834,159.965744,499.467834,159.965878,14
5,4725,323.544617,312.672150,323.544616,312.672279,14
5,4726,433.649231,350.672546,433.649241,350.672679,14
5,4727,389.363190,121.965355,389.363180,121.965492,14
5,4728,433.387604,121.915001,433.387601,121.915142,14
5,4729,389.624817,350.722900,389.624820,350.723015,14
5,4730,532.595154,255.243607,532.595155,255.243739,14
5,4731,290.417297,217.394302,290.417295,217.394432,14
5,4732,532.551575,217.117355,532.551538,217.117485,14
5,4733,290.460907,255.520538,290.460912,255.520672,14
5,4734,488.657959,331.546478,488.657938,331.546611,14
5,4735,334.354462,141.091415,334.354483,141.091560,14
5,4736,488.439911,140.915192,488.439913,140.915328,14
5,4737,334.572510,331.722717,334.572508,331.722844,14
5,4738,455.661438,350.647369,455.661437,350.647483,14
5,4739,367.351013,121.990517,367.351013,121.990660,14
5,4740,455.399811,121.889816,455.399797,121.889960,14
5,4741,367.612640,350.748077,367.612653,350.748183,14
5,4742,477.673676,350.622192,477.673662,350.622315,14
5,4743,345.338776,122.015701,345.338788,122.015842,14
5,4744,477.412018,121.864655,477.412022,121.864792,14
5,4745,345.600433,350.773254,345.600428,350.773379,14
5,4746,543.579468,236.167908,543.579430,236.168036,14
5,4747,279.433014,236.470001,279.433020,236.470136,14
5,4748,422.664948,369.748260,422.664937,369.748383,14
5,4749,400.347504,102.889648,400.347513,102.889789,14
5,4750,422.359680,102.864464,422.359680,102.864607,14
5,4751,400.652740,369.773438,400.652741,369.773551,14
5,4752,532.638794,293.369873,532.638771,293.370007,14
5,4753,290.373657,179.268036,290.373679,179.268164,14
5,4754,532.507935,178.991089,532.507922,178.991232,14
5,4755,290.504486,293.646820,290.504499,293.646940,14
5,4756,521.654419,312.445587,521.654438,312.445711,14
5,4757,301.358002,160.192322,301.358012,160.192461,14
5,4758,521.480042,159.940552,521.480030,159.940696,14
5,4759,301.532410,312.697357,301.532420,312.697476,14
5,4760,543.623047,274.294159,543.623047,274.294275,14
5,4761,279.389404,198.343765,279.389403,198.343897,14
5,4762,543.535889,198.041641,543.535872,198.041782,14
5,4763,279.476624,274.596283,279.476636,274.596404,14
5,4764,510.670166,331.521301,510.670163,331.521415,14
5,4765,312.342316,141.116608,312.342316,141.116743,14
5,4766,510.452148,140.890015,510.452138,140.890160,14
5,4767,312.560333,331.747894,312.560340,331.748011,14
5,4768,444.677155,369.723083,444.677162,369.723215,14
5,4769,378.335297,102.914810,378.335288,102.914957,14
5,4770,444.371918,102.839279,444.371905,102.839424,14
5,4771,378.640533,369.798645,378.640545,369.798747,14
5,4772,554.607422,255.218445,554.607380,255.218571,14
5,4773,268.405090,217.419464,268.405099,217.419600,14
5,4774,554.563782,217.092178,554.563763,217.092303,14
5,4775,268.448700,255.545746,268.448715,255.545868,14
5,4776,499.685852,350.597015,499.685858,350.597147,14
5,4777,323.326569,122.040871,323.326592,122.041010,14
5,4778,499.424225,121.839470,499.424218,121.839610,14
5,4779,323.588226,350.798431,323.588232,350.798547,14
5,4780,466.689362,369.697906,466.689358,369.698018,14
5,4781,356.323090,102.939995,356.323092,102.940139,14
5,4782,466.384125,102.814117,466.384130,102.814257,14
5,4783,356.628357,369.823792,356.628349,369.823915,14
5,4784,411.680664,388.823975,411.680662,388.824086,14
5,4785,411.331787,83.813911,411.331788,83.814056,14
5,4786,411.331787,83.813911,411.331788,83.814056,14
5,4787,411.680664,388.823975,411.680662,388.824086,14
5,4788,543.666687,312.420410,543.666663,312.420543,14
5,4789,279.345795,160.217499,279.345816,160.217643,14
5,4790,543.492249,159.915390,543.492255,159.915528,14
5,4791,279.520203,312.722534,279.520224,312.722643,14
5,4792,554.650940,293.344696,554.650938,293.344811,14
5,4793,268.361481,179.293213,268.361483,179.293347,14
5,4794,554.520142,178.965927,554.520147,178.966064,14
5,4795,268.492279,293.671997,268.492303,293.672108,14
5,4796,532.682373,331.496124,532.682388,331.496247,14
5,4797,290.330078,141.141769,290.330091,141.141911,14
5,4798,532.464294,140.864838,532.464306,140.864978,14
5,4799,290.548096,331.773071,290.548115,331.773179,14
5,4800,488.701569,369.672729,488.701554,369.672851,14
5,4801,334.310852,102.965164,334.310867,102.965307,14
5,4802,488.396301,102.788933,488.396297,102.789074,14
5,4803,334.616119,369.848969,334.616124,369.849083,14
5,4804,433.692841,388.798798,433.692829,388.798919,14
5,4805,389.319580,83.839081,389.319592,83.839224,14
5,4806,433.344025,83.788742,433.344013,83.788889,14
5,4807,389.668427,388.849182,389.668437,388.849283,14
5,4808,565.591675,236.142731,565.591655,236.142868,14
5,4809,257.420776,236.495193,257.420795,236.495318,14
5,4810,565.635315,274.268982,565.635272,274.269107,14
5,4811,257.377167,198.368927,257.377178,198.369065,14
5,4812,565.548035,198.016464,565.548039,198.016600,14
5,4813,257.464386,274.621460,257.464411,274.621572,14
5,4814,521.698059,350.571838,521.698054,350.571950,14
5,4815,301.314392,122.066055,301.314395,122.066193,14
5,4816,521.436401,121.814285,521.436414,121.814428,14
5,4817,301.576019,350.823608,301.576036,350.823715,14
5,4818,455.705048,388.773621,455.705054,388.773751,14
5,4819,367.307404,83.864273,367.307396,83.864421,14
5,4820,455.356201,83.763580,455.356209,83.763721,14
5,4821,367.656250,388.874329,367.656241,388.874451,14
5,4822,576.619568,255.193283,576.619547,255.193404,14
5,4823,246.392853,217.444641,246.392874,217.444768,14
5,4824,576.575928,217.067001,576.575930,217.067135,14
5,4825,246.436478,255.570908,246.436490,255.571036,14
5,4826,510.713776,369.647552,510.713779,369.647683,14
5,4827,312.298676,102.990349,312.298700,102.990489,14
5,4828,510.408539,102.763763,510.408522,102.763907,14
5,4829,312.603943,369.874146,312.603957,369.874251,14
5,4830,477.717255,388.748444,477.717250,388.748554,14
5,4831,345.295166,83.889442,345.295171,83.889589,14
5,4832,477.368408,83.738380,477.368405,83.738524,14
5,4833,345.644012,388.899506,345.644016,388.899619,14
5,4834,422.708557,407.874512,422.708554,407.874622,14
5,4835,400.303894,64.763405,400.303896,64.763550,14
5,4836,422.316101,64.738205,422.316092,64.738353,14
5,4837,400.696350,407.899719,400.696357,407.899819,14
5,4838,565.678894,312.395233,565.678888,312.395346,14
5,4839,257.333588,160.242676,257.333591,160.242811,14
5,4840,565.504456,159.890213,565.504422,159.890346,14
5,4841,257.507996,312.747681,257.507999,312.747811,14
5,4842,554.694580,331.470947,554.694555,331.471079,14
5,4843,268.317871,141.166946,268.317895,141.167093,14
5,4844,554.476562,140.839676,554.476531,140.839810,14
5,4845,268.535919,331.798218,268.535919,331.798347,14
5,4846,576.663208,293.319519,576.663163,293.319643,14
5,4847,246.349243,179.318375,246.349258,179.318514,14
5,4848,576.532410,178.940750,576.532372,178.940882,14
5,4849,246.480057,293.697144,246.480078,293.697276,14
5,4850,543.710266,350.546661,543.710279,350.546782,14
5,4851,279.302185,122.091232,279.302199,122.091375,14
5,4852,543.448669,121.789116,543.448639,121.789260,14
5,4853,279.563843,350.848785,279.563840,350.848912,14
5,4854,444.720795,407.849335,444.720779,407.849454,14
5,4855,378.291687,64.788574,378.291700,64.788717,14
5,4856,444.328278,64.713036,444.328289,64.713185,14
5,4857,378.684143,407.924866,378.684161,407.924987,14
5,4858,499.729492,388.723267,499.729475,388.723386,14
5,4859,323.282959,83.914612,323.282975,83.914756,14
5,4860,499.380646,83.713211,499.380630,83.713356,14
5,4861,323.631805,388.924713,323.631820,388.924815,14
5,4862,587.603882,236.117554,587.603880,236.117686,14
5,4863,235.408585,236.520370,235.408599,236.520501,14
5,4864,587.647461,274.243805,587.647439,274.243939,14
5,4865,235.364960,198.394119,235.364982,198.394247,14
5,4866,587.560303,197.991302,587.560264,197.991432,14
5,4867,235.452194,274.646606,235.452215,274.646740,14
5,4868,532.725952,369.622406,532.725946,369.622515,14
5,4869,290.286469,103.015511,290.286475,103.015657,14
5,4870,532.420776,102.738579,532.420747,102.738724,14
5,4871,290.591705,369.899323,290.591732,369.899447,14
5,4872,466.732971,407.824188,466.732975,407.824287,14
5,4873,356.279510,64.813736,356.279504,64.813885,14
5,4874,466.340515,64.687874,466.340514,64.688017,14
5,4875,356.671936,407.950043,356.671936,407.950154,14
5,4876,598.631775,255.168076,598.631772,255.168207,14
5,4877,224.380661,217.469818,224.380678,217.469950,14
5,4878,598.588196,217.041840,598.588155,217.041968,14
5,4879,224.424271,255.596069,224.424294,255.596204,14
5,4880,521.741699,388.698090,521.741671,388.698218,14
5,4881,301.270782,83.939812,301.270779,83.939953,14
5,4882,521.392822,83.688042,521.392797,83.688189,14
5,4883,301.619598,388.949860,301.619624,388.949983,14
5,4884,488.745178,407.799011,488.745171,407.799119,14
5,4885,334.267273,64.838936,334.267279,64.839082,14
5,4886,488.352722,64.662704,488.352710,64.662850,14
5,4887,334.659698,407.975250,334.659711,407.975351,14
5,4888,411.724243,426.950256,411.724249,426.950355,14
5,4889,411.288208,45.687637,411.288201,45.687788,14
5,4890,411.288208,45.687637,411.288201,45.687788,14
5,4891,411.724243,426.950256,411.724249,426.950355,14
5,4892,576.706787,331.445801,576.706780,331.445911,14
5,4893,246.305649,141.192123,246.305670,141.192261,14
5,4894,576.488770,140.814484,576.488756,140.814628,14
5,4895,246.523682,331.823425,246.523694,331.823544,14
5,4896,587.691101,312.370056,587.691055,312.370179,14
5,4897,235.321381,160.267853,235.321395,160.267993,14
5,4898,587.516663,159.865036,587.516647,159.865178,14
5,4899,235.495789,312.772888,235.495803,312.773008,14
5,4900,565.722473,350.521484,565.722447,350.521615,14
5,4901,257.289948,122.116402,257.289974,122.116543,14
5,4902,565.460815,121.763939,565.460806,121.764078,14
5,4903,257.551605,350.873962,257.551615,350.874080,14
5,4904,433.736450,426.925049,433.736445,426.925158,14
5,4905,389.276001,45.712807,389.276005,45.712956,14
5,4906,433.300385,45.662472,433.300397,45.662620,14
5,4907,389.712036,426.975403,389.712053,426.975522,14
5,4908,598.675415,293.294342,598.675388,293.294475,14
5,4909,598.544556,178.915573,598.544539,178.915714,14
5,4910,554.738159,369.597198,554.738171,369.597318,14
5,4911,554.432922,102.713417,554.432914,102.713556,14
5,4912,455.748688,426.899872,455.748670,426.899990,14
5,4913,367.263794,45.738007,367.263809,45.738153,14
5,4914,455.312622,45.637306,455.312622,45.637453,14
5,4915,510.364929,64.637505,510.364906,64.637653,14
5,4916,609.616089,236.092377,609.616047,236.092503,14
5,4917,424.440857,257.333740,424.440874,257.334097,133
5,4918,434.420685,274.573700,434.420676,274.574053,133
5,4919,414.461090,240.093811,414.461098,240.094194,133
5,4920,434.381195,240.071014,434.381205,240.071392,133
5,4921,414.500519,274.596497,414.500543,274.596829,133
5,4922,444.360992,257.310944,444.360981,257.311321,133
5,4923,404.520721,257.356537,404.520767,257.356899,133
5,4924,424.480347,291.836426,424.480345,291.836758,133
5,4925,424.401428,222.831055,424.401429,222.831462,133
5,4926,424.401428,222.831055,424.401429,222.831462,133
5,4927,424.480347,291.836426,424.480345,291.836758,133
5,4928,454.340820,274.550903,454.340783,274.551251,133
5,4929,394.540955,240.116592,394.540991,240.116969,133
5,4930,454.301361,240.048233,454.301339,240.048616,133
5,4931,394.580383,274.619263,394.580436,274.619604,133
5,4932,444.400452,291.813660,444.400452,291.813983,133
5,4933,404.481262,222.853836,404.481296,222.854238,133
5,4934,444.321564,222.808289,444.321536,222.808686,133
5,4935,404.560211,291.859222,404.560238,291.859534,133
5,4936,464.281158,257.288177,464.281115,257.288545,133
5,4937,384.600616,257.379303,384.600660,257.379675,133
5,4938,434.460114,309.076385,434.460121,309.076688,133
5,4939,414.421631,205.591110,414.421653,205.591532,133
5,4940,434.341736,205.568329,434.341734,205.568757,133
5,4941,414.540009,309.099152,414.540014,309.099464,133
5,4942,474.260925,274.528137,474.260890,274.528475,133
5,4943,374.620819,240.139359,374.620884,240.139745,133
5,4944,474.221466,240.025452,474.221419,240.025840,133
5,4945,374.660278,274.642029,374.660355,274.642380,133
5,4946,464.320618,291.790863,464.320586,291.791181,133
5,4947,384.561157,222.876617,384.561215,222.877027,133
5,4948,464.241669,222.785492,464.241644,222.785897,133
5,4949,384.640076,291.881989,384.640131,291.882310,133
5,4950,454.380249,309.053619,454.380228,309.053912,133
5,4951,454.261902,205.545547,454.261868,205.545968,133
5,4952,394.619843,309.121948,394.619881,309.122266,133
5,4953,484.201294,257.265411,484.201222,257.265770,133
5,4954,424.519775,326.339111,424.519790,326.339393,133
5,4955,424.519775,326.339111,424.519790,326.339393,133
5,4956,484.240753,291.768066,484.240693,291.768405,133
5,4957,484.161835,222.762711,484.161777,222.763108,133
5,4958,494.181091,274.505341,494.181024,274.505699,133
5,4959,474.300415,309.030823,474.300362,309.031136,133
5,4960,260.941559,55.941978,260.941559,55.942157,10
5,4961,271.774506,74.655762,271.774512,74.655939,10
5,4962,250.108566,37.228165,250.108577,37.228346,10
5,4963,271.731689,37.203442,271.731695,37.203623,10
5,4964,250.151398,74.680489,250.151394,74.680662,10
5,4965,282.564636,55.917255,282.564648,55.917434,10
5,4966,239.318436,55.966728,239.318440,55.966908,10
5,4967,260.984375,93.394287,260.984376,93.394459,10
5,4968,260.898712,18.489655,260.898713,18.489841,10
5,4969,260.898712,18.489655,260.898713,18.489841,10
5,4970,260.984375,93.394287,260.984376,93.394459,10
5,4971,293.397614,74.631042,293.397602,74.631216,10
5,4972,228.485474,37.252888,228.485487,37.253069,10
5,4973,293.354797,37.178719,293.354785,37.178900,10
5,4974,228.528290,74.705208,228.528304,74.705385,10
5,4975,282.607452,93.369553,282.607465,93.369721,10
5,4976,239.275589,18.514406,239.275595,18.514592,10
5,4977,282.521820,18.464931,282.521803,18.465118,10
5,4978,239.361252,93.419006,239.361257,93.419181,10
5,4979,304.187775,55.892532,304.187767,55.892711,10
5,4980,217.695343,55.991451,217.695350,55.991631,10
5,4981,271.817352,112.108070,271.817357,112.108241,10
5,4982,250.194229,112.132797,250.194239,112.132964,10
5,4983,315.020691,74.606293,315.020692,74.606465,10
5,4984,206.862381,37.277637,206.862397,37.277820,10
5,4985,314.977875,37.153965,314.977875,37.154149,10
5,4986,206.905197,74.729958,206.905214,74.730136,10
5,4987,304.230591,93.344826,304.230584,93.344998,10
5,4988,217.652496,18.539129,217.652505,18.539315,10
5,4989,304.144928,18.440210,304.144921,18.440395,10
5,4990,217.738159,93.443748,217.738167,93.443919,10
5,4991,293.440460,112.083336,293.440447,112.083504,10
5,4992,228.571136,112.157532,228.571149,112.157701,10
5,4993,325.810852,55.867809,325.810828,55.867988,10
5,4994,196.072250,56.016174,196.072261,56.016354,10
5,4995,261.027222,130.846588,261.027221,130.846760,10
5,4996,261.027222,130.846588,261.027221,130.846760,10
5,4997,325.853668,93.320091,325.853645,93.320261,10
5,4998,196.029404,18.563852,196.029415,18.564038,10
5,4999,325.768005,18.415487,325.767983,18.415672,10
5,5000,196.115067,93.468483,196.115078,93.468656,10
5,5001,336.643799,74.581566,336.643781,74.581742,10
5,5002,185.239288,37.302361,185.239307,37.302543,10
5,5003,336.600983,37.129246,336.600964,37.129426,10
5,5004,185.282104,74.754684,185.282124,74.754859,10
5,5005,315.063538,112.058601,315.063537,112.058767,10
5,5006,206.948044,112.182259,206.948060,112.182424,10
5,5007,282.650299,130.821854,282.650311,130.822023,10
5,5008,239.404099,130.871323,239.404103,130.871483,10
5,5009,304.273438,130.797134,304.273429,130.797300,10
5,5010,217.781006,130.896057,217.781013,130.896220,10
5,5011,347.433960,55.843060,347.433946,55.843237,10
5,5012,174.449158,56.040928,174.449171,56.041105,10
5,5013,271.860199,149.560394,271.860203,149.560557,10
5,5014,250.237076,149.585114,250.237085,149.585280,10
5,5015,347.476776,93.295364,347.476763,93.295538,10
5,5016,174.406311,18.588604,174.406325,18.588789,10
5,5017,347.391113,18.390736,347.391101,18.390921,10
5,5018,174.491974,93.493210,174.491988,93.493379,10
5,5019,336.686646,112.033875,336.686627,112.034044,10
5,5020,185.324951,112.206993,185.324970,112.207161,10
5,5021,358.266907,74.556847,358.266900,74.557019,10
5,5022,163.616165,37.327084,163.616189,37.327266,10
5,5023,358.224091,37.104523,358.224083,37.104703,10
5,5024,163.658981,74.779404,163.659006,74.779582,10
5,5025,325.896515,130.772400,325.896490,130.772563,10
5,5026,196.157913,130.920792,196.157923,130.920957,10
5,5027,293.483307,149.535660,293.483293,149.535820,10
5,5028,228.613983,149.609848,228.613995,149.610017,10
5,5029,315.106384,149.510925,315.106382,149.511083,10
5,5030,206.990891,149.634583,206.990905,149.634740,10
5,5031,369.057068,55.818336,369.057036,55.818514,10
5,5032,152.826035,56.065651,152.826053,56.065828,10
5,5033,261.070038,168.298904,261.070038,168.299062,10
5,5034,261.070038,168.298904,261.070038,168.299062,10
5,5035,358.309753,112.009140,358.309745,112.009307,10
5,5036,163.701828,112.231712,163.701851,112.231884,10
5,5037,369.099884,93.270630,369.099853,93.270801,10
5,5038,152.783188,18.613327,152.783207,18.613512,10
5,5039,369.014252,18.366013,369.014219,18.366198,10
5,5040,152.868851,93.517944,152.868870,93.518116,10
5,5041,347.519623,130.747681,347.519609,130.747840,10
5,5042,174.534821,130.945511,174.534833,130.945680,10
5,5043,282.693115,168.274170,282.693128,168.274325,10
5,5044,239.446915,168.323624,239.446920,168.323785,10
5,5045,379.890015,74.532089,379.889990,74.532268,10
5,5046,141.993073,37.351807,141.993099,37.351989,10
5,5047,379.847198,37.079769,379.847173,37.079952,10
5,5048,142.035889,74.804131,142.035916,74.804305,10
5,5049,336.729492,149.486191,336.729472,149.486360,10
5,5050,185.367798,149.659317,185.367815,149.659477,10
5,5051,304.316254,168.249451,304.316246,168.249602,10
5,5052,217.823822,168.348358,217.823830,168.348522,10
5,5053,325.939331,168.224701,325.939307,168.224865,10
5,5054,196.200729,168.373108,196.200740,168.373259,10
5,5055,390.680145,55.793613,390.680126,55.793791,10
5,5056,131.202972,56.090374,131.202991,56.090551,10
5,5057,271.903015,187.012695,271.903020,187.012859,10
5,5058,250.279892,187.037430,250.279902,187.037582,10
5,5059,379.932831,111.984413,379.932807,111.984584,10
5,5060,142.078735,112.256454,142.078762,112.256621,10
5,5061,369.142731,130.722931,369.142699,130.723103,10
5,5062,152.911697,130.970245,152.911715,130.970417,10
5,5063,390.722992,93.245903,390.722971,93.246078,10
5,5064,131.160126,18.638050,131.160146,18.638235,10
5,5065,390.637299,18.341290,390.637281,18.341475,10
5,5066,131.245789,93.542664,131.245808,93.542839,10
5,5067,358.352600,149.461456,358.352591,149.461623,10
5,5068,163.744675,149.684036,163.744697,149.684200,10
5,5069,293.526123,186.987961,293.526110,186.988122,10
5,5070,228.656799,187.062164,228.656812,187.062319,10
5,5071,401.513092,74.507370,401.513079,74.507545,10
5,5072,401.470276,37.055046,401.470262,37.055229,10
5,5073,347.562439,168.199982,347.562426,168.200142,10
5,5074,174.577637,168.397827,174.577650,168.397982,10
5,5075,315.149200,186.963226,315.149199,186.963384,10
5,5076,207.033707,187.086884,207.033722,187.087042,10
5,5077,390.765839,130.698212,390.765817,130.698380,10
5,5078,401.555939,111.959679,401.555925,111.959847,10
5,5079,379.975677,149.436737,379.975652,149.436900,10
5,5080,336.772308,186.938507,336.772289,186.938662,10
5,5081,412.303253,55.768860,412.303216,55.769040,10
5,5082,457.333557,236.119461,457.333553,236.119655,7
5,5083,468.088043,254.697678,468.088025,254.697861,7
5,5084,446.579041,217.541260,446.579054,217.541450,7
5,5085,468.045502,217.516693,468.045490,217.516892,7
5,5086,446.621552,254.722214,446.621560,254.722405,7
5,5087,478.799957,236.094925,478.799961,236.095112,7
5,5088,435.867096,236.144012,435.867089,236.144199,7
5,5089,457.376068,273.300446,457.376060,273.300610,7
5,5090,457.291016,198.938492,457.291018,198.938686,7
5,5091,457.291016,198.938492,457.291018,198.938686,7
5,5092,457.376068,273.300446,457.376060,273.300610,7
5,5093,489.554474,254.673126,489.554461,254.673317,7
5,5094,425.112610,217.565796,425.112618,217.565993,7
5,5095,489.511963,217.492142,489.511954,217.492334,7
5,5096,425.155121,254.746765,425.155124,254.746949,7
5,5097,478.842499,273.275879,478.842496,273.276067,7
5,5098,435.824554,198.963043,435.824554,198.963244,7
5,5099,478.757446,198.913940,478.757454,198.914142,7
5,5100,435.909607,273.325012,435.909624,273.325183,7
5,5101,500.266449,236.070358,500.266425,236.070554,7
5,5102,414.400635,236.168579,414.400653,236.168771,7
5,5103,468.130554,291.878632,468.130560,291.878816,7
5,5104,446.536560,180.360260,446.536547,180.360466,7
5,5105,468.002991,180.335724,468.002983,180.335923,7
5,5106,446.664093,291.903198,446.664095,291.903388,7
5,5107,511.020905,254.648590,511.020896,254.648773,7
5,5108,403.646149,217.590347,403.646153,217.590537,7
5,5109,510.978363,217.467590,510.978361,217.467790,7
5,5110,403.688690,254.771332,403.688689,254.771521,7
5,5111,500.308960,273.251343,500.308960,273.251523,7
5,5112,414.358124,198.987595,414.358146,198.987788,7
5,5113,500.223907,198.889389,500.223890,198.889584,7
5,5114,414.443146,273.349548,414.443160,273.349726,7
5,5115,489.597015,291.854095,489.596996,291.854272,7
5,5116,425.070068,180.384827,425.070083,180.385024,7
5,5117,489.469421,180.311157,489.469419,180.311365,7
5,5118,425.197662,291.927765,425.197659,291.927932,7
5,5119,521.732910,236.045807,521.732889,236.045996,7
5,5120,392.934204,236.193130,392.934217,236.193315,7
5,5121,457.418579,310.481415,457.418567,310.481594,7
5,5122,457.248474,161.757507,457.248483,161.757717,7
5,5123,457.248474,161.757507,457.248483,161.757717,7
5,5124,457.418579,310.481415,457.418567,310.481594,7
5,5125,521.775391,273.226807,521.775368,273.226979,7
5,5126,392.891663,199.012146,392.891682,199.012346,7
5,5127,521.690369,198.864822,521.690354,198.865027,7
5,5128,392.976715,273.374084,392.976724,273.374270,7
5,5129,532.487366,254.624023,532.487361,254.624201,7
5,5130,382.179718,217.614899,382.179746,217.615095,7
5,5131,532.444824,217.443039,532.444826,217.443232,7
5,5132,382.222229,254.795883,382.222253,254.796064,7
5,5133,511.063446,291.829559,511.063431,291.829729,7
5,5134,403.603638,180.409378,403.603647,180.409582,7
5,5135,510.935913,180.286621,510.935883,180.286821,7
5,5136,403.731201,291.952301,403.731224,291.952476,7
5,5137,478.885040,310.456879,478.885031,310.457050,7
5,5138,435.782013,161.782074,435.782019,161.782275,7
5,5139,478.714935,161.732971,478.714919,161.733173,7
5,5140,435.952118,310.505981,435.952131,310.506138,7
5,5141,500.351501,310.432312,500.351495,310.432478,7
5,5142,414.315613,161.806610,414.315611,161.806819,7
5,5143,500.181396,161.708405,500.181383,161.708615,7
5,5144,414.485687,310.530518,414.485695,310.530681,7
5,5145,543.199341,236.021271,543.199297,236.021452,7
5,5146,371.467773,236.217667,371.467781,236.217859,7
5,5147,468.173096,329.059631,468.173095,329.059800,7
5,5148,446.494019,143.179291,446.494012,143.179497,7
5,5149,467.960480,143.154739,467.960476,143.154953,7
5,5150,446.706635,329.084167,446.706630,329.084343,7
5,5151,543.241882,273.202240,543.241832,273.202407,7
5,5152,371.425232,199.036697,371.425246,199.036890,7
5,5153,543.156860,198.840286,543.156818,198.840483,7
5,5154,371.510284,273.398621,371.510316,273.398814,7
5,5155,532.529907,291.805023,532.529896,291.805185,7
5,5156,382.137207,180.433929,382.137211,180.434126,7
5,5157,532.402283,180.262054,532.402291,180.262263,7
5,5158,382.264771,291.976837,382.264788,291.977020,7
5,5159,553.953857,254.599472,553.953825,254.599658,7
5,5160,360.713257,217.639465,360.713282,217.639653,7
5,5161,553.911316,217.418488,553.911290,217.418674,7
5,5162,360.755798,254.820419,360.755817,254.820608,7
5,5163,521.817932,310.407776,521.817903,310.407934,7
5,5164,392.849121,161.831177,392.849147,161.831377,7
5,5165,521.647827,161.683853,521.647819,161.684057,7
5,5166,393.019226,310.555084,393.019231,310.555253,7
5,5167,489.639526,329.035095,489.639502,329.035256,7
5,5168,425.027527,143.203842,425.027548,143.204055,7
5,5169,489.426880,143.130188,489.426884,143.130395,7
5,5170,425.240173,329.108734,425.240166,329.108887,7
5,5171,511.105988,329.010529,511.105967,329.010684,7
5,5172,403.561127,143.228409,403.561140,143.228613,7
5,5173,510.893372,143.105637,510.893348,143.105852,7
5,5174,403.773743,329.133301,403.773759,329.133459,7
5,5175,564.665771,235.996719,564.665761,235.996908,7
5,5176,350.001282,236.242233,350.001317,236.242417,7
5,5177,457.461090,347.662384,457.461102,347.662549,7
5,5178,457.205963,124.576515,457.205948,124.576734,7
5,5179,457.205963,124.576515,457.205948,124.576734,7
5,5180,457.461090,347.662384,457.461102,347.662549,7
5,5181,553.996338,291.780426,553.996303,291.780613,7
5,5182,360.670715,180.458481,360.670747,180.458684,7
5,5183,553.868774,180.237518,553.868755,180.237719,7
5,5184,360.798309,292.001404,360.798323,292.001592,7
5,5185,564.708313,273.177673,564.708296,273.177863,7
5,5186,349.958771,199.061249,349.958782,199.061447,7
5,5187,564.623230,198.815720,564.623226,198.815925,7
5,5188,350.043823,273.423218,350.043852,273.423386,7
5,5189,543.284363,310.383209,543.284367,310.383390,7
5,5190,371.382721,161.855713,371.382739,161.855920,7
5,5191,543.114319,161.659302,543.114283,161.659514,7
5,5192,371.552795,310.579620,371.552823,310.579797,7
5,5193,478.927582,347.637848,478.927566,347.638005,7
5,5194,435.739502,124.601074,435.739512,124.601291,7
5,5195,478.672424,124.551971,478.672412,124.552190,7
5,5196,435.994659,347.686951,435.994666,347.687121,7
5,5197,575.420288,254.574936,575.420233,254.575114,7
5,5198,339.246796,217.664001,339.246817,217.664197,7
5,5199,575.377747,217.393936,575.377698,217.394131,7
5,5200,339.289337,254.845001,339.289352,254.845180,7
5,5201,532.572449,328.985962,532.572431,328.986140,7
5,5202,382.094666,143.252945,382.094676,143.253157,7
5,5203,532.359802,143.081085,532.359756,143.081294,7
5,5204,382.307281,329.157837,382.307294,329.158003,7
5,5205,500.394012,347.613312,500.394002,347.613461,7
5,5206,414.273071,124.625618,414.273076,124.625835,7
5,5207,500.138855,124.527420,500.138848,124.527632,7
5,5208,414.528229,347.711517,414.528230,347.711665,7
5,5209,392.806610,124.650177,392.806612,124.650393,7
5,5210,521.605286,124.502861,521.605284,124.503074,7
5,5211,393.061768,347.736053,393.061766,347.736209,7
5,5212,328.534851,236.266785,328.534881,236.266975,7
5,5213,446.451477,105.998306,446.451477,105.998528,7
5,5214,467.917938,105.973763,467.917941,105.973984,7
5,5215,339.204254,180.483032,339.204282,180.483228,7
5,5216,339.331818,292.025970,339.331859,292.026135,7
5,5217,349.916260,161.880264,349.916275,161.880478,7
5,5218,350.086334,310.604156,350.086359,310.604341,7
5,5219,328.492310,199.085800,328.492346,199.085991,7
5,5220,328.577393,273.447754,328.577416,273.447930,7
5,5221,360.628204,143.277496,360.628240,143.277715,7
5,5222,424.985016,106.022865,424.985013,106.023086,7
5,5223,457.333557,236.119461,457.333553,236.119655,6
5,5224,468.088043,254.697678,468.088025,254.697861,6
5,5225,446.579041,217.541260,446.579054,217.541450,6
5,5226,468.045502,217.516693,468.045490,217.516892,6
5,5227,446.621552,254.722214,446.621560,254.722405,6
5,5228,478.799957,236.094925,478.799961,236.095112,6
5,5229,435.867096,236.144012,435.867089,236.144199,6
5,5230,457.376068,273.300446,457.376060,273.300610,6
5,5231,457.291016,198.938492,457.291018,198.938686,6
5,5232,457.291016,198.938492,457.291018,198.938686,6
5,5233,457.376068,273.300446,457.376060,273.300610,6
5,5234,489.554474,254.673126,489.554461,254.673317,6
5,5235,425.112610,217.565796,425.112618,217.565993,6
5,5236,489.511963,217.492142,489.511954,217.492334,6
5,5237,425.155121,254.746765,425.155124,254.746949,6
5,5238,478.842499,273.275879,478.842496,273.276067,6
5,5239,435.824554,198.963043,435.824554,198.963244,6
5,5240,478.757446,198.913940,478.757454,198.914142,6
5,5241,435.909607,273.325012,435.909624,273.325183,6
5,5242,500.266449,236.070358,500.266425,236.070554,6
5,5243,414.400635,236.168579,414.400653,236.168771,6
5,5244,468.130554,291.878632,468.130560,291.878816,6
5,5245,446.536560,180.360260,446.536547,180.360466,6
5,5246,468.002991,180.335724,468.002983,180.335923,6
5,5247,446.664093,291.903198,446.664095,291.903388,6
5,5248,511.020905,254.648590,511.020896,254.648773,6
5,5249,403.646149,217.590347,403.646153,217.590537,6
5,5250,510.978363,217.467590,510.978361,217.467790,6
5,5251,403.688690,254.771332,403.688689,254.771521,6
5,5252,500.308960,273.251343,500.308960,273.251523,6
5,5253,414.358124,198.987595,414.358146,198.987788,6
5,5254,500.223907,198.889389,500.223890,198.889584,6
5,5255,414.443146,273.349548,414.443160,273.349726,6
5,5256,489.597015,291.854095,489.596996,291.854272,6
5,5257,425.070068,180.384827,425.070083,180.385024,6
5,5258,489.469421,180.311157,489.469419,180.311365,6
5,5259,425.197662,291.927765,425.197659,291.927932,6
5,5260,521.732910,236.045807,521.732889,236.045996,6
5,5261,392.934204,236.193130,392.934217,236.193315,6
5,5262,457.418579,310.481415,457.418567,310.481594,6
5,5263,457.248474,161.757507,457.248483,161.757717,6
5,5264,457.248474,161.757507,457.248483,161.757717,6
5,5265,457.418579,310.481415,457.418567,310.481594,6
5,5266,521.775391,273.226807,521.775368,273.226979,6
5,5267,392.891663,199.012146,392.891682,199.012346,6
5,5268,521.690369,198.864822,521.690354,198.865027,6
5,5269,392.976715,273.374084,392.976724,273.374270,6
5,5270,532.487366,254.624023,532.487361,254.624201,6
5,5271,382.179718,217.614899,382.179746,217.615095,6
5,5272,532.444824,217.443039,532.444826,217.443232,6
5,5273,382.222229,254.795883,382.222253,254.796064,6
5,5274,511.063446,291.829559,511.063431,291.829729,6
5,5275,403.603638,180.409378,403.603647,180.409582,6
5,5276,510.935913,180.286621,510.935883,180.286821,6
5,5277,403.731201,291.952301,403.731224,291.952476,6
5,5278,478.885040,310.456879,478.885031,310.457050,6
5,5279,435.782013,161.782074,435.782019,161.782275,6
5,5280,478.714935,161.732971,478.714919,161.733173,6
5,5281,435.952118,310.505981,435.952131,310.506138,6
5,5282,500.351501,310.432312,500.351495,310.432478,6
5,5283,414.315613,161.806610,414.315611,161.806819,6
5,5284,500.181396,161.708405,500.181383,161.708615,6
5,5285,414.485687,310.530518,414.485695,310.530681,6
5,5286,543.199341,236.021271,543.199297,236.021452,6
5,5287,371.467773,236.217667,371.467781,236.217859,6
5,5288,468.173096,329.059631,468.173095,329.059800,6
5,5289,446.494019,143.179291,446.494012,143.179497,6
5,5290,467.960480,143.154739,467.960476,143.154953,6
5,5291,446.706635,329.084167,446.706630,329.084343,6
5,5292,543.241882,273.202240,543.241832,273.202407,6
5,5293,371.425232,199.036697,371.425246,199.036890,6
5,5294,543.156860,198.840286,543.156818,198.840483,6
5,5295,371.510284,273.398621,371.510316,273.398814,6
5,5296,532.529907,291.805023,532.529896,291.805185,6
5,5297,382.137207,180.433929,382.137211,180.434126,6
5,5298,532.402283,180.262054,532.402291,180.262263,6
5,5299,382.264771,291.976837,382.264788,291.977020,6
5,5300,553.953857,254.599472,553.953825,254.599658,6
5,5301,360.713257,217.639465,360.713282,217.639653,6
5,5302,553.911316,217.418488,553.911290,217.418674,6
5,5303,360.755798,254.820419,360.755817,254.820608,6
5,5304,521.817932,310.407776,521.817903,310.407934,6
5,5305,392.849121,161.831177,392.849147,161.831377,6
5,5306,521.647827,161.683853,521.647819,161.684057,6
5,5307,393.019226,310.555084,393.019231,310.555253,6
5,5308,489.639526,329.035095,489.639502,329.035256,6
5,5309,425.027527,143.203842,425.027548,143.204055,6
5,5310,489.426880,143.130188,489.426884,143.130395,6
5,5311,425.240173,329.108734,425.240166,329.108887,6
5,5312,511.105988,329.010529,511.105967,329.010684,6
5,5313,403.561127,143.228409,403.561140,143.228613,6
5,5314,510.893372,143.105637,510.893348,143.105852,6
5,5315,403.773743,329.133301,403.773759,329.133459,6
5,5316,564.665771,235.996719,564.665761,235.996908,6
5,5317,350.001282,236.242233,350.001317,236.242417,6
5,5318,457.461090,347.662384,457.461102,347.662549,6
5,5319,457.205963,124.576515,457.205948,124.576734,6
5,5320,457.205963,124.576515,457.205948,124.576734,6
5,5321,457.461090,347.662384,457.461102,347.662549,6
5,5322,553.996338,291.780426,553.996303,291.780613,6
5,5323,360.670715,180.458481,360.670747,180.458684,6
5,5324,553.868774,180.237518,553.868755,180.237719,6
5,5325,360.798309,292.001404,360.798323,292.001592,6
5,5326,564.708313,273.177673,564.708296,273.177863,6
5,5327,349.958771,199.061249,349.958782,199.061447,6
5,5328,564.623230,198.815720,564.623226,198.815925,6
5,5329,350.043823,273.423218,350.043852,273.423386,6
5,5330,543.284363,310.383209,543.284367,310.383390,6
5,5331,371.382721,161.855713,371.382739,161.855920,6
5,5332,543.114319,161.659302,543.114283,161.659514,6
5,5333,371.552795,310.579620,371.552823,310.579797,6
5,5334,478.927582,347.637848,478.927566,347.638005,6
5,5335,435.739502,124.601074,435.739512,124.601291,6
5,5336,478.672424,124.551971,478.672412,124.552190,6
5,5337,435.994659,347.686951,435.994666,347.687121,6
5,5338,575.420288,254.574936,575.420233,254.575114,6
5,5339,339.246796,217.664001,339.246817,217.664197,6
5,5340,575.377747,217.393936,575.377698,217.394131,6
5,5341,339.289337,254.845001,339.289352,254.845180,6
5,5342,532.572449,328.985962,532.572431,328.986140,6
5,5343,382.094666,143.252945,382.094676,143.253157,6
5,5344,532.359802,143.081085,532.359756,143.081294,6
5,5345,382.307281,329.157837,382.307294,329.158003,6
5,5346,500.394012,347.613312,500.394002,347.613461,6
5,5347,414.273071,124.625618,414.273076,124.625835,6
5,5348,500.138855,124.527420,500.138848,124.527632,6
5,5349,414.528229,347.711517,414.528230,347.711665,6
5,5350,392.806610,124.650177,392.806612,124.650393,6
5,5351,521.605286,124.502861,521.605284,124.503074,6
5,5352,393.061768,347.736053,393.061766,347.736209,6
5,5353,328.534851,236.266785,328.534881,236.266975,6
5,5354,446.451477,105.998306,446.451477,105.998528,6
5,5355,467.917938,105.973763,467.917941,105.973984,6
5,5356,339.204254,180.483032,339.204282,180.483228,6
5,5357,339.331818,292.025970,339.331859,292.026135,6
5,5358,349.916260,161.880264,349.916275,161.880478,6
5,5359,350.086334,310.604156,350.086359,310.604341,6
5,5360,328.492310,199.085800,328.492346,199.085991,6
5,5361,328.577393,273.447754,328.577416,273.447930,6
5,5362,360.628204,143.277496,360.628240,143.277715,6
5,5363,424.985016,106.022865,424.985013,106.023086,6
5,5364,422.803192,255.690521,422.803199,255.690827,2
5,5365,433.010864,273.324097,433.010855,273.324395,2
5,5366,412.595551,238.056992,412.595571,238.057312,2
5,5367,432.970490,238.033676,432.970482,238.033989,2
5,5368,412.635925,273.347412,412.635916,273.347691,2
5,5369,443.178131,255.667221,443.178111,255.667531,2
5,5370,402.428284,255.713852,402.428288,255.714149,2
5,5371,422.843567,290.980957,422.843572,290.981233,2
5,5372,422.762848,220.400116,422.762854,220.400447,2
5,5373,422.762848,220.400116,422.762854,220.400447,2
5,5374,422.843567,290.980957,422.843572,290.981233,2
5,5375,453.385803,273.300781,453.385766,273.301073,2
5,5376,392.220642,238.080292,392.220660,238.080608,2
5,5377,453.345459,238.010376,453.345421,238.010693,2
5,5378,392.260986,273.370697,392.261005,273.370987,2
5,5379,443.218506,290.957672,443.218483,290.957937,2
5,5380,402.387909,220.423416,402.387916,220.423743,2
5,5381,443.137787,220.376816,443.137765,220.377152,2
5,5382,402.468658,291.004242,402.468660,291.004529,2
5,5383,463.553070,255.643936,463.553049,255.644235,2
5,5384,382.053345,255.737137,382.053377,255.737445,2
5,5385,433.051208,308.614502,433.051200,308.614775,2
5,5386,412.555206,202.766556,412.555226,202.766906,2
5,5387,432.930115,202.743271,432.930110,202.743610,2
5,5388,412.676270,308.637817,412.676289,308.638071,2
5,5389,473.760712,273.277496,473.760677,273.277777,2
5,5390,371.845703,238.103592,371.845748,238.103903,2
5,5391,473.720337,237.987076,473.720305,237.987398,2
5,5392,371.886078,273.393982,371.886120,273.394283,2
5,5393,463.593445,290.934326,463.593421,290.934615,2
5,5394,382.013000,220.446716,382.013031,220.447052,2
5,5395,463.512695,220.353516,463.512677,220.353843,2
5,5396,382.093719,291.027557,382.093749,291.027825,2
5,5397,453.426147,308.591217,453.426111,308.591479,2
5,5398,392.180267,202.789871,392.180287,202.790215,2
5,5399,453.305084,202.719955,453.305048,202.720301,2
5,5400,392.301331,308.661133,392.301350,308.661393,2
5,5401,483.928009,255.620636,483.927961,255.620939,2
5,5402,361.678406,255.760437,361.678465,255.760741,2
5,5403,422.883911,326.271362,422.883917,326.271612,2
5,5404,422.722473,185.109695,422.722482,185.110055,2
5,5405,422.722473,185.109695,422.722482,185.110055,2
5,5406,422.883911,326.271362,422.883917,326.271612,2
5,5407,483.968384,290.911041,483.968333,290.911319,2
5,5408,361.638062,220.470032,361.638093,220.470362,2
5,5409,483.887665,220.330200,483.887615,220.330533,2
5,5410,361.718750,291.050873,361.718811,291.051147,2
5,5411,494.135681,273.254181,494.135616,273.254481,2
5,5412,351.470764,238.126892,351.470810,238.127213,2
5,5413,494.095306,237.963776,494.095244,237.964089,2
5,5414,351.511139,273.417328,351.511182,273.417605,2
5,5415,371.805328,202.813171,371.805376,202.813511,2
5,5416,473.679993,202.696655,473.679960,202.697005,2
5,5417,402.347565,185.133011,402.347570,185.133364,2
5,5418,443.097443,185.086380,443.097420,185.086746,2
5,5419,381.972626,185.156296,381.972659,185.156660,2
5,5420,250.270355,75.668785,250.270370,75.669205,77
5,5421,259.931183,92.357697,259.931183,92.358100,77
5,5422,240.609558,58.979904,240.609583,58.980349,77
5,5423,259.893005,58.957832,259.892999,58.958276,77
5,5424,240.647751,92.379745,240.647767,92.380148,77
5,5425,269.553802,75.646736,269.553787,75.647158,77
5,5426,230.986938,75.690826,230.986979,75.691253,77
5,5427,250.308563,109.068642,250.308580,109.069029,77
5,5428,250.232178,42.268906,250.232186,42.269369,77
5,5429,250.232178,42.268906,250.232186,42.269369,77
5,5430,250.308563,109.068642,250.308580,109.069029,77
5,5431,279.214600,92.335632,279.214575,92.336039,77
5,5432,221.326141,59.001953,221.326191,59.002397,77
5,5433,279.176422,58.935783,279.176391,58.936228,77
5,5434,221.364334,92.401802,221.364375,92.402208,77
5,5435,269.592010,109.046593,269.591996,109.046982,77
5,5436,230.948761,42.290955,230.948795,42.291417,77
5,5437,269.515625,42.246861,269.515603,42.247321,77
5,5438,231.025146,109.090706,231.025188,109.091090,77
5,5439,288.837219,75.624687,288.837178,75.625110,77
5,5440,211.703537,75.712906,211.703588,75.713326,77
5,5441,259.969391,125.757553,259.969393,125.757924,77
5,5442,240.571350,25.580032,240.571373,25.580513,77
5,5443,259.854797,25.557959,259.854790,25.558439,77
5,5444,298.498047,92.313583,298.497991,92.313992,77
5,5445,298.459839,58.913738,298.459807,58.914180,77
5,5446,288.875427,109.024536,288.875388,109.024921,77
5,5447,288.799011,42.224812,288.798994,42.225273,77
5,5448,308.120636,75.602615,308.120570,75.603037,77
5,5449,250.270355,75.668785,250.270370,75.669205,18
5,5450,259.931183,92.357697,259.931183,92.358100,18
5,5451,240.609558,58.979904,240.609583,58.980349,18
5,5452,259.893005,58.957832,259.892999,58.958276,18
5,5453,240.647751,92.379745,240.647767,92.380148,18
5,5454,269.553802,75.646736,269.553787,75.647158,18
5,5455,230.986938,75.690826,230.986979,75.691253,18
5,5456,250.308563,109.068642,250.308580,109.069029,18
5,5457,250.232178,42.268906,250.232186,42.269369,18
5,5458,250.232178,42.268906,250.232186,42.269369,18
5,5459,250.308563,109.068642,250.308580,109.069029,18
5,5460,279.214600,92.335632,279.214575,92.336039,18
5,5461,221.326141,59.001953,221.326191,59.002397,18
5,5462,279.176422,58.935783,279.176391,58.936228,18
5,5463,221.364334,92.401802,221.364375,92.402208,18
5,5464,269.592010,109.046593,269.591996,109.046982,18
5,5465,230.948761,42.290955,230.948795,42.291417,18
5,5466,269.515625,42.246861,269.515603,42.247321,18
5,5467,231.025146,109.090706,231.025188,109.091090,18
5,5468,288.837219,75.624687,288.837178,75.625110,18
5,5469,211.703537,75.712906,211.703588,75.713326,18
5,5470,259.969391,125.757553,259.969393,125.757924,18
5,5471,240.571350,25.580032,240.571373,25.580513,18
5,5472,259.854797,25.557959,259.854790,25.558439,18
5,5473,298.498047,92.313583,298.497991,92.313992,18
5,5474,298.459839,58.913738,298.459807,58.914180,18
5,5475,288.875427,109.024536,288.875388,109.024921,18
5,5476,288.799011,42.224812,288.798994,42.225273,18
5,5477,308.120636,75.602615,308.120570,75.603037,18
5,5478,270.223389,116.885033,270.223387,116.885476,20
5,5479,279.838623,133.495209,279.838603,133.495632,20
5,5480,260.608154,100.274857,260.608147,100.275320,20
5,5481,279.800598,100.252899,279.800573,100.253364,20
5,5482,260.646179,133.517166,260.646176,133.517589,20
5,5483,289.415863,116.863075,289.415814,116.863520,20
5,5484,251.030914,116.906982,251.030935,116.907420,20
5,5485,270.261414,150.127365,270.261416,150.127757,20
5,5486,270.185364,83.642723,270.185358,83.643208,20
5,5487,270.185364,83.642723,270.185358,83.643208,20
5,5488,270.261414,150.127365,270.261416,150.127757,20
5,5489,299.031097,133.473267,299.031055,133.473688,20
5,5490,241.415665,100.296799,241.415695,100.297264,20
5,5491,298.993073,100.230957,298.993025,100.231420,20
5,5492,241.453690,133.539108,241.453724,133.539532,20
5,5493,289.453888,150.105408,289.453843,150.105801,20
5,5494,250.992889,83.664665,250.992906,83.665151,20
5,5495,289.377808,83.620773,289.377785,83.621264,20
5,5496,251.068954,150.149307,251.068964,150.149701,20
5,5497,308.608307,116.841125,308.608241,116.841563,20
5,5498,231.838470,116.928932,231.838508,116.929376,20
5,5499,279.876617,166.737534,279.876606,166.737901,20
5,5500,260.684174,166.759491,260.684180,166.759857,20
5,5501,222.223206,100.318756,222.223268,100.319220,20
5,5502,222.261246,133.561066,222.261297,133.561489,20
5,5503,231.800430,83.686607,231.800479,83.687095,20
5,5504,231.876495,150.171265,231.876538,150.171658,20
5,5505,457.589417,156.000961,457.589410,156.001185,71
5,5506,468.207214,174.343018,468.207199,174.343225,71
5,5507,446.971649,137.658905,446.971649,137.659130,71
5,5508,468.165222,137.634674,468.165233,137.634898,71
5,5509,447.013641,174.367249,447.013643,174.367457,71
5,5510,478.782959,155.976730,478.782966,155.976953,71
5,5511,436.395813,156.025208,436.395826,156.025430,71
5,5512,457.631409,192.709305,457.631405,192.709512,71
5,5513,457.547424,119.292610,457.547416,119.292843,71
5,5514,457.547424,119.292610,457.547416,119.292843,71
5,5515,457.631409,192.709305,457.631405,192.709512,71
5,5516,489.400757,174.318771,489.400756,174.318980,71
5,5517,425.778046,137.683151,425.778065,137.683376,71
5,5518,489.358765,137.610428,489.358761,137.610652,71
5,5519,425.820038,174.391495,425.820059,174.391703,71
5,5520,478.824982,192.685074,478.824961,192.685280,71
5,5521,436.353851,119.316856,436.353860,119.317089,71
5,5522,478.740997,119.268379,478.741000,119.268611,71
5,5523,436.437805,192.733551,436.437821,192.733758,71
5,5524,499.976562,155.952484,499.976551,155.952707,71
5,5525,415.202301,156.049438,415.202298,156.049662,71
5,5526,468.249176,211.051346,468.249166,211.051553,71
5,5527,446.929657,100.950562,446.929655,100.950802,71
5,5528,468.123230,100.926331,468.123239,100.926571,71
5,5529,447.055603,211.075592,447.055610,211.075799,71
5,5530,510.594360,174.294525,510.594340,174.294748,71
5,5531,404.584534,137.707397,404.584537,137.707621,71
5,5532,510.552368,137.586197,510.552345,137.586420,71
5,5533,404.626495,174.415741,404.626503,174.415949,71
5,5534,500.018524,192.660828,500.018517,192.661035,71
5,5535,415.160278,119.341087,415.160304,119.341321,71
5,5536,499.934570,119.244133,499.934556,119.244366,71
5,5537,415.244293,192.757782,415.244292,192.757990,71
5,5538,489.442749,211.027100,489.442750,211.027307,71
5,5539,425.736053,100.974808,425.736071,100.975048,71
5,5540,489.316772,100.902084,489.316767,100.902325,71
5,5541,425.862030,211.099823,425.862054,211.100031,71
5,5542,521.170105,155.928238,521.170107,155.928461,71
5,5543,394.008698,156.073685,394.008714,156.073908,71
5,5544,457.673401,229.417648,457.673399,229.417840,71
5,5545,457.505463,82.584290,457.505449,82.584530,71
5,5546,457.505463,82.584290,457.505449,82.584530,71
5,5547,457.673401,229.417648,457.673399,229.417840,71
5,5548,521.212097,192.636581,521.212101,192.636789,71
5,5549,393.966705,119.365334,393.966719,119.365566,71
5,5550,521.128113,119.219887,521.128112,119.220120,71
5,5551,394.050690,192.782028,394.050708,192.782235,71
5,5552,531.787903,174.270294,531.787868,174.270502,71
5,5553,383.390930,137.731628,383.390952,137.731853,71
5,5554,531.745911,137.561951,531.745874,137.562175,71
5,5555,383.432922,174.439972,383.432947,174.440181,71
5,5556,510.636292,211.002869,510.636278,211.003075,71
5,5557,404.542542,100.999054,404.542542,100.999294,71
5,5558,510.510376,100.877853,510.510351,100.878093,71
5,5559,404.668457,211.124054,404.668469,211.124262,71
5,5560,478.866943,229.393402,478.866927,229.393608,71
5,5561,436.311890,82.608521,436.311893,82.608761,71
5,5562,478.699005,82.560028,478.699006,82.560270,71
5,5563,436.479797,229.441879,436.479815,229.442071,71
5,5564,500.060516,229.369171,500.060511,229.369362,71
5,5565,415.118286,82.632751,415.118309,82.632993,71
5,5566,499.892609,82.535797,499.892590,82.536038,71
5,5567,415.286255,229.466125,415.286259,229.466331,71
5,5568,542.363708,155.904007,542.363691,155.904230,71
5,5569,372.815155,156.097916,372.815185,156.098140,71
5,5570,468.291168,247.759689,468.291160,247.759880,71
5,5571,446.887665,64.242241,446.887660,64.242489,71
5,5572,468.081238,64.218010,468.081244,64.218257,71
5,5573,447.097565,247.783920,447.097576,247.784112,71
5,5574,542.405701,192.612350,542.405685,192.612557,71
5,5575,372.773163,119.389565,372.773191,119.389798,71
5,5576,542.321716,119.195656,542.321696,119.195888,71
5,5577,372.857117,192.806259,372.857152,192.806467,71
5,5578,531.829895,210.978622,531.829862,210.978830,71
5,5579,383.348938,101.023285,383.348958,101.023526,71
5,5580,531.703979,100.853607,531.703935,100.853847,71
5,5581,383.474915,211.148300,383.474941,211.148508,71
5,5582,552.981506,174.246048,552.981452,174.246270,71
5,5583,362.197357,137.755875,362.197396,137.756099,71
5,5584,552.939514,137.537720,552.939458,137.537943,71
5,5585,362.239349,174.464218,362.239363,174.464426,71
5,5586,521.254089,229.344925,521.254095,229.345116,71
5,5587,393.924744,82.656982,393.924753,82.657225,71
5,5588,521.086121,82.511566,521.086118,82.511806,71
5,5589,394.092682,229.490356,394.092702,229.490563,71
5,5590,489.484741,247.735458,489.484716,247.735649,71
5,5591,425.694092,64.266472,425.694104,64.266721,71
5,5592,489.274811,64.193779,489.274801,64.194025,71
5,5593,425.904022,247.808151,425.904020,247.808344,71
5,5594,510.678284,247.711227,510.678273,247.711417,71
5,5595,404.500519,64.290733,404.500548,64.290980,71
5,5596,510.468384,64.169518,510.468357,64.169766,71
5,5597,404.710449,247.832413,404.710464,247.832604,71
5,5598,563.557251,155.879761,563.557219,155.879984,71
5,5599,351.621582,156.122162,351.621601,156.122385,71
5,5600,457.715363,266.125977,457.715365,266.126153,71
5,5601,457.463470,45.875935,457.463483,45.876188,71
5,5602,457.463470,45.875935,457.463483,45.876188,71
5,5603,457.715363,266.125977,457.715365,266.126153,71
5,5604,553.023499,210.954376,553.023446,210.954584,71
5,5605,362.155365,101.047531,362.155402,101.047771,71
5,5606,552.897522,100.829376,552.897463,100.829615,71
5,5607,362.281342,211.172546,362.281357,211.172754,71
5,5608,563.599243,192.588104,563.599213,192.588311,71
5,5609,351.579590,119.413811,351.579607,119.414044,71
5,5610,351.663544,192.830505,351.663568,192.830713,71
5,5611,542.447632,229.320679,542.447624,229.320885,71
5,5612,372.731171,82.681244,372.731197,82.681485,71
5,5613,372.899109,229.514603,372.899146,229.514795,71
5,5614,478.908936,266.101746,478.908922,266.101921,71
5,5615,436.521790,266.150238,436.521809,266.150413,71
5,5616,422.281464,176.271149,422.281453,176.271305,59
5,5617,433.218201,195.164261,433.218205,195.164412,59
5,5618,411.344696,157.378067,411.344702,157.378212,59
5,5619,433.174957,157.353104,433.174949,157.353253,59
5,5620,411.387970,195.189224,411.387958,195.189372,59
5,5621,444.111755,176.246185,444.111758,176.246331,59
5,5622,400.451172,176.296127,400.451177,176.296279,59
5,5623,422.324707,214.082321,422.324709,214.082464,59
5,5624,422.238190,138.459991,422.238197,138.460146,59
5,5625,422.238190,138.459991,422.238197,138.460146,59
5,5626,422.324707,214.082321,422.324709,214.082464,59
5,5627,455.048523,195.139297,455.048510,195.139438,59
5,5628,389.514404,157.403030,389.514397,157.403186,59
5,5629,455.005249,157.328125,455.005254,157.328278,59
5,5630,389.557648,195.214203,389.557653,195.214346,59
5,5631,444.154999,214.057358,444.154986,214.057504,59
5,5632,400.407959,138.484970,400.407950,138.485120,59
5,5633,444.068512,138.435013,444.068502,138.435171,59
5,5634,400.494415,214.107285,400.494404,214.107424,59
5,5635,465.942047,176.221222,465.942035,176.221371,59
5,5636,378.620911,176.321091,378.620901,176.321239,59
5,5637,433.261475,232.975418,433.261461,232.975557,59
5,5638,411.301453,119.566879,411.301446,119.567039,59
5,5639,433.131714,119.541924,433.131722,119.542079,59
5,5640,411.431183,233.000397,411.431185,233.000545,59
5,5641,476.878784,195.114334,476.878786,195.114478,59
5,5642,367.684143,157.427994,367.684149,157.428146,59
5,5643,476.835541,157.303162,476.835530,157.303319,59
5,5644,367.727356,195.239151,367.727376,195.239306,59
5,5645,465.985260,214.032379,465.985262,214.032530,59
5,5646,378.577637,138.509918,378.577645,138.510079,59
5,5647,465.898804,138.410049,465.898807,138.410212,59
5,5648,378.664154,214.132248,378.664157,214.132398,59
5,5649,455.091766,232.950455,455.091766,232.950597,59
5,5650,389.471130,119.591858,389.471141,119.592013,59
5,5651,454.962006,119.516945,454.961998,119.517105,59
5,5652,389.600891,233.025360,389.600909,233.025505,59
5,5653,487.772308,176.196243,487.772311,176.196397,59
5,5654,356.790588,176.346069,356.790596,176.346213,59
5,5655,422.367950,251.893463,422.367937,251.893609,59
5,5656,422.194946,100.648827,422.194941,100.648986,59
5,5657,422.194946,100.648827,422.194941,100.648986,59
5,5658,422.367950,251.893463,422.367937,251.893609,59
5,5659,487.815582,214.007416,487.815567,214.007556,59
5,5660,356.747375,138.534897,356.747369,138.535054,59
5,5661,487.729065,138.385086,487.729055,138.385237,59
5,5662,356.833832,214.157227,356.833852,214.157372,59
5,5663,498.709076,195.089355,498.709062,195.089504,59
5,5664,345.853821,157.452972,345.853844,157.453120,59
5,5665,498.665833,157.278198,498.665835,157.278344,59
5,5666,345.897064,195.264130,345.897071,195.264280,59
5,5667,476.922028,232.925491,476.922014,232.925637,59
5,5668,367.640900,119.616814,367.640893,119.616973,59
5,5669,476.792297,119.491989,476.792303,119.492145,59
5,5670,367.770630,233.050323,367.770632,233.050465,59
5,5671,444.198212,251.868515,444.198213,251.868649,59
5,5672,400.364685,100.673798,400.364694,100.673960,59
5,5673,444.025238,100.623856,444.025246,100.624012,59
5,5674,400.537659,251.918457,400.537660,251.918598,59
5,5675,466.028534,251.843552,466.028518,251.843690,59
5,5676,378.534393,100.698761,378.534389,100.698920,59
5,5677,465.855560,100.598892,465.855551,100.599052,59
5,5678,378.707367,251.943420,378.707384,251.943557,59
5,5679,509.602631,176.171280,509.602616,176.171437,59
5,5680,334.960266,176.371017,334.960291,176.371173,59
5,5681,433.304718,270.786591,433.304717,270.786730,59
5,5682,411.258179,81.755714,411.258190,81.755879,59
5,5683,433.088501,81.730759,433.088495,81.730920,59
5,5684,411.474426,270.811554,411.474412,270.811690,59
5,5685,509.645813,213.982452,509.645814,213.982596,59
5,5686,334.917053,138.559860,334.917064,138.560013,59
5,5687,509.559387,138.360123,509.559360,138.360278,59
5,5688,335.003540,214.182190,335.003547,214.182332,59
5,5689,498.752319,232.900528,498.752318,232.900663,59
5,5690,345.810577,119.641792,345.810588,119.641947,59
5,5691,498.622589,119.467010,498.622579,119.467171,59
5,5692,345.940308,233.075302,345.940327,233.075439,59
5,5693,520.539368,195.064377,520.539367,195.064530,59
5,5694,324.023560,157.477921,324.023568,157.478080,59
5,5695,520.496155,157.253220,520.496111,157.253370,59
5,5696,324.066772,195.289093,324.066795,195.289239,59
5,5697,487.858795,251.818588,487.858794,251.818730,59
5,5698,356.704102,100.723732,356.704113,100.723894,59
5,5699,487.685822,100.573921,487.685799,100.574078,59
5,5700,356.877106,251.968384,356.877108,251.968517,59
5,5701,455.135010,270.761597,455.134993,270.761742,59
5,5702,389.427917,81.780678,389.427913,81.780839,59
5,5703,454.918762,81.705795,454.918771,81.705960,59
5,5704,389.644135,270.836517,389.644136,270.836650,59
5,5705,476.965271,270.736633,476.965269,270.736782,59
5,5706,367.597626,81.805664,367.597637,81.805828,59
5,5707,476.749054,81.680809,476.749047,81.680971,59
5,5708,367.813873,270.861481,367.813888,270.861610,59
5,5709,531.432861,176.146317,531.432863,176.146463,59
5,5710,313.130035,176.395996,313.130043,176.396147,59
5,5711,422.411194,289.704651,422.411192,289.704783,59
5,5712,422.151703,62.837662,422.151714,62.837827,59
5,5713,422.151703,62.837662,422.151714,62.837827,59
5,5714,422.411194,289.704651,422.411192,289.704783,59
5,5715,520.582642,232.875549,520.582623,232.875689,59
5,5716,323.980286,119.666748,323.980312,119.666906,59
5,5717,520.452881,119.442039,520.452856,119.442197,59
5,5718,324.110046,233.100266,324.110051,233.100413,59
5,5719,531.476135,213.957474,531.476119,213.957622,59
5,5720,313.086792,138.584839,313.086816,138.584988,59
5,5721,531.389648,138.335144,531.389607,138.335304,59
5,5722,313.173279,214.207153,313.173299,214.207292,59
5,5723,509.689087,251.793625,509.689070,251.793770,59
5,5724,334.873810,100.748695,334.873808,100.748854,59
5,5725,509.516113,100.548958,509.516104,100.549118,59
5,5726,335.046783,251.993362,335.046803,251.993506,59
5,5727,444.241486,289.679688,444.241469,289.679823,59
5,5728,400.321442,62.862652,400.321438,62.862815,59
5,5729,443.981995,62.812702,443.981990,62.812867,59
5,5730,400.580902,289.729614,400.580916,289.729743,59
5,5731,542.369690,195.039429,542.369672,195.039570,59
5,5732,302.193268,157.502899,302.193292,157.503054,59
5,5733,542.326416,157.228256,542.326416,157.228410,59
5,5734,302.236511,195.314072,302.236519,195.314214,59
5,5735,498.795593,270.711670,498.795574,270.711822,59
5,5736,345.767334,81.830627,345.767332,81.830787,59
5,5737,498.579376,81.655846,498.579352,81.656011,59
5,5738,345.983582,270.886475,345.983583,270.886598,59
5,5739,466.071777,289.654694,466.071774,289.654835,59
5,5740,378.491150,62.887611,378.491162,62.887775,59
5,5741,465.812317,62.787743,465.812295,62.787907,59
5,5742,378.750641,289.754578,378.750640,289.754702,59
5,5743,487.902069,289.629730,487.902050,289.629875,59
5,5744,356.660889,62.912571,356.660885,62.912735,59
5,5745,487.642578,62.762783,487.642572,62.762948,59
5,5746,356.920319,289.779541,356.920335,289.779691,59
5,5747,553.263184,176.121353,553.263168,176.121503,59
5,5748,291.299713,176.420959,291.299738,176.421107,59
5,5749,433.347961,308.597748,433.347944,308.597875,59
5,5750,411.214966,43.944538,411.214962,43.944706,59
5,5751,433.045227,43.919579,433.045239,43.919746,59
5,5752,411.517670,308.622711,411.517668,308.622835,59
5,5753,542.412903,232.850586,542.412871,232.850729,59
5,5754,302.150024,119.691727,302.150036,119.691881,59
5,5755,542.283203,119.417076,542.283160,119.417237,59
5,5756,302.279755,233.125229,302.279775,233.125373,59
5,5757,531.519409,251.768646,531.519375,251.768781,59
5,5758,313.043549,100.773666,313.043560,100.773828,59
5,5759,531.346436,100.523987,531.346409,100.524144,59
5,5760,313.216553,252.018326,313.216555,252.018466,59
5,5761,553.306458,213.932510,553.306424,213.932648,59
5,5762,291.256500,138.609787,291.256511,138.609947,59
5,5763,553.219910,138.310196,553.219912,138.310344,59
5,5764,291.342987,214.232132,291.342994,214.232280,59
5,5765,520.625854,270.686737,520.625822,270.686863,59
5,5766,323.937042,81.855583,323.937056,81.855747,59
5,5767,520.409607,81.630890,520.409600,81.631052,59
5,5768,324.153290,270.911407,324.153307,270.911558,59
5,5769,455.178223,308.572784,455.178220,308.572916,59
5,5770,389.384674,43.969498,389.384686,43.969665,59
5,5771,454.875549,43.894619,454.875544,43.894786,59
5,5772,389.687347,308.647705,389.687363,308.647824,59
5,5773,564.199951,195.014450,564.199920,195.014596,59
5,5774,280.363007,157.527878,280.363015,157.528028,59
5,5775,564.156677,157.203278,564.156664,157.203436,59
5,5776,280.406219,195.339035,280.406243,195.339188,59
5,5777,509.732330,289.604767,509.732326,289.604915,59
5,5778,334.830566,62.937557,334.830580,62.937724,59
5,5779,509.472870,62.737793,509.472848,62.737959,59
5,5780,335.090027,289.804504,335.090030,289.804651,59
5,5781,477.008545,308.547821,477.008525,308.547956,59
5,5782,367.554413,43.994484,367.554410,43.994654,59
5,5783,476.705811,43.869629,476.705791,43.869798,59
5,5784,367.857117,308.672638,367.857116,308.672783,59
5,5785,422.454407,327.515808,422.454420,327.515928,59
5,5786,422.108490,25.026482,422.108487,25.026653,59
5,5787,422.108490,25.026482,422.108487,25.026653,59
5,5788,422.454407,327.515808,422.454420,327.515928,59
5,5789,553.349670,251.743683,553.349680,251.743822,59
5,5790,291.213226,100.798630,291.213255,100.798788,59
5,5791,553.176697,100.499023,553.176656,100.499184,59
5,5792,291.386230,252.043289,291.386250,252.043425,59
5,5793,564.243225,232.825623,564.243176,232.825769,59
5,5794,280.319733,119.716698,280.319759,119.716855,59
5,5795,564.113403,119.392105,564.113408,119.392263,59
5,5796,280.449493,233.150192,280.449499,233.150333,59
5,5797,542.456116,270.661743,542.456127,270.661874,59
5,5798,302.106750,81.880569,302.106780,81.880736,59
5,5799,542.239929,81.605904,542.239905,81.606063,59
5,5800,302.323029,270.936371,302.323031,270.936518,59
5,5801,498.838837,308.522827,498.838830,308.522967,59
5,5802,345.724091,44.019447,345.724105,44.019614,59
5,5803,498.536102,43.844669,498.536096,43.844838,59
5,5804,346.026794,308.697601,346.026811,308.697743,59
5,5805,444.284729,327.490845,444.284725,327.490968,59
5,5806,400.278168,25.051472,400.278182,25.051642,59
5,5807,443.938782,25.001522,443.938763,25.001693,59
5,5808,400.624176,327.540771,400.624172,327.540916,59
5,5809,575.093506,176.096375,575.093473,176.096529,59
5,5810,269.469452,176.445938,269.469462,176.446081,59
5,5811,575.136719,213.907547,575.136672,213.907688,59
5,5812,269.426208,138.634766,269.426235,138.634921,59
5,5813,575.050232,138.285217,575.050217,138.285370,59
5,5814,269.512695,214.257095,269.512718,214.257240,59
5,5815,531.562622,289.579834,531.562631,289.579955,59
5,5816,313.000305,62.962517,313.000333,62.962683,59
5,5817,531.303162,62.712833,531.303153,62.712999,59
5,5818,313.259766,289.829468,313.259783,289.829610,59
5,5819,466.115051,327.465881,466.115030,327.466008,59
5,5820,378.447937,25.076431,378.447934,25.076602,59
5,5821,465.769043,24.976562,465.769039,24.976734,59
5,5822,378.793854,327.565735,378.793867,327.565876,59
5,5823,258.532684,157.552841,258.532710,157.552988,59
5,5824,258.575928,195.363998,258.575938,195.364148,59
5,5825,520.669067,308.497864,520.669078,308.498008,59
5,5826,323.893829,44.044407,323.893829,44.044573,59
5,5827,324.196533,308.722565,324.196534,308.722703,59
5,5828,487.945282,327.440918,487.945277,327.441048,59
5,5829,356.617615,25.101391,356.617629,25.101561,59
5,5830,356.963593,327.590698,356.963591,327.590836,59
5,5831,433.391205,346.408936,433.391200,346.409049,59
5,5832,411.560913,346.433868,411.560924,346.434009,59
5,5833,269.382965,100.823601,269.382979,100.823762,59
5,5834,269.555969,252.068268,269.555974,252.068414,59
5,5835,280.276489,81.905533,280.276503,81.905695,59
5,5836,280.492737,270.961365,280.492755,270.961506,59
5,5837,258.489441,119.741653,258.489454,119.741815,59
5,5838,258.619171,233.175171,258.619194,233.175307,59
5,5839,291.170013,62.987476,291.170028,62.987643,59
5,5840,291.429474,289.854462,291.429478,289.854599,59
5,5841,389.730621,346.458832,389.730619,346.458969,59
5,5842,335.133270,327.615692,335.133286,327.615824,59
5,5843,247.639130,176.470886,247.639157,176.471041,59
