4,0,318.783844,276.472900,318.824548,276.468872,92
4,1,329.189697,294.448883,329.133254,294.276308,92
4,2,308.377991,258.496887,308.517128,258.662004,92
4,3,329.148560,258.473145,329.092440,258.637774,92
4,4,308.419128,294.472626,308.558069,294.298979,92
4,5,339.554443,276.449158,339.401199,276.445388,92
4,6,298.013245,276.496643,298.250685,276.492281,92
4,7,318.824982,312.448639,318.866787,312.107394,92
4,8,318.742706,240.497162,318.785014,240.829586,92
4,9,318.742706,240.497162,318.785014,240.829586,92
4,10,318.824982,312.448639,318.866787,312.107394,92
4,11,349.960327,294.425140,349.712151,294.254095,92
4,12,287.607361,258.520660,287.943743,258.685653,92
4,13,349.919189,258.449371,349.671484,258.612896,92
4,14,287.648499,294.496399,287.984785,294.322125,92
4,15,339.595581,312.424866,339.444247,312.086000,92
4,16,297.972107,240.520905,298.210140,240.854078,92
4,17,339.513306,240.473404,339.362745,240.803956,92
4,18,298.054382,312.472412,298.292138,312.129795,92
4,19,360.325073,276.425354,359.982440,276.421787,92
4,20,277.242645,276.520416,277.677984,276.515658,92
4,21,329.230835,330.424652,329.177767,329.919251,92
4,22,308.336823,222.521133,308.478052,223.019199,92
4,23,329.107391,222.497391,329.055323,222.993286,92
4,24,308.460266,330.448395,308.600862,329.940329,92
4,25,370.730957,294.401367,370.296546,294.232324,92
4,26,266.836761,258.544434,267.370824,258.708795,92
4,27,370.689789,258.425629,370.256017,258.587387,92
4,28,266.877899,294.520172,267.411937,294.345678,92
4,29,360.366211,312.401123,360.026316,312.065622,92
4,30,277.201477,240.544647,277.636506,240.877518,92
4,31,360.283936,240.449631,359.945124,240.777138,92
4,32,277.283783,312.496155,277.718674,312.153111,92
4,33,350.001465,330.400879,349.758447,329.899682,92
4,34,287.566193,222.544907,287.902829,223.043549,92
4,35,349.878021,222.473648,349.636433,222.965687,92
4,36,287.689636,330.472137,288.025929,329.962879,92
4,37,381.095642,276.401611,380.570091,276.398112,92
4,38,256.472015,276.544159,257.104959,276.538967,92
4,39,318.866150,348.424377,318.911863,347.755427,92
4,40,318.701538,204.521393,318.748410,205.179370,92
4,41,318.701538,204.521393,318.748410,205.179370,92
4,42,318.866150,348.424377,318.911863,347.755427,92
4,43,381.136780,312.377380,380.614815,312.046289,92
4,44,256.430878,240.568420,257.062637,240.900001,92
4,45,381.054535,240.425888,380.533991,240.749093,92
4,46,256.513153,312.519897,257.144913,312.177323,92
4,47,391.501556,294.377625,390.888377,294.211056,92
4,48,246.066132,258.568176,246.796953,258.731430,92
4,49,391.460388,258.401886,390.848026,258.561189,92
4,50,246.107254,294.543915,246.838104,294.369654,92
4,51,370.772064,330.377136,370.344656,329.881732,92
4,52,266.795593,222.568665,267.328210,223.066388,92
4,53,370.648651,222.449875,370.223151,222.936308,92
4,54,266.919037,330.495880,267.451512,329.986829,92
4,55,339.636749,348.400635,339.492014,347.736233,92
4,56,297.930939,204.545166,298.170758,205.205179,92
4,57,339.472137,204.497650,339.329079,205.151428,92
4,58,298.095520,348.448120,298.334635,347.776645,92
4,59,360.407379,348.376862,360.076875,347.719119,92
4,60,277.160339,204.568924,277.594528,205.228972,92
4,61,360.242767,204.473892,359.914535,205.121215,92
4,62,277.324921,348.471924,277.758720,347.799817,92
4,63,401.866241,276.377869,401.166251,276.374326,92
4,64,235.701416,276.567902,236.530395,276.562257,92
4,65,308.295685,186.545410,308.441227,187.360741,92
4,66,329.066254,186.521637,329.022243,187.332841,92
4,67,401.907410,312.353607,401.211868,312.028003,92
4,68,401.825134,240.402145,401.131381,240.719759,92
4,69,391.542694,330.353363,390.938404,329.865421,92
4,70,391.419220,222.426117,390.817367,222.905091,92
4,71,296.052429,277.255859,296.045388,277.259949,86
4,72,306.346649,295.038971,306.328132,295.023118,86
4,73,285.758179,259.472717,285.763364,259.496830,86
4,74,306.305969,259.449219,306.287817,259.472767,86
4,75,285.798889,295.062500,285.803934,295.046251,86
4,76,316.600189,277.232361,316.570580,277.236295,86
4,77,275.504700,277.279358,275.522030,277.283481,86
4,78,296.093140,312.845612,296.086664,312.810227,86
4,79,296.011719,241.666107,296.005765,241.708143,86
4,80,296.011719,241.666107,296.005765,241.708143,86
4,81,296.093140,312.845612,296.086664,312.810227,86
4,82,326.894379,295.015472,326.854933,295.000384,86
4,83,265.210449,259.496246,265.240018,259.520284,86
4,84,326.853699,259.425720,326.814902,259.448020,86
4,85,265.251129,295.085999,265.280809,295.069719,86
4,86,316.640869,312.822113,316.612512,312.788018,86
4,87,275.463959,241.689590,275.481297,241.732154,86
4,88,316.559479,241.642609,316.532150,241.682962,86
4,89,275.545380,312.869110,275.562670,312.833290,86
4,90,337.147949,277.208862,337.099295,277.212475,86
4,91,254.956909,277.302856,254.998956,277.306859,86
4,92,306.387360,330.628754,306.371064,330.577100,86
4,93,285.717468,223.882980,285.723648,223.940846,86
4,94,306.265259,223.859451,306.250144,223.915650,86
4,95,285.839600,330.652252,285.845319,330.599219,86
4,96,347.442169,294.991974,347.386211,294.978030,86
4,97,244.662659,259.519745,244.716297,259.543130,86
4,98,347.401459,259.402222,347.346489,259.422516,86
4,99,244.703354,295.109467,244.757271,295.093539,86
4,100,337.188629,312.798615,337.141901,312.766755,86
4,101,254.916199,241.713104,254.957206,241.755092,86
4,102,337.107239,241.619095,337.062130,241.656524,86
4,103,254.997604,312.892609,255.038980,312.857194,86
4,104,326.935089,330.605255,326.899479,330.556408,86
4,105,265.169739,223.906464,265.198401,223.964400,86
4,106,326.812988,223.835968,326.779397,223.888757,86
4,107,265.291840,330.675720,265.320722,330.622696,86
4,108,357.695709,277.185333,357.633398,277.188445,86
4,109,234.409164,277.326355,234.474883,277.330134,86
4,110,296.133850,348.435364,296.129717,348.369203,86
4,111,295.971008,206.076340,295.968064,206.144616,86
4,112,295.971008,206.076340,295.968064,206.144616,86
4,113,296.133850,348.435364,296.129717,348.369203,86
4,114,357.736389,312.775116,357.676695,312.746442,86
4,115,234.368439,241.736603,234.432220,241.777037,86
4,116,357.654999,241.595596,357.597559,241.628777,86
4,117,234.449844,312.916138,234.514314,312.881921,86
4,118,367.989929,294.968475,367.923815,294.956037,86
4,119,224.114914,259.543243,224.191025,259.565457,86
4,120,367.949219,259.378723,367.884395,259.396273,86
4,121,224.155609,295.132996,224.232139,295.117727,86
4,122,347.482880,330.581726,347.432430,330.537175,86
4,123,244.621948,223.929962,244.672940,223.986461,86
4,124,347.360748,223.812469,347.313260,223.860044,86
4,125,244.744064,330.699249,244.795794,330.647482,86
4,126,316.681580,348.411865,316.658066,348.348607,86
4,127,275.423248,206.099854,275.440772,206.169402,86
4,128,316.518768,206.052841,316.497458,206.117668,86
4,129,275.586090,348.458893,275.603343,348.391725,86
4,130,337.229340,348.388367,337.190065,348.330002,86
4,131,255.038315,348.482391,255.077410,348.416015,86
4,132,378.243439,277.161835,378.174770,277.164245,86
4,133,295.895721,277.651520,295.891637,277.658905,82
4,134,306.144806,295.356628,306.129068,295.343794,82
4,135,285.646637,259.946411,285.654941,259.973977,82
4,136,306.104279,259.923004,306.089140,259.949890,82
4,137,285.687134,295.380066,285.695200,295.366889,82
4,138,316.353363,277.628143,316.326589,277.635236,82
4,139,275.438110,277.674927,275.458624,277.682408,82
4,140,295.936249,313.085175,295.932617,313.052517,82
4,141,295.855194,242.217896,295.852419,242.263327,82
4,142,295.855194,242.217896,295.852419,242.263327,82
4,143,295.936249,313.085175,295.932617,313.052517,82
4,144,326.602386,295.333252,326.565667,295.321066,82
4,145,265.189026,259.969818,265.221933,259.997399,82
4,146,326.561890,259.899628,326.526104,259.925057,82
4,147,265.229523,295.403442,265.262488,295.390291,82
4,148,316.393860,313.061768,316.368173,313.030368,82
4,149,275.397583,242.241272,275.418196,242.287361,82
4,150,316.312805,242.194504,316.288668,242.238050,82
4,151,275.478607,313.108582,275.499019,313.075507,82
4,152,336.810974,277.604736,336.765219,277.611354,82
4,153,254.980469,277.698334,255.025956,277.705716,82
4,154,306.185333,330.790283,306.171743,330.741030,82
4,155,285.606110,224.512772,285.615625,224.573930,82
4,156,306.063751,224.489349,306.051994,224.548638,82
4,157,285.727692,330.813690,285.736355,330.763053,82
4,158,347.060028,295.309845,347.006921,295.298688,82
4,159,244.731384,259.993195,244.788593,260.020159,82
4,160,347.019531,259.876190,346.967749,259.899406,82
4,161,244.771881,295.426849,244.829400,295.414018,82
4,162,336.851471,313.038361,336.807423,313.009148,82
4,163,254.939926,242.264679,254.984415,242.310253,82
4,164,336.770416,242.171097,336.728671,242.211440,82
4,165,255.020981,313.131958,255.065784,313.099322,82
4,166,326.642914,330.766907,326.609929,330.720433,82
4,167,265.148499,224.536163,265.180596,224.597495,82
4,168,326.521332,224.465958,326.491258,224.521561,82
4,169,265.270081,330.837067,265.302195,330.786434,82
4,170,357.268616,277.581329,357.209443,277.587214,82
4,171,234.522858,277.721710,234.592310,277.728881,82
4,172,295.976776,348.518799,295.975478,348.454673,82
4,173,295.814667,206.784241,295.815244,206.855314,82
4,174,295.814667,206.784241,295.815244,206.855314,82
4,175,295.976776,348.518799,295.975478,348.454673,82
4,176,357.309113,313.014984,357.252282,312.988862,82
4,177,234.482315,242.288086,234.549767,242.332086,82
4,178,357.228088,242.147690,357.174333,242.183442,82
4,179,234.563354,313.155365,234.631591,313.123947,82
4,180,367.517670,295.286438,367.454735,295.276637,82
4,181,367.477142,259.852814,367.415950,259.872951,82
4,182,224.314270,295.450256,224.394718,295.438086,82
4,183,347.100555,330.743500,347.052830,330.701295,82
4,184,346.978973,224.442566,346.935317,224.492572,82
4,185,244.812424,330.860504,244.867742,330.811123,82
4,186,316.434387,348.495422,316.413535,348.434209,82
4,187,275.519165,348.542236,275.539501,348.477077,82
4,188,336.891998,348.472015,336.855395,348.415751,82
4,189,255.061508,348.565613,255.104024,348.501262,82
4,190,377.726196,277.557922,377.661199,277.562855,82
4,191,318.853485,277.279175,318.836029,277.282801,84
4,192,329.644409,295.920349,329.622441,295.916086,84
4,193,308.062561,258.637970,308.050368,258.649648,84
4,194,329.601746,258.613342,329.580311,258.624301,84
4,195,308.105225,295.944977,308.092735,295.940416,84
4,196,340.392700,277.254547,340.366780,277.257897,84
4,197,297.314301,277.303802,297.307098,277.307567,84
4,198,318.896149,314.586151,318.879165,314.574176,84
4,199,318.810822,239.972168,318.794648,239.990063,84
4,200,318.810822,239.972168,318.794648,239.990063,84
4,201,318.896149,314.586151,318.879165,314.574176,84
4,202,351.183624,295.895721,351.154611,295.891979,84
4,203,286.523315,258.662598,286.521642,258.674516,84
4,204,351.140991,258.588684,351.112737,258.598415,84
4,205,286.565979,295.969635,286.564224,295.964992,84
4,206,340.435364,314.561523,340.410310,314.550646,84
4,207,297.271606,239.996796,297.264882,240.015529,84
4,208,340.350037,239.947525,340.326285,239.963734,84
4,209,297.356934,314.610809,297.349849,314.598313,84
4,210,361.931946,277.229889,361.900581,277.232814,84
4,211,275.775085,277.328461,275.778884,277.332237,84
4,212,329.687073,333.227386,329.667012,333.210028,84
4,213,308.019897,221.330948,308.009192,221.354078,84
4,214,329.559082,221.306320,329.540616,221.327618,84
4,215,308.147888,333.252014,308.136290,333.233323,84
4,216,372.722870,295.871063,372.690438,295.868071,84
4,217,264.984131,258.687256,264.993177,258.698969,84
4,218,372.680206,258.564056,372.648807,258.572020,84
4,219,265.026764,295.994263,265.035949,295.989752,84
4,220,361.974609,314.536896,361.944516,314.527717,84
4,221,275.732391,240.021423,275.735893,240.040199,84
4,222,361.889252,239.922882,361.861017,239.936509,84
4,223,275.817719,314.635437,275.821264,314.622975,84
4,224,351.226318,333.202728,351.200237,333.187658,84
4,225,286.480652,221.355606,286.479076,221.379403,84
4,226,351.098297,221.281693,351.074599,221.299929,84
4,227,286.608673,333.276642,286.606809,333.257533,84
4,228,383.471130,277.205261,383.438641,277.207598,84
4,229,254.235840,277.353058,254.250375,277.356771,84
4,230,318.938843,351.893188,318.924150,351.871177,84
4,231,318.768127,202.665131,318.755199,202.689064,84
4,232,318.768127,202.665131,318.755199,202.689064,84
4,233,318.938843,351.893188,318.924150,351.871177,84
4,234,383.513763,314.512299,383.482991,314.505406,84
4,235,254.193161,240.046051,254.206677,240.064147,84
4,236,383.428467,239.898254,383.400075,239.908364,84
4,237,254.278488,314.660065,254.292395,314.648164,84
4,238,394.262085,295.846436,394.231227,295.844422,84
4,239,243.444885,258.711884,243.463997,258.722990,84
4,240,394.219391,258.539429,394.189881,258.545065,84
4,241,243.487534,296.018890,243.506930,296.014718,84
4,242,372.765533,333.178101,372.737126,333.166307,84
4,243,264.941437,221.380234,264.949322,221.403615,84
4,244,372.637543,221.257050,372.612322,221.270935,84
4,245,265.069458,333.301270,265.077612,333.282608,84
4,246,340.478027,351.868561,340.456969,351.849090,84
4,247,297.228943,202.689774,297.223403,202.715406,84
4,248,340.307343,202.640503,340.288981,202.661197,84
4,249,297.399628,351.917816,297.393235,351.894551,84
4,250,362.017273,351.843903,361.992914,351.828316,84
4,251,275.689728,202.714417,275.692517,202.740301,84
4,252,361.846588,202.615860,361.825958,202.631696,84
4,253,275.860413,351.942474,275.863132,351.919176,84
4,254,405.010345,277.180634,404.982416,277.182213,84
4,255,232.696640,277.377686,232.720775,277.381216,84
4,256,329.729767,370.534393,329.714123,370.513046,84
4,257,307.977203,184.023941,307.969502,184.047083,84
4,258,329.516388,183.999298,329.503612,184.019289,84
4,259,308.190582,370.559021,308.181148,370.535179,84
4,260,405.053009,314.487640,405.027217,314.483702,84
4,261,232.653961,240.070694,232.676445,240.087425,84
4,262,404.967682,239.873627,404.944849,239.879249,84
4,263,232.739288,314.684723,232.762450,314.673876,84
4,264,394.304749,333.153473,394.279066,333.145977,84
4,265,243.402206,221.404861,243.418969,221.426827,84
4,266,394.176727,221.232407,394.155047,221.240601,84
4,267,243.530212,333.325928,243.547729,333.308526,84
4,268,415.801300,295.821808,415.778413,295.821008,84
4,269,221.905670,258.736511,221.933383,258.746653,84
4,270,415.758606,258.514771,415.737361,258.517500,84
4,271,221.948334,296.043549,221.976443,296.039912,84
4,272,383.556458,351.819275,383.533184,351.808962,84
4,273,254.150482,202.739044,254.161552,202.763839,84
4,274,383.385803,202.591232,383.367345,202.600520,84
4,275,254.321167,351.967102,254.332841,351.944924,84
4,276,351.268982,370.509766,351.249701,370.492582,84
4,277,286.437958,184.048569,286.436858,184.073045,84
4,278,351.055634,183.974670,351.040419,183.989586,84
4,279,286.651337,370.583679,286.649525,370.558934,84
4,280,372.808197,370.485138,372.789029,370.473857,84
4,281,264.898773,184.073212,264.904754,184.097324,84
4,282,372.594879,183.950043,372.581083,183.957855,84
4,283,265.112122,370.608276,265.118315,370.584163,84
4,284,426.549561,277.156006,426.533341,277.156650,84
4,285,211.157425,277.402313,211.189349,277.405589,84
4,286,318.981476,389.200226,318.971160,389.180605,84
4,287,318.725494,165.358124,318.718056,165.373301,84
4,288,318.725494,165.358124,318.718056,165.373301,84
4,289,318.981476,389.200226,318.971160,389.180605,84
4,290,415.843933,333.128815,415.827371,333.126667,84
4,291,221.862991,221.429504,221.887308,221.449152,84
4,292,415.715973,221.207779,415.704280,221.208900,84
4,293,221.991013,333.350555,222.016439,333.335172,84
4,294,426.592224,314.463013,426.578545,314.462675,84
4,295,211.114746,240.095322,211.144473,240.110094,84
4,296,426.506897,239.848969,426.496768,239.849109,84
4,297,211.200073,314.709351,211.230694,314.700021,84
4,298,405.095703,351.794647,405.079254,351.791039,84
4,299,232.611282,202.763687,232.629738,202.786165,84
4,300,404.925018,202.566589,404.914546,202.567581,84
4,301,232.781967,351.991730,232.801576,351.971743,84
4,302,340.520691,389.175568,340.506905,389.160105,84
4,303,297.186279,165.382751,297.183087,165.400788,84
4,304,340.264709,165.333496,340.255192,165.343634,84
4,305,297.442261,389.224854,297.437458,389.203047,84
4,306,437.340515,295.797180,437.333460,295.797830,84
4,307,200.366470,258.761139,200.400682,258.770007,84
4,308,437.297821,258.490143,437.292707,258.489368,84
4,309,200.409119,296.068176,200.443833,296.065269,84
4,310,394.347412,370.460480,394.333453,370.456900,84
4,311,243.359528,184.097839,243.372253,184.120025,84
4,312,394.134064,183.925415,394.126877,183.924047,84
4,313,243.572891,370.632904,243.586559,370.610796,84
4,314,362.059937,389.150940,362.045896,389.141695,84
4,315,275.647064,165.407394,275.649232,165.426215,84
4,316,361.803925,165.308853,361.795679,165.311644,84
4,317,275.903076,389.249481,275.904724,389.227356,84
4,318,383.599121,389.126312,383.589344,389.125424,84
4,319,383.343109,165.284225,383.340680,165.277259,84
4,320,254.363831,389.274109,254.371977,389.253416,84
4,321,448.088776,277.131348,448.092847,277.130877,84
4,322,189.618210,277.426971,189.655557,277.429943,84
4,323,329.772400,407.841400,329.764054,407.831928,84
4,324,308.233215,407.866028,308.227629,407.852656,84
4,325,437.383179,333.104187,437.383615,333.108454,84
4,326,200.323792,221.454132,200.353703,221.470682,84
4,327,437.255157,221.183151,437.261383,221.175782,84
4,328,200.451797,333.375183,200.483095,333.362506,84
4,329,426.634888,351.770020,426.632466,351.774582,84
4,330,426.464203,202.541962,426.468890,202.532859,84
4,331,211.242752,352.016357,211.268617,351.999543,84
4,332,448.131439,314.438385,448.138490,314.442307,84
4,333,448.046143,239.824341,448.057341,239.817979,84
4,334,189.660873,314.733978,189.696588,314.726588,84
4,335,415.886627,370.435852,415.884362,370.441818,84
4,336,415.673279,183.900772,415.679201,183.888067,84
4,337,222.033691,370.657532,222.053555,370.638722,84
4,338,351.311646,407.816742,351.303241,407.813526,84
4,339,286.694000,407.890656,286.692739,407.875623,84
4,340,458.879730,295.772522,458.897905,295.774864,84
4,341,405.138367,389.101654,405.138652,389.111331,84
4,342,232.824615,389.298767,232.838453,389.281123,84
4,343,372.850891,407.792114,372.846346,407.797609,84
4,344,265.154785,407.915314,265.158465,407.900726,84
4,345,261.500824,296.247711,261.422727,296.334545,78
4,346,271.833801,314.097748,271.931429,314.488448,78
4,347,251.167862,278.397675,250.914384,278.181239,78
4,348,271.792969,278.374084,271.889759,278.157189,78
4,349,251.208710,314.121338,250.955696,314.512412,78
4,350,282.125885,296.224121,282.398457,296.310639,78
4,351,240.875732,296.271301,240.447435,296.358656,78
4,352,261.541687,331.971375,261.464332,332.667745,78
4,353,261.459991,260.524048,261.381313,260.003355,78
4,354,261.459991,260.524048,261.381313,260.003355,78
4,355,261.541687,331.971375,261.464332,332.667745,78
4,356,292.458862,314.074158,292.908245,314.465117,78
4,357,230.542801,278.421265,229.938925,278.205093,78
4,358,292.418030,278.350494,292.866207,278.132891,78
4,359,230.583649,314.144928,229.979893,314.537001,78
4,360,282.166748,331.947784,282.441171,332.644373,78
4,361,240.834885,260.547638,240.405678,260.027162,78
4,362,282.085052,260.500458,282.357428,259.978901,78
4,363,240.916595,331.994995,240.487994,332.692168,78
4,364,302.750977,296.200531,303.375975,296.286913,78
4,365,220.250656,296.294891,219.471512,296.382991,78
4,366,271.874664,349.821442,271.974083,350.826112,78
4,367,251.126999,242.673996,250.872518,241.847778,78
4,368,271.752106,242.650406,271.848975,241.823554,78
4,369,251.249573,349.845032,250.996556,350.849883,78
4,370,313.083923,314.050568,313.887539,314.442420,78
4,371,209.917740,278.444824,208.962322,278.228778,78
4,372,313.043091,278.326904,313.845122,278.108378,78
4,373,209.958572,314.168518,209.002957,314.562121,78
4,374,302.791840,331.924194,303.419854,332.622086,78
4,375,220.209824,260.571228,219.429455,260.050406,78
4,376,302.710144,260.476868,303.335363,259.953806,78
4,377,220.291534,332.018555,219.511094,332.717521,78
4,378,292.499725,349.797821,292.952801,350.803787,78
4,379,230.501938,242.697601,229.896073,241.871020,78
4,380,292.377167,242.626816,292.826590,241.798280,78
4,381,230.624512,349.868591,230.019078,350.875034,78
4,382,323.376007,296.176941,324.356637,296.263427,78
4,383,199.625595,296.318481,198.493990,296.407491,78
4,384,261.582550,367.695068,261.506300,369.011574,78
4,385,261.419098,224.800369,261.340149,223.665536,78
4,386,261.419098,224.800369,261.340149,223.665536,78
4,387,261.582550,367.695068,261.506300,369.011574,78
4,388,323.416901,331.900635,324.401730,332.600935,78
4,389,199.584763,260.594788,198.451682,260.073151,78
4,390,323.335175,260.453278,324.316473,259.927998,78
4,391,199.666458,332.042145,198.532672,332.743756,78
4,392,333.708984,314.026978,334.870816,314.420440,78
4,393,189.292664,278.468445,187.983735,278.252349,78
4,394,333.668152,278.303314,334.828011,278.083605,78
4,395,189.333511,314.192108,188.024052,314.587758,78
4,396,313.124786,349.774231,313.934093,350.783045,78
4,397,209.876862,242.721176,208.918589,241.893357,78
4,398,313.002228,242.603241,313.806747,241.771868,78
4,399,209.999451,349.892181,209.040601,350.901462,78
4,400,282.207611,367.671478,282.485722,368.988922,78
4,401,240.794022,224.823944,240.362794,223.689211,78
4,402,282.044189,224.776779,282.318123,223.640437,78
4,403,240.957458,367.718628,240.527546,369.036049,78
4,404,302.832703,367.647858,303.467134,368.968183,78
4,405,220.168961,224.847549,219.385010,223.711595,78
4,406,302.669281,224.753174,303.298045,223.613783,78
4,407,344.001099,296.153351,345.342123,296.240157,78
4,408,271.711212,206.926743,271.809357,205.479003,78
4,409,343.960266,260.429657,345.302432,259.901409,78
4,410,333.627289,242.579651,334.790942,241.744239,78
4,411,284.573730,296.463684,284.566630,296.462005,103
4,412,295.028778,314.524597,295.018196,314.517031,103
4,413,274.118744,278.402802,274.115842,278.407792,103
4,414,294.987457,278.378906,294.976701,278.383636,103
4,415,274.160065,314.548462,274.156988,314.540591,103
4,416,305.442474,296.439819,305.428267,296.438231,103
4,417,263.705017,296.487549,263.706223,296.485949,103
4,418,284.615082,332.609344,284.608485,332.597079,103
4,419,284.532410,260.317993,284.525809,260.328821,103
4,420,284.532410,260.317993,284.525809,260.328821,103
4,421,284.615082,332.609344,284.608485,332.597079,103
4,422,315.897491,314.500702,315.881333,314.494107,103
4,423,253.250015,278.426666,253.255494,278.431679,103
4,424,315.856171,278.355042,315.839480,278.359243,103
4,425,253.291336,314.572327,253.296302,314.564783,103
4,426,305.483826,332.585480,305.471288,332.574385,103
4,427,263.663696,260.341888,263.664981,260.352933,103
4,428,305.401154,260.294159,305.387906,260.304035,103
4,429,263.746368,332.633209,263.746971,332.620869,103
4,430,326.311157,296.415955,326.292511,296.414685,103
4,431,242.836288,296.511414,242.845688,296.510087,103
4,432,295.070129,350.670258,295.061579,350.656932,103
4,433,274.077393,242.257111,274.074917,242.272349,103
4,434,294.946106,242.233246,294.937001,242.247581,103
4,435,274.201416,350.694153,274.198451,350.679852,103
4,436,336.766205,314.476837,336.747928,314.471902,103
4,437,232.381302,278.450500,232.394496,278.455352,103
4,438,336.724854,278.331177,336.705708,278.334564,103
4,439,232.422623,314.596191,232.434978,314.589598,103
4,440,326.352509,332.561646,326.336749,332.552843,103
4,441,242.794968,260.365753,242.804069,260.376369,103
4,442,326.269836,260.270294,326.252642,260.278498,103
4,443,242.877640,332.657104,242.885394,332.645719,103
4,444,315.938843,350.646393,315.926738,350.635620,103
4,445,253.208664,242.280975,253.213435,242.296026,103
4,446,315.814819,242.209381,315.801087,242.221629,103
4,447,253.332687,350.717987,253.335957,350.704239,103
4,448,347.179871,296.392090,347.161070,296.391344,103
4,449,221.967590,296.535309,221.983957,296.534440,103
4,450,284.656433,368.755035,284.651534,368.743194,103
4,451,284.491058,224.172348,284.486075,224.188475,103
4,452,284.491058,224.172348,284.486075,224.188475,103
4,453,284.656433,368.755035,284.651534,368.743194,103
4,454,347.221222,332.537750,347.206571,332.532474,103
4,455,221.926254,260.389618,221.942009,260.399219,103
4,456,347.138550,260.246399,347.121720,260.252141,103
4,457,222.008942,332.680969,222.022694,332.671504,103
4,458,357.634918,314.452972,357.619670,314.450412,103
4,459,211.512604,278.474365,211.531795,278.478839,103
4,460,357.593597,278.307281,357.577074,278.309553,103
4,461,211.553925,314.620056,211.571963,314.614942,103
4,462,336.807556,350.622528,336.795445,350.615966,103
4,463,232.339951,242.304855,232.351407,242.318685,103
4,464,336.683533,242.185516,336.668693,242.194408,103
4,465,232.463974,350.741852,232.472952,350.730020,103
4,466,305.525177,368.731140,305.517107,368.721699,103
4,467,263.622345,224.196213,263.623313,224.212864,103
4,468,305.359802,224.148453,305.350239,224.162475,103
4,469,263.787720,368.778900,263.787404,368.766634,103
4,470,326.393860,368.707275,326.385478,368.702314,103
4,471,242.753616,224.220062,242.760620,224.235785,103
4,472,326.228485,224.124603,326.217162,224.134818,103
4,473,242.918991,368.802765,242.923387,368.791925,103
4,474,368.048615,296.368195,368.035608,296.368182,103
4,475,201.098877,296.559174,201.120076,296.558948,103
4,476,295.111450,386.815948,295.107115,386.812457,103
4,477,274.036041,206.111450,274.034512,206.125402,103
4,478,294.904755,206.087570,294.899363,206.099738,103
4,479,274.242737,386.839783,274.240530,386.834410,103
4,480,368.089935,332.513885,368.082387,332.513376,103
4,481,368.007263,260.222534,367.996775,260.224980,103
4,482,357.676270,350.598633,357.669376,350.598011,103
4,483,211.471252,242.328720,211.487790,242.340413,103
4,484,357.552246,242.161636,357.541497,242.165870,103
4,485,378.503601,314.429108,378.498249,314.429659,103
4,486,378.462280,278.283447,378.455268,278.284248,103
4,487,347.262573,368.683441,347.258332,368.685107,103
4,488,347.097198,224.100739,347.088530,224.105387,103
4,489,315.773468,206.063705,315.766388,206.071998,103
4,490,307.514954,296.537842,307.500300,296.536592,80
4,491,318.232971,315.053070,318.215541,315.046968,80
4,492,296.796936,278.022583,296.785962,278.027056,80
4,493,318.190613,277.998138,318.172990,278.002214,80
4,494,296.839294,315.077545,296.828235,315.070989,80
4,495,328.908600,296.513367,328.888210,296.512252,80
4,496,286.121246,296.562317,286.113907,296.561117,80
4,497,307.557343,333.592773,307.543490,333.582540,80
4,498,307.472595,259.482910,307.458632,259.492180,80
4,499,307.472595,259.482910,307.458632,259.492180,80
4,500,307.557343,333.592773,307.543490,333.582540,80
4,501,339.626648,315.028595,339.605045,315.023520,80
4,502,275.403259,278.047089,275.399928,278.051715,80
4,503,339.584290,277.973663,339.562209,277.977143,80
4,504,275.445618,315.102020,275.441931,315.095504,80
4,505,328.950989,333.568329,328.932359,333.559451,80
4,506,286.078888,259.507355,286.071871,259.517165,80
4,507,328.866241,259.458435,328.846938,259.466599,80
4,508,286.163635,333.617249,286.156181,333.606538,80
4,509,350.302307,296.488922,350.279003,296.488071,80
4,510,264.727570,296.586792,264.727977,296.585767,80
4,511,318.275360,352.108032,318.260323,352.097010,80
4,512,296.754547,240.967667,296.744517,240.980968,80
4,513,318.148224,240.943207,318.132584,240.955225,80
4,514,296.881683,352.132477,296.871423,352.120081,80
4,515,361.020355,315.004150,360.998081,315.000638,80
4,516,254.009552,278.071533,254.013787,278.076153,80
4,517,360.977966,277.949188,360.954952,277.951799,80
4,518,254.051926,315.126465,254.055528,315.120516,80
4,519,350.344696,333.543823,350.324149,333.537284,80
4,520,264.685211,259.531860,264.685605,259.541622,80
4,521,350.259949,259.433960,350.238150,259.440357,80
4,522,264.769958,333.641693,264.769383,333.631399,80
4,523,339.669037,352.083557,339.651496,352.075250,80
4,524,275.360870,240.992126,275.357511,241.005774,80
4,525,339.541901,240.918732,339.522901,240.928471,80
4,526,275.488007,352.156982,275.483608,352.144427,80
4,527,371.696014,296.464417,371.673978,296.464024,80
4,528,243.333878,296.611237,243.341447,296.610569,80
4,529,307.599731,370.647705,307.588312,370.637370,80
4,530,307.430206,222.427948,307.418507,222.441838,80
4,531,307.430206,222.427948,307.418507,222.441838,80
4,532,307.599731,370.647705,307.588312,370.637370,80
4,533,371.738373,333.519379,371.720127,333.516132,80
4,534,243.291504,259.556305,243.298776,259.565540,80
4,535,371.653595,259.409485,371.633536,259.413480,80
4,536,243.376266,333.666199,243.382040,333.657099,80
4,537,382.414001,314.979675,382.395964,314.978339,80
4,538,232.615891,278.096008,232.626660,278.100422,80
4,539,382.371613,277.924713,382.352535,277.926224,80
4,540,232.658249,315.150970,232.668149,315.146021,80
4,541,361.062744,352.059082,361.046265,352.054831,80
4,542,253.967163,241.016602,253.970475,241.029721,80
4,543,360.935577,240.894257,360.916794,240.900667,80
4,544,254.094315,352.181427,254.095788,352.169920,80
4,545,328.993378,370.623260,328.979480,370.615660,80
4,546,286.036499,222.452438,286.030108,222.467462,80
4,547,328.823853,222.403488,328.808551,222.414907,80
4,548,286.206024,370.672211,286.198818,370.660753,80
4,549,350.387085,370.598785,350.373671,370.595676,80
4,550,264.642822,222.476898,264.642316,222.491807,80
4,551,350.217529,222.379028,350.201588,222.386567,80
4,552,264.812347,370.696655,264.809966,370.685662,80
4,553,393.089661,296.439972,393.074550,296.440168,80
4,554,221.940201,296.635742,221.953515,296.635544,80
4,555,318.317719,389.162964,318.307513,389.159681,80
4,556,296.712158,203.912735,296.704126,203.925423,80
4,557,318.105835,203.888260,318.094524,203.898585,80
4,558,296.924042,389.187439,296.915730,389.181629,80
4,559,393.132050,333.494904,393.121789,333.495996,80
4,560,221.897842,259.580780,221.910585,259.588998,80
4,561,393.047272,259.385040,393.034565,259.385912,80
4,562,221.982590,333.690643,221.993354,333.683521,80
4,563,382.456390,352.034607,382.445939,352.035857,80
4,564,232.573486,241.041077,232.582540,241.052870,80
4,565,382.329254,240.869797,382.315598,240.871785,80
4,566,232.700638,352.205902,232.707097,352.196504,80
4,567,403.807678,314.955200,403.800288,314.956611,80
4,568,211.222214,278.120453,211.237743,278.124546,80
4,569,403.765289,277.900269,403.756526,277.900380,80
4,570,211.264572,315.175415,211.278989,315.171931,80
4,571,371.780762,370.574341,371.772137,370.577487,80
4,572,243.249115,222.501358,243.254087,222.514997,80
4,573,371.611237,222.354553,371.598900,222.356738,80
4,574,243.418655,370.721130,243.420712,370.712022,80
4,575,339.711395,389.138489,339.701709,389.139758,80
4,576,275.318481,203.937210,275.314935,203.950619,80
4,577,339.499512,203.863800,339.487298,203.870018,80
4,578,275.530365,389.211884,275.525195,389.205524,80
4,579,361.105103,389.114014,361.099627,389.122010,80
4,580,253.924774,203.961670,253.925875,203.974273,80
4,581,360.893188,203.839325,360.883757,203.839608,80
4,582,254.136673,389.236359,254.134835,389.231244,80
4,583,414.483337,296.415497,414.482268,296.416477,80
4,584,200.546524,296.660187,200.563458,296.660633,80
4,585,307.642090,407.702667,307.635095,407.708286,80
4,586,307.387817,185.373016,307.380249,185.378443,80
4,587,307.387817,185.373016,307.380249,185.378443,80
4,588,307.642090,407.702667,307.635095,407.708286,80
4,589,403.850098,352.010162,403.852102,352.018341,80
4,590,211.179825,241.065536,211.192910,241.075289,80
4,591,403.722931,240.845337,403.720816,240.841771,80
4,592,211.306961,352.230347,211.316741,352.224089,80
4,593,414.525696,333.470428,414.530564,333.476874,80
4,594,200.504166,259.605225,200.520315,259.612053,80
4,595,414.440948,259.360535,414.442751,259.357603,80
4,596,200.588913,333.715118,200.602610,333.710629,80
4,597,393.174438,370.549835,393.176334,370.561124,80
4,598,221.855453,222.525833,221.864639,222.537151,80
4,599,393.004883,222.330078,393.001861,222.325379,80
4,600,222.024979,370.745575,222.030278,370.739719,80
4,601,329.035736,407.678192,329.029860,407.688206,80
4,602,285.994110,185.397476,285.988981,185.404909,80
4,603,328.781464,185.348541,328.773333,185.349921,80
4,604,286.248383,407.727142,286.242193,407.730713,80
4,605,425.201355,314.930725,425.212520,314.935521,80
4,606,189.828537,278.144958,189.846432,278.148580,80
4,607,425.158997,277.875793,425.168474,277.874256,80
4,608,189.870895,315.199890,189.887446,315.198237,80
4,609,382.498779,389.089569,382.502584,389.106490,80
4,610,232.531097,203.986145,232.536100,203.996539,80
4,611,382.286865,203.814865,382.285221,203.807305,80
4,612,232.742996,389.260834,232.743806,389.258683,80
4,613,350.429443,407.653717,350.427813,407.670565,80
4,614,264.600433,185.421951,264.598516,185.429476,80
4,615,350.175140,185.324081,350.169559,185.319256,80
4,616,264.854706,407.751617,264.850145,407.755380,80
4,617,371.568848,185.299606,371.570190,185.286322,80
4,618,435.877014,296.391052,435.898712,296.392952,80
4,619,425.243744,351.985687,425.266213,352.002317,80
4,620,425.116608,240.820847,425.133991,240.810566,80
4,621,414.398590,222.305618,414.412084,222.292457,80
4,622,284.452606,297.080811,284.402727,297.014883,73
4,623,294.743378,314.857910,294.660493,314.734979,73
4,624,274.161896,279.303680,274.145832,279.295569,73
4,625,294.702698,279.280182,294.619944,279.271702,73
4,626,274.202576,314.881378,274.186092,314.758114,73
4,627,304.993439,297.057281,304.877713,296.991449,73
4,628,263.911835,297.104279,263.929228,297.038452,73
4,629,284.493317,332.658508,284.443785,332.479729,73
4,630,284.411957,261.503082,284.362942,261.551566,73
4,631,284.411957,261.503082,284.362942,261.551566,73
4,632,284.493317,332.658508,284.443785,332.479729,73
4,633,315.284180,314.834381,315.137179,314.712507,73
4,634,253.621094,279.327179,253.672397,279.319074,73
4,635,315.243500,279.256683,315.096334,279.247499,73
4,636,253.661758,314.904877,253.712377,314.781907,73
4,637,305.034149,332.635010,304.919986,332.457573,73
4,638,263.871155,261.526581,263.888859,261.575384,73
4,639,304.952759,261.479584,304.838558,261.526917,73
4,640,263.952515,332.681976,263.969133,332.503069,73
4,641,325.534210,297.033813,325.355765,296.968207,73
4,642,243.371002,297.127777,243.455678,297.062183,73
4,643,294.784088,350.435608,294.703280,350.205020,73
4,644,274.121216,243.725967,274.105933,243.829413,73
4,645,294.661987,243.702484,294.581545,243.804782,73
4,646,274.243286,350.459106,274.226803,350.227374,73
4,647,335.824951,314.810913,335.617889,314.690783,73
4,648,233.080292,279.350677,233.198310,279.342277,73
4,649,335.784302,279.233215,335.576741,279.222907,73
4,650,233.120972,314.928375,233.238017,314.806348,73
4,651,325.574921,332.611542,325.399307,332.436662,73
4,652,243.330322,261.550079,243.414778,261.598379,73
4,653,325.493530,261.456116,325.317281,261.501351,73
4,654,243.411697,332.705505,243.494498,332.527552,73
4,655,315.324860,350.412109,315.182151,350.184427,73
4,656,253.580383,243.749466,253.631106,243.852740,73
4,657,315.202789,243.679001,315.059530,243.778743,73
4,658,253.702469,350.482605,253.751134,350.251340,73
4,659,346.075012,297.010315,345.838805,296.945131,73
4,660,222.830200,297.151276,222.980846,297.086098,73
4,661,284.534027,368.236237,284.486286,367.956488,73
4,662,284.371246,225.925385,284.324507,226.079501,73
4,663,284.371246,225.925385,284.324507,226.079501,73
4,664,284.534027,368.236237,284.486286,367.956488,73
4,665,346.115723,332.588013,345.883667,332.417021,73
4,666,222.789536,261.573547,222.939474,261.620648,73
4,667,346.034363,261.432587,345.801028,261.474793,73
4,668,222.870911,332.728973,223.018657,332.553048,73
4,669,356.365784,314.787415,356.104535,314.669805,73
4,670,212.539490,279.374146,212.722366,279.365213,73
4,671,356.325104,279.209686,356.063078,279.197875,73
4,672,212.580170,314.951874,212.761809,314.831340,73
4,673,335.865662,350.388641,335.665144,350.165653,73
4,674,233.039597,243.772964,233.155746,243.874853,73
4,675,335.743591,243.655502,335.541615,243.751202,73
4,676,233.161667,350.506073,233.274956,350.276837,73
4,677,305.074829,368.212708,304.965528,367.935745,73
4,678,263.830444,225.948868,263.848121,226.103705,73
4,679,304.912048,225.901871,304.802581,226.053410,73
4,680,263.993225,368.259705,264.008763,367.979388,73
4,681,325.615601,368.189209,325.448042,367.917331,73
4,682,325.452820,225.878387,325.283899,226.025369,73
4,683,366.615845,296.986816,366.328735,296.922195,73
4,684,306.238617,296.679138,306.223992,296.676718,54
4,685,316.888275,315.076294,316.872154,315.070273,54
4,686,295.588959,278.281982,295.576997,278.284144,54
4,687,316.846191,278.257660,316.829790,278.259345,54
4,688,295.631042,315.100616,295.619094,315.093931,54
4,689,327.495819,296.654816,327.477923,296.652578,54
4,690,284.981354,296.703461,284.972101,296.701036,54
4,691,306.280731,333.497772,306.267280,333.488701,54
4,692,306.196533,259.860535,306.182785,259.866199,54
4,693,306.196533,259.860535,306.182785,259.866199,54
4,694,306.280731,333.497772,306.267280,333.488701,54
4,695,338.145508,315.051971,338.127989,315.047210,54
4,696,274.331726,278.306305,274.325672,278.308724,54
4,697,338.103424,278.233368,338.085350,278.234281,54
4,698,274.373810,315.124908,274.367509,315.118106,54
4,699,327.537933,333.473450,327.522211,333.466160,54
4,700,284.939270,259.884827,284.930466,259.891269,54
4,701,327.453735,259.836212,327.437174,259.840467,54
4,702,285.023468,333.522064,285.014434,333.512202,54
4,703,348.753082,296.630524,348.735366,296.628589,54
4,704,263.724121,296.727753,263.721096,296.725474,54
4,705,316.930389,351.894928,316.917362,351.886672,54
4,706,295.546844,241.463364,295.536239,241.471875,54
4,707,316.804077,241.439072,316.790183,241.445852,54
4,708,295.673157,351.919220,295.662617,351.909060,54
4,709,359.402771,315.027679,359.388037,315.024735,54
4,710,253.074448,278.330627,253.074616,278.333051,54
4,711,359.360687,278.209045,359.345118,278.208906,54
4,712,253.116547,315.149231,253.116200,315.142797,54
4,713,348.795197,333.449127,348.780693,333.444593,54
4,714,263.682037,259.909149,263.679068,259.915749,54
4,715,348.710999,259.811890,348.695101,259.814009,54
4,716,263.766235,333.546387,263.762524,333.536615,54
4,717,338.187622,351.870605,338.174957,351.865676,54
4,718,274.289581,241.487671,274.283835,241.496869,54
4,719,338.061310,241.414749,338.046957,241.418723,54
4,720,274.415924,351.943542,274.409433,351.932801,54
4,721,370.010345,296.606201,369.997729,296.604727,54
4,722,242.466858,296.752075,242.469821,296.750057,54
4,723,306.322845,370.316376,306.312765,370.310001,54
4,724,306.154388,223.041885,306.143687,223.049169,54
4,725,306.154388,223.041885,306.143687,223.049169,54
4,726,306.322845,370.316376,306.312765,370.310001,54
4,727,370.052429,333.424835,370.044100,333.424093,54
4,728,242.424759,259.933472,242.427438,259.939632,54
4,729,369.968231,259.787567,369.957942,259.786847,54
4,730,242.508972,333.570709,242.510398,333.561915,54
4,731,380.659973,315.003357,380.653726,315.002866,54
4,732,231.817215,278.354919,231.822860,278.357176,54
4,733,380.617889,278.184723,380.610520,278.183262,54
4,734,231.859314,315.173553,231.864200,315.168004,54
4,735,359.444885,351.846283,359.436833,351.846102,54
4,736,253.032333,241.511993,253.031781,241.520917,54
4,737,359.318573,241.390427,359.307992,241.390449,54
4,738,253.158661,351.967865,253.156623,351.957764,54
4,739,327.580048,370.292053,327.570137,370.289192,54
4,740,284.897125,223.066223,284.889571,223.075178,54
4,741,327.411621,223.017578,327.399979,223.021733,54
4,742,285.065582,370.340698,285.057596,370.332592,54
4,743,348.837311,370.267761,348.831165,370.270217,54
4,744,263.639893,223.090530,263.636494,223.099791,54
4,745,348.668884,222.993271,348.659899,222.992762,54
4,746,263.808350,370.365021,263.803496,370.356813,54
4,747,391.267578,296.581879,391.266540,296.581047,54
4,748,221.209625,296.776398,221.217385,296.774808,54
4,749,316.972504,388.713562,316.965596,388.716390,54
4,750,295.504700,204.644745,295.497060,204.649326,54
4,751,316.761932,204.620422,316.753545,204.621875,54
4,752,295.715271,388.737854,295.707779,388.737328,54
4,753,391.309692,333.400513,391.314042,333.404662,54
4,754,221.167526,259.957764,221.174691,259.962998,54
4,755,391.225464,259.763275,391.227275,259.758925,54
4,756,221.251740,333.595001,221.257171,333.587983,54
4,757,380.702087,351.821960,380.704409,351.828055,54
4,758,231.775101,241.536316,231.779118,241.544083,54
4,759,380.575806,241.366119,380.574735,241.360996,54
4,760,231.901428,351.992157,231.903229,351.983893,54
4,761,401.917236,314.979034,401.926764,314.981589,54
4,762,210.559982,278.379211,210.569513,278.381126,54
4,763,401.875122,278.160431,401.883237,278.157309,54
4,764,210.602081,315.197845,210.610618,315.193636,54
4,765,370.094543,370.243469,370.097209,370.253150,54
4,766,242.382645,223.114822,242.383319,223.123137,54
4,767,369.926147,222.968964,369.924837,222.962175,54
4,768,242.551102,370.389313,242.549332,370.382587,54
4,769,338.229736,388.689209,338.226411,388.697614,54
4,770,274.247467,204.669067,274.242266,204.674989,54
4,771,338.019165,204.596130,338.012993,204.592546,54
4,772,274.458008,388.762146,274.451690,388.760346,54
4,773,359.487000,388.664917,359.491635,388.681154,54
4,774,252.990219,204.693375,252.987994,204.698968,54
4,775,359.276428,204.571808,359.276816,204.561217,54
4,776,253.200760,388.786469,253.196162,388.785319,54
4,777,412.524811,296.557587,412.543461,296.557523,54
4,778,199.952393,296.800720,199.962984,296.799669,54
4,779,306.364960,407.135010,306.360789,407.148322,54
4,780,306.112274,186.223282,306.107039,186.218015,54
4,781,306.112274,186.223282,306.107039,186.218015,54
4,782,306.364960,407.135010,306.360789,407.148322,54
4,783,210.517868,241.560623,210.524966,241.566440,54
4,784,210.644196,352.016479,210.648374,352.011091,54
4,785,199.910294,259.982086,199.920029,259.985907,54
4,786,199.994507,333.619324,200.002049,333.614781,54
4,787,221.125412,223.139145,221.129177,223.145341,54
4,788,221.293869,370.413605,221.294234,370.409795,54
4,789,327.622162,407.110718,327.622001,407.129501,54
4,790,284.855011,186.247589,284.849800,186.245178,54
4,791,327.369476,186.198959,327.366634,186.188621,54
4,792,285.107697,407.159302,285.101975,407.169653,54
4,793,189.302750,278.403564,189.313896,278.404958,54
4,794,189.344849,315.222168,189.354777,315.219682,54
4,795,231.732971,204.717697,231.733304,204.721426,54
4,796,231.943527,388.810791,231.940261,388.812135,54
4,797,263.597778,186.271896,263.593804,186.270273,54
4,798,282.747681,296.849976,282.782304,296.827444,105
4,799,293.186707,314.883179,293.285564,314.970831,105
4,800,272.308746,278.816742,272.280029,278.684899,105
4,801,293.145447,278.792908,293.243798,278.660535,105
4,802,272.350006,314.907013,272.321523,314.994296,105
4,803,303.584442,296.826111,303.747042,296.803592,105
4,804,261.910980,296.873779,261.819249,296.851423,105
4,805,282.788971,332.940216,282.824731,333.139008,105
4,806,282.706421,260.759674,282.741439,260.517322,105
4,807,282.706421,260.759674,282.741439,260.517322,105
4,808,282.788971,332.940216,282.824731,333.139008,105
4,809,314.023438,314.859344,314.251977,314.947944,105
4,810,251.471985,278.840576,251.317233,278.708961,105
4,811,313.982178,278.769073,314.209932,278.635900,105
4,812,251.513245,314.930847,251.358461,315.018341,105
4,813,303.625732,332.916412,303.790538,333.116524,105
4,814,261.869720,260.783539,261.777906,260.541781,105
4,815,303.543182,260.735870,303.706695,260.492164,105
4,816,261.952271,332.964050,261.860661,333.162524,105
4,817,324.421143,296.802307,324.714821,296.779922,105
4,818,241.074219,296.897614,240.856532,296.875552,105
4,819,293.227997,350.973450,293.329722,351.287030,105
4,820,272.267456,242.726471,272.239306,242.372560,105
4,821,293.104156,242.702637,293.204340,242.347281,105
4,822,272.391266,350.997284,272.363872,351.309563,105
4,823,334.860168,314.835510,335.222267,314.925718,105
4,824,230.635254,278.864410,230.354255,278.732774,105
4,825,334.818909,278.745239,335.179937,278.610945,105
4,826,230.676514,314.954681,230.395226,315.042960,105
4,827,324.462433,332.892578,324.759432,333.095121,105
4,828,241.032959,260.807373,240.814754,260.565541,105
4,829,324.379883,260.712036,324.675024,260.466235,105
4,830,241.115509,332.987915,240.896987,333.187041,105
4,831,314.064728,350.949615,314.298036,351.266026,105
4,832,251.430695,242.750305,251.275334,242.396733,105
4,833,313.940887,242.678818,314.171819,242.320806,105
4,834,251.554535,351.021118,251.399106,351.333491,105
4,835,345.257874,296.778473,345.687319,296.756409,105
4,836,220.237503,296.921478,219.893085,296.899857,105
4,837,282.830261,369.030518,282.868865,369.460870,105
4,838,282.665161,224.669418,282.702192,224.199888,105
4,839,282.665161,224.669418,282.702192,224.199888,105
4,840,282.830261,369.030518,282.868865,369.460870,105
4,841,345.299164,332.868713,345.733087,333.074818,105
4,842,220.196243,260.831177,219.850921,260.588689,105
4,843,345.216614,260.688171,345.648102,260.439463,105
4,844,220.278793,333.011719,219.932650,333.212437,105
4,845,355.696899,314.811676,356.198091,314.904145,105
4,846,209.798538,278.888214,209.390039,278.756369,105
4,847,355.655640,278.721405,356.155469,278.585624,105
4,848,209.839798,314.978516,209.430762,315.068061,105
4,849,334.901428,350.925781,335.270311,351.246598,105
4,850,230.593979,242.774139,230.311281,242.419872,105
4,851,334.777618,242.654984,335.143236,242.293055,105
4,852,230.717804,351.044952,230.434284,351.358750,105
4,853,303.667023,369.006653,303.837308,369.439858,105
4,854,261.828430,224.693253,261.736701,224.224935,105
4,855,303.501892,224.645569,303.669534,224.173228,105
4,856,261.993561,369.054321,261.902302,369.483744,105
4,857,324.503723,368.982849,324.808967,369.420864,105
4,858,240.991684,224.717072,240.771739,224.248506,105
4,859,324.338593,224.621750,324.640064,224.144913,105
4,860,241.156799,369.078156,240.936300,369.508391,105
4,861,366.094635,296.754608,366.666168,296.733026,105
4,862,199.400787,296.945282,198.927947,296.924278,105
4,863,293.269257,387.063721,293.376512,387.617958,105
4,864,272.226166,206.636215,272.199646,206.048712,105
4,865,293.062866,206.612366,293.167451,206.022244,105
4,866,272.432526,387.087555,272.407352,387.639253,105
4,867,199.359528,260.855011,198.885451,260.611288,105
4,868,199.442062,333.035553,198.966694,333.238667,105
4,869,209.757248,242.797958,209.346102,242.442058,105
4,870,209.881088,351.068756,209.468362,351.385236,105
4,871,188.961823,278.912079,188.423752,278.779805,105
4,872,189.003082,315.002319,188.464237,315.093633,105
4,873,220.154953,224.740906,219.806260,224.270736,105
4,874,220.320084,369.101990,219.969815,369.534684,105
4,875,251.389404,206.660034,251.233091,206.073230,105
4,876,251.595795,387.111389,251.439478,387.662782,105
4,877,641.056824,439.102448,640.882397,438.999266,129
4,878,634.903320,449.788910,630.968909,456.208015,129
4,879,628.725342,439.116547,621.022291,439.025568,129
4,880,317.851929,276.166321,317.830927,276.164189,39
4,881,328.435516,294.449341,328.404240,294.428073,39
4,882,307.268341,257.883331,307.258852,257.900969,39
4,883,328.393677,257.859161,328.362207,257.876259,39
4,884,307.310181,294.473480,307.300922,294.451321,39
4,885,338.977295,276.142181,338.935569,276.140201,39
4,886,296.726593,276.190491,296.728869,276.188154,39
4,887,317.893768,312.756500,317.874257,312.716105,39
4,888,317.810089,239.576172,317.790133,239.612030,39
4,889,317.810089,239.576172,317.790133,239.612030,39
4,890,317.893768,312.756500,317.874257,312.716105,39
4,891,349.560883,294.425171,349.510927,294.405246,39
4,892,286.142975,257.907471,286.157347,257.925232,39
4,893,349.519043,257.834991,349.468947,257.851042,39
4,894,286.184814,294.497681,286.199435,294.475008,39
4,895,339.019104,312.732330,338.979643,312.694025,39
4,896,296.684753,239.600311,296.687298,239.637056,39
4,897,338.935425,239.552002,338.895607,239.586090,39
4,898,296.768433,312.780670,296.771476,312.739071,39
4,899,360.102661,276.117981,360.044310,276.116150,39
4,900,275.601257,276.214661,275.628032,276.212133,39
4,901,328.477356,331.039520,328.449650,330.983950,39
4,902,307.226501,221.293137,307.218611,221.346156,39
4,903,328.351807,221.268982,328.323534,221.319886,39
4,904,307.352051,331.063690,307.344829,331.005703,39
4,905,370.686249,294.401001,370.622472,294.382823,39
4,906,265.017639,257.931671,265.056480,257.949113,39
4,907,370.644379,257.810822,370.580529,257.825345,39
4,908,265.059479,294.521820,265.098566,294.499067,39
4,909,360.144501,312.708191,360.089147,312.672831,39
4,910,275.559387,239.624466,275.585744,239.661241,39
4,911,360.060791,239.527832,360.005226,239.559200,39
4,912,275.643097,312.804840,275.669938,312.762831,39
4,913,349.602722,331.015350,349.557897,330.963489,39
4,914,286.101135,221.317307,286.115636,221.371164,39
4,915,349.477173,221.244827,349.431928,221.292249,39
4,916,286.226685,331.087830,286.241901,331.028722,39
4,917,381.227966,276.093842,381.158660,276.092085,39
4,918,254.475891,276.238831,254.527160,276.236086,39
4,919,317.935638,349.346680,317.920250,349.276320,39
4,920,317.768219,202.985977,317.752058,203.051174,39
4,921,317.768219,202.985977,317.752058,203.051174,39
4,922,317.935638,349.346680,317.920250,349.276320,39
4,923,381.269806,312.684021,381.204278,312.652551,39
4,924,254.434021,239.648636,254.484229,239.684664,39
4,925,381.186127,239.503677,381.120521,239.531330,39
4,926,254.517715,312.828979,254.568391,312.787376,39
4,927,391.811584,294.376831,391.740488,294.360868,39
4,928,243.892273,257.955811,243.955049,257.972599,39
4,929,391.769714,257.786682,391.698618,257.799117,39
4,930,243.934097,294.545990,243.997108,294.523513,39
4,931,370.728088,330.991180,370.671021,330.944423,39
4,932,264.975769,221.341461,265.013411,221.394941,39
4,933,370.602539,221.220657,370.545263,221.263166,39
4,934,265.101318,331.112000,265.139659,331.052947,39
4,935,339.060974,349.322540,339.027950,349.256241,39
4,936,296.642883,203.010132,296.646970,203.077454,39
4,937,338.893555,202.961823,338.859915,203.023156,39
4,938,296.810303,349.370850,296.815250,349.298125,39
4,939,360.186340,349.298340,360.139853,349.237932,39
4,940,275.517548,203.034302,275.543312,203.102087,39
4,941,360.018951,202.937653,359.972029,202.993280,39
4,942,275.684937,349.395020,275.711602,349.321603,39
4,943,402.353302,276.069672,402.280389,276.067970,39
4,944,233.350540,276.262970,233.425242,276.260057,39
4,945,328.519226,367.629700,328.498588,367.552358,39
4,946,307.184631,184.702972,307.180518,184.778729,39
4,947,328.309967,184.678802,328.288499,184.750650,39
4,948,307.393890,367.653839,307.390743,367.572449,39
4,949,402.395172,312.659851,402.326830,312.633180,39
4,950,233.308685,239.672806,233.381746,239.707385,39
4,951,402.311493,239.479523,402.243196,239.502431,39
4,952,233.392380,312.853180,233.465824,312.812690,39
4,953,391.853455,330.967041,391.790714,330.926766,39
4,954,243.850418,221.365616,243.910749,221.417611,39
4,955,391.727875,221.196487,391.665111,221.232594,39
4,956,243.975967,331.136169,244.036905,331.078337,39
4,957,412.936920,294.352692,412.866730,294.339361,39
4,958,222.766922,257.979980,222.852129,257.995765,39
4,959,412.895081,257.762512,412.824939,257.772311,39
4,960,222.808762,294.570160,222.894133,294.548359,39
4,961,381.311676,349.274200,381.257457,349.221509,39
4,962,254.392166,203.058456,254.439859,203.125178,39
4,963,381.144287,202.913498,381.089912,202.961497,39
4,964,254.559570,349.419189,254.608066,349.346608,39
4,965,349.644592,367.605530,349.609984,367.534466,39
4,966,286.059265,184.727127,286.074665,184.804692,39
4,967,349.435333,184.654648,349.400107,184.720363,39
4,968,286.268524,367.678040,286.284934,367.594668,39
4,969,264.933929,184.751282,264.969766,184.828705,39
4,970,370.560699,184.630478,370.516791,184.687737,39
4,971,265.143188,367.702179,265.179972,367.618849,39
4,972,212.225204,276.287140,212.321355,276.284061,39
4,973,317.726379,166.395798,317.717117,166.473598,39
4,974,317.726379,166.395798,317.717117,166.473598,39
4,975,222.725067,221.389786,222.806740,221.439297,39
4,976,222.850616,331.160339,222.932719,331.104760,39
4,977,212.183334,239.696960,212.277384,239.729472,39
4,978,212.267029,312.877319,212.361318,312.838670,39
4,979,233.266830,203.082626,233.335627,203.146886,39
4,980,296.601044,166.419968,296.608358,166.501441,39
4,981,318.368927,277.049713,318.342408,277.027855,45
4,982,328.747437,294.978485,328.738113,294.985503,45
4,983,307.990417,259.120972,307.947935,259.070625,45
4,984,328.706421,259.097260,328.697382,259.045980,45
4,985,308.031433,295.002167,307.988893,295.008588,45
4,986,339.084961,277.026031,339.093138,277.003928,45
4,987,297.652924,277.073395,297.594450,277.051650,45
4,988,318.409943,312.930939,318.384614,312.967029,45
4,989,318.327881,241.168518,318.302908,241.087370,45
4,990,318.327881,241.168518,318.302908,241.087370,45
4,991,318.409943,312.930939,318.384614,312.967029,45
4,992,349.463470,294.954803,349.490983,294.962789,45
4,993,287.274353,259.144653,287.200439,259.094659,45
4,994,349.422455,259.073547,349.450501,259.020656,45
4,995,287.315369,295.025879,287.241596,295.032064,45
4,996,339.125977,312.907227,339.136001,312.945163,45
4,997,297.611877,241.192200,297.553886,241.112276,45
4,998,339.043915,241.144806,339.054769,241.061323,45
4,999,297.693939,312.954651,297.636016,312.989791,45
4,1000,359.801025,277.002319,359.848349,276.979825,45
4,1001,276.936890,277.097107,276.847717,277.075356,45
4,1002,328.788483,330.859711,328.782489,330.928607,45
4,1003,307.949371,223.239731,307.908891,223.126563,45
4,1004,328.665375,223.216034,328.660301,223.100234,45
4,1005,308.072479,330.883392,308.031746,330.950106,45
4,1006,370.179535,294.931091,370.249196,294.940428,45
4,1007,266.558350,259.168365,266.453511,259.118156,45
4,1008,370.138489,259.049866,370.208955,258.994673,45
4,1009,266.599365,295.049561,266.494836,295.055867,45
4,1010,359.842041,312.883545,359.891887,312.924195,45
4,1011,276.895844,241.215881,276.806167,241.136126,45
4,1012,359.759979,241.121109,359.811171,241.034089,45
4,1013,276.977905,312.978333,276.888663,313.013358,45
4,1014,349.504547,330.835999,349.536940,330.908475,45
4,1015,287.233307,223.263443,287.159550,223.151351,45
4,1016,349.381409,223.192352,349.415487,223.072248,45
4,1017,287.356415,330.907074,287.282990,330.972939,45
4,1018,380.516998,276.978638,380.609768,276.955589,45
4,1019,256.220825,277.120789,256.100798,277.098939,45
4,1020,318.451019,348.812164,318.429644,348.914616,45
4,1021,318.286835,205.287277,318.266337,205.135963,45
4,1022,318.286835,205.287277,318.266337,205.135963,45
4,1023,318.451019,348.812164,318.429644,348.914616,45
4,1024,380.558044,312.859863,380.653996,312.904154,45
4,1025,256.179779,241.239578,256.058349,241.159012,45
4,1026,380.475983,241.097427,380.573856,241.005627,45
4,1027,256.261841,313.002014,256.141144,313.037719,45
4,1028,390.895569,294.907410,391.014587,294.918480,45
4,1029,245.842285,259.192047,245.705799,259.141114,45
4,1030,390.854523,259.026184,390.974630,258.967972,45
4,1031,245.883301,295.073242,245.747258,295.080013,45
4,1032,370.220551,330.812317,370.296757,330.889814,45
4,1033,266.517273,223.287125,266.410910,223.174646,45
4,1034,370.097473,223.168655,370.176124,223.042511,45
4,1035,266.640411,330.930756,266.534843,330.997042,45
4,1036,339.167023,348.788483,339.183474,348.894908,45
4,1037,297.570801,205.310974,297.514578,205.162209,45
4,1038,339.002869,205.263596,339.021089,205.107637,45
4,1039,297.734985,348.835846,297.678706,348.936181,45
4,1040,359.883087,348.764771,359.941895,348.877107,45
4,1041,276.854797,205.334686,276.764298,205.186485,45
4,1042,359.718933,205.239899,359.780515,205.077097,45
4,1043,277.018951,348.859558,276.929131,348.959541,45
4,1044,401.233032,276.954956,401.379389,276.931181,45
4,1045,235.504807,277.144501,235.352536,277.122448,45
4,1046,328.829529,366.740906,328.830668,366.884957,45
4,1047,308.113525,366.764618,308.076672,366.904687,45
4,1048,235.545822,313.025726,235.392306,313.062855,45
4,1049,245.924347,330.954468,245.785956,331.022369,45
4,1050,317.652863,277.314667,317.637560,277.318209,51
4,1051,327.985779,295.164734,327.964515,295.156670,51
4,1052,307.319916,259.464630,307.311984,259.480171,51
4,1053,327.944946,259.441071,327.924308,259.455454,51
4,1054,307.360748,295.188293,307.352483,295.179618,51
4,1055,338.277924,277.291107,338.251309,277.294295,51
4,1056,297.027802,277.338257,297.026932,277.341952,51
4,1057,317.693695,313.038330,317.679458,313.018844,51
4,1058,317.612000,241.591019,317.598735,241.615906,51
4,1059,317.612000,241.591019,317.598735,241.615906,51
4,1060,317.693695,313.038330,317.679458,313.018844,51
4,1061,348.610901,295.141144,348.580589,295.134080,51
4,1062,286.694824,259.488220,286.701919,259.504216,51
4,1063,348.570038,259.417450,348.540698,259.429994,51
4,1064,286.735657,295.211914,286.742680,295.202945,51
4,1065,338.318787,313.014771,338.293842,312.997224,51
4,1066,296.986938,241.614609,296.986936,241.640949,51
4,1067,338.237061,241.567429,338.213726,241.589636,51
4,1068,297.068634,313.061951,297.068210,313.041372,51
4,1069,358.903015,277.267487,358.869977,277.270166,51
4,1070,276.402740,277.361877,276.417795,277.365571,51
4,1071,328.026672,330.888397,328.008777,330.861340,51
4,1072,307.279053,223.740952,307.273726,223.774047,51
4,1073,327.904083,223.717377,327.888166,223.747429,51
4,1074,307.401611,330.911987,307.395198,330.882494,51
4,1075,369.235992,295.117523,369.202488,295.111828,51
4,1076,266.069763,259.511841,266.092650,259.527666,51
4,1077,369.195099,259.393860,369.162908,259.403808,51
4,1078,266.110596,295.235504,266.133640,295.226586,51
4,1079,358.943878,312.991180,358.913162,312.976516,51
4,1080,276.361877,241.638184,276.376711,241.664851,51
4,1081,358.862152,241.543839,358.833698,241.562087,51
4,1082,276.443573,313.085541,276.458474,313.064716,51
4,1083,348.651764,330.864807,348.626454,330.841590,51
4,1084,286.653961,223.764572,286.661670,223.799014,51
4,1085,348.529175,223.693787,348.506780,223.719040,51
4,1086,286.776520,330.935577,286.783915,330.905019,51
4,1087,379.528076,277.243896,379.495383,277.245863,51
4,1088,255.777649,277.385468,255.808660,277.389032,51
4,1089,317.734589,348.762024,317.724544,348.727997,51
4,1090,317.571136,205.867340,317.563217,205.901877,51
4,1091,317.571136,205.867340,317.563217,205.901877,51
4,1092,317.734589,348.762024,317.724544,348.727997,51
4,1093,379.568909,312.967590,379.539234,312.956746,51
4,1094,255.736771,241.661774,255.766580,241.687710,51
4,1095,379.487213,241.520248,379.460486,241.533219,51
4,1096,255.818481,313.109100,255.848758,313.088866,51
4,1097,389.861053,295.093933,389.832144,295.089976,51
4,1098,245.444656,259.535400,245.482752,259.550520,51
4,1099,389.820190,259.370300,389.792918,259.376837,51
4,1100,245.485504,295.259064,245.523932,295.250561,51
4,1101,369.276825,330.841217,369.249982,330.823350,51
4,1102,266.028900,223.788147,266.050550,223.822384,51
4,1103,369.154266,223.670197,369.131334,223.688783,51
4,1104,266.151459,330.959167,266.173466,330.928850,51
4,1105,338.359650,348.738434,338.341439,348.708769,51
4,1106,296.946075,205.890930,296.948490,205.928457,51
4,1107,338.196198,205.843750,338.181297,205.873081,51
4,1108,297.109497,348.785614,297.110892,348.749143,51
4,1109,358.984741,348.714844,358.963363,348.691513,51
4,1110,276.320984,205.914520,276.335521,205.952937,51
4,1111,276.484436,348.809204,276.498870,348.772144,51
4,1112,235.152573,277.409027,235.198301,277.412386,51
4,1113,307.442505,366.635651,307.440311,366.598766,51
4,1114,235.193420,313.132721,235.237840,313.113803,51
4,1115,245.526367,330.982758,245.562430,330.953938,51
4,1116,282.825714,296.322906,282.979456,296.424193,116
4,1117,292.962738,313.834442,293.352944,314.343492,116
4,1118,272.688721,278.811371,272.607036,278.505909,116
4,1119,292.922668,278.788208,293.311547,278.481881,116
4,1120,272.728790,313.857574,272.648059,314.366593,116
4,1121,303.059692,296.299744,303.685024,296.400719,116
4,1122,262.591766,296.346039,262.275649,296.447851,116
4,1123,282.865814,331.369110,283.021492,332.287444,116
4,1124,282.785645,261.276672,282.939037,260.562964,116
4,1125,282.785645,261.276672,282.939037,260.562964,116
4,1126,282.865814,331.369110,283.021492,332.287444,116
4,1127,313.196686,313.811279,314.060345,314.321073,116
4,1128,252.454773,278.834503,251.903514,278.529652,116
4,1129,313.156616,278.765076,314.018564,278.457598,116
4,1130,252.494827,313.880707,251.944174,314.390369,116
4,1131,303.099762,331.345978,303.728305,332.265414,116
4,1132,262.551697,261.299835,262.234782,260.587091,116
4,1133,303.019623,261.253540,303.645092,260.538115,116
4,1134,262.631866,331.392242,262.316500,332.310645,116
4,1135,323.293579,296.276611,324.393841,296.377488,116
4,1136,242.357803,296.369171,241.572141,296.471715,116
4,1137,293.002838,348.880646,293.396869,350.212015,116
4,1138,272.648651,243.765137,272.566764,242.642443,116
4,1139,292.882568,243.741989,293.272582,242.617468,116
4,1140,272.768890,348.903809,272.689931,350.234140,116
4,1141,333.430634,313.788147,334.771906,314.299418,116
4,1142,232.220825,278.857635,231.199717,278.553166,116
4,1143,333.390564,278.741943,334.729731,278.433011,116
4,1144,232.260895,313.903870,231.240027,314.414812,116
4,1145,323.333679,331.322845,324.438422,332.244612,116
4,1146,242.317734,261.322968,241.530870,260.610498,116
4,1147,323.253510,261.230408,324.354430,260.512467,116
4,1148,242.397903,331.415405,241.611875,332.334978,116
4,1149,313.236786,348.857513,314.106428,350.191604,116
4,1150,252.414673,243.788284,251.862029,242.666250,116
4,1151,313.116516,243.718857,313.980990,242.591230,116
4,1152,252.534927,348.926941,251.984109,350.257835,116
4,1153,343.527557,296.253479,345.107730,296.354475,116
4,1154,222.123871,296.392334,220.867762,296.495809,116
4,1155,282.745544,226.230453,282.900289,224.694163,116
4,1156,282.745544,226.230453,282.900289,224.694163,116
4,1157,222.083801,261.346100,220.826137,260.633274,116
4,1158,222.163956,331.438538,220.906453,332.360317,116
4,1159,211.986893,278.880768,210.494496,278.576479,116
4,1160,212.026947,313.927002,210.534467,314.439824,116
4,1161,232.180740,243.811432,231.157127,242.688967,116
4,1162,232.300980,348.950073,231.278156,350.283025,116
4,1163,262.511597,226.253586,262.193969,224.718876,116
4,1164,302.979523,226.207291,303.608549,224.667733,116
4,1165,307.759247,295.927124,307.750929,295.921445,113
4,1166,318.202759,313.968170,318.185768,313.947418,113
4,1167,297.315704,277.886047,297.317282,277.896697,113
4,1168,318.161499,277.862213,318.143946,277.872552,113
4,1169,297.356995,313.992035,297.358646,313.970522,113
4,1170,328.604980,295.903290,328.578767,295.897962,113
4,1171,286.913452,295.950989,286.925020,295.945215,113
4,1172,307.800537,332.033081,307.793494,331.998110,113
4,1173,307.717957,259.821167,307.710273,259.847311,113
4,1174,307.717957,259.821167,307.710273,259.847311,113
4,1175,307.800537,332.033081,307.793494,331.998110,113
4,1176,339.048553,313.944336,339.015661,313.925090,113
4,1177,276.469940,277.909912,276.491870,277.920664,113
4,1178,339.007263,277.838379,338.973370,277.848181,113
4,1179,276.511230,314.015869,276.532790,313.994317,113
4,1180,328.646301,332.009247,328.622649,331.976205,113
4,1181,286.872162,259.845001,286.884006,259.871664,113
4,1182,328.563721,259.797333,328.538500,259.822268,113
4,1183,286.954742,332.056915,286.966326,332.021222,113
4,1184,349.450806,295.879456,349.410221,295.874743,113
4,1185,266.067657,295.974823,266.099688,295.969210,113
4,1186,318.244080,350.074127,318.230395,350.029543,113
4,1187,297.274414,241.780121,297.276963,241.820749,113
4,1188,318.120178,241.756287,318.104829,241.795476,113
4,1189,297.398285,350.097961,297.401158,350.051454,113
4,1190,359.894348,313.920502,359.849996,313.903539,113
4,1191,255.624130,277.933746,255.666331,277.944420,113
4,1192,359.853058,277.814545,359.807222,277.823538,113
4,1193,255.665405,314.039703,255.706820,314.018796,113
4,1194,349.492096,331.985382,349.455470,331.955531,113
4,1195,266.026398,259.868866,266.058353,259.895403,113
4,1196,349.409515,259.773468,349.370369,259.796466,113
4,1197,266.108978,332.080750,266.139798,332.045481,113
4,1198,339.089844,350.050293,339.062500,350.009346,113
4,1199,276.428619,241.803955,276.450430,241.844901,113
4,1200,338.965973,241.732437,338.935525,241.768996,113
4,1201,276.552521,350.121826,276.573295,350.075024,113
4,1202,370.296600,295.855591,370.246940,295.851765,113
4,1203,245.221863,295.998657,245.273609,295.993453,113
4,1204,307.841858,368.139038,307.838123,368.086572,113
4,1205,307.676666,223.715210,307.671556,223.766315,113
4,1206,307.676666,223.715210,307.671556,223.766315,113
4,1207,307.841858,368.139038,307.838123,368.086572,113
4,1208,370.337891,331.961548,370.293574,331.936192,113
4,1209,245.180588,259.892700,245.231993,259.918527,113
4,1210,370.255280,259.749634,370.207499,259.769921,113
4,1211,245.263168,332.104614,245.312595,332.070846,113
4,1212,380.740112,313.896667,380.690449,313.882788,113
4,1213,234.778351,277.957581,234.839539,277.968017,113
4,1214,380.698822,277.790710,380.647183,277.798664,113
4,1215,234.819641,314.063568,234.879614,314.043945,113
4,1216,359.935669,350.026428,359.899129,349.990907,113
4,1217,255.582825,241.827805,255.623862,241.868024,113
4,1218,359.811768,241.708588,359.770711,241.741259,113
4,1219,255.706711,350.145660,255.745439,350.100104,113
4,1220,328.687592,368.115204,328.670281,368.066410,113
4,1221,286.830841,223.739059,286.843330,223.791453,113
4,1222,328.522400,223.691376,328.501863,223.739583,113
4,1223,286.996063,368.162872,287.008098,368.108895,113
4,1224,349.533417,368.091370,349.506235,368.048484,113
4,1225,265.985077,223.762894,266.015853,223.815045,113
4,1226,349.368225,223.667542,349.335917,223.711139,113
4,1227,266.150269,368.186707,266.178879,368.133207,113
4,1228,391.142365,295.831757,391.090713,295.829088,113
4,1229,224.376083,296.022491,224.445752,296.017962,113
4,1230,297.233093,205.674164,297.237953,205.733479,113
4,1231,318.078888,205.650314,318.068648,205.706846,113
4,1232,391.183685,331.937714,391.138827,331.918199,113
4,1233,391.101074,259.725800,391.051728,259.742573,113
4,1234,380.781403,350.002594,380.741952,349.974345,113
4,1235,234.737061,241.851654,234.796143,241.890194,113
4,1236,380.657532,241.684753,380.612084,241.712226,113
4,1237,401.585907,313.872803,401.538996,313.862831,113
4,1238,401.544586,277.766876,401.495198,277.773519,113
4,1239,370.214020,223.643692,370.175350,223.680890,113
4,1240,276.387329,205.698013,276.408766,205.758101,113
4,1241,338.924652,205.626480,338.902329,205.678094,113
4,1242,319.424622,276.988312,319.410870,276.991009,7
4,1243,330.084106,295.402496,330.066473,295.398543,7
4,1244,308.765076,258.574097,308.756079,258.583697,7
4,1245,330.041992,258.549774,330.024608,258.558761,7
4,1246,308.807220,295.426849,308.798132,295.422427,7
4,1247,340.701569,276.963959,340.680271,276.966548,7
4,1248,298.147675,277.012634,298.143373,277.015361,7
4,1249,319.466736,313.841034,319.453748,313.830599,7
4,1250,319.382446,240.135559,319.369810,240.150316,7
4,1251,319.382446,240.135559,319.369810,240.150316,7
4,1252,319.466736,313.841034,319.453748,313.830599,7
4,1253,351.361084,295.378174,351.337438,295.374959,7
4,1254,287.488098,258.598419,287.488783,258.608137,7
4,1255,351.318970,258.525421,351.295781,258.533266,7
4,1256,287.530243,295.451202,287.531001,295.446630,7
4,1257,340.743683,313.816711,340.723677,313.807597,7
4,1258,298.105499,240.159882,298.101448,240.175360,7
4,1259,340.659393,240.111221,340.640132,240.124344,7
4,1260,298.189789,313.865387,298.185737,313.854331,7
4,1261,361.978516,276.939606,361.952962,276.941936,7
4,1262,276.870728,277.036987,276.876539,277.039645,7
4,1263,330.126282,332.255280,330.110929,332.241214,7
4,1264,308.722900,221.721329,308.715204,221.739962,7
4,1265,329.999817,221.696991,329.985328,221.713868,7
4,1266,308.849365,332.279602,308.841358,332.264022,7
4,1267,372.638062,295.353821,372.612384,295.351653,7
4,1268,266.211151,258.622772,266.221629,258.632148,7
4,1269,372.595886,258.501099,372.570921,258.507238,7
4,1270,266.253296,295.475525,266.263985,295.471090,7
4,1271,362.020660,313.792389,361.996910,313.785322,7
4,1272,276.828552,240.184219,276.833814,240.199548,7
4,1273,361.936371,240.086868,361.913794,240.097405,7
4,1274,276.912872,313.889740,276.918405,313.878705,7
4,1275,351.403259,332.230927,351.383171,332.219506,7
4,1276,287.445953,221.745682,287.446413,221.764814,7
4,1277,351.276794,221.672668,351.258181,221.686428,7
4,1278,287.572388,332.303925,287.573050,332.287908,7
4,1279,383.255432,276.915283,383.230320,276.917219,7
4,1280,255.593750,277.061310,255.609230,277.063823,7
4,1281,319.508911,350.693817,319.498551,350.677012,7
4,1282,319.340302,203.282791,319.330760,203.300690,7
4,1283,319.340302,203.282791,319.330760,203.300690,7
4,1284,319.508911,350.693817,319.498551,350.677012,7
4,1285,383.297577,313.768066,383.274822,313.763797,7
4,1286,255.551590,240.208557,255.565780,240.222960,7
4,1287,383.213318,240.062546,383.192192,240.069470,7
4,1288,255.635895,313.914062,255.650615,313.903719,7
4,1289,393.915009,295.329498,393.892788,295.328685,7
4,1290,244.934189,258.647095,244.953528,258.655718,7
4,1291,393.872833,258.476746,393.851562,258.480625,7
4,1292,244.976318,295.499847,244.995993,295.495826,7
4,1293,372.680206,332.206604,372.659408,332.198996,7
4,1294,266.169006,221.770004,266.177876,221.788453,7
4,1295,372.553772,221.648331,372.535105,221.657561,7
4,1296,266.295441,332.328247,266.304918,332.312818,7
4,1297,340.785858,350.669495,340.770455,350.655551,7
4,1298,298.063354,203.307129,298.060180,203.326620,7
4,1299,340.617249,203.258453,340.603430,203.273078,7
4,1300,298.231964,350.718140,298.228651,350.699975,7
4,1301,362.062805,350.645142,362.045740,350.635628,7
4,1302,276.786407,203.331467,276.790476,203.350956,7
4,1303,361.894196,203.234116,361.879551,203.243664,7
4,1304,276.955017,350.742493,276.959527,350.724394,7
4,1305,404.532379,276.890961,404.513978,276.892359,7
4,1306,234.316818,277.085632,234.340543,277.087941,7
4,1307,330.168427,369.108032,330.158098,369.094632,7
4,1308,308.680756,184.868576,308.675830,184.883686,7
4,1309,329.957672,184.844238,329.948914,184.856188,7
4,1310,308.891541,369.132355,308.885898,369.116212,7
4,1311,404.574554,313.743713,404.559075,313.743013,7
4,1312,234.274658,240.232895,234.296450,240.245657,7
4,1313,404.490234,240.038223,404.476896,240.040486,7
4,1314,234.358948,313.938416,234.381467,313.929362,7
4,1315,393.957153,332.182281,393.941197,332.179691,7
4,1316,244.892029,221.794327,244.908520,221.811005,7
4,1317,393.830688,221.623993,393.817535,221.627225,7
4,1318,245.018478,332.352600,245.035876,332.338718,7
4,1319,415.191956,295.305176,415.180269,295.306034,7
4,1320,223.657257,258.671417,223.683661,258.678923,7
4,1321,415.149780,258.452393,415.139287,258.453376,7
4,1322,223.699387,295.524200,223.726201,295.520856,7
4,1323,383.339722,350.620819,383.325771,350.617357,7
4,1324,255.509430,203.355804,255.520537,203.373802,7
4,1325,383.171143,203.209793,383.160503,203.212398,7
4,1326,255.678055,350.766815,255.690055,350.750130,7
4,1327,351.445404,369.083679,351.433085,369.074988,7
4,1328,287.403778,184.892914,287.404254,184.909158,7
4,1329,351.234650,184.819916,351.224884,184.826572,7
4,1330,287.614563,369.156708,287.615091,369.139667,7
4,1331,372.722351,369.059357,372.712167,369.057360,7
4,1332,266.126831,184.917252,266.133134,184.932765,7
4,1333,372.511597,184.795563,372.505057,184.794708,7
4,1334,266.337616,369.181030,266.344607,369.164838,7
4,1335,425.809357,276.866638,425.805560,276.867349,7
4,1336,213.039871,277.109955,213.069658,277.112019,7
4,1337,319.551025,387.546570,319.545493,387.537963,7
4,1338,319.298157,166.430023,319.294133,166.434726,7
4,1339,319.298157,166.430023,319.294133,166.434726,7
4,1340,319.551025,387.546570,319.545493,387.537963,7
4,1341,415.234070,332.157928,415.230037,332.161597,7
4,1342,415.107666,221.599655,415.107157,221.595386,7
4,1343,223.741547,332.376953,223.765107,332.365485,7
4,1344,425.851471,313.719391,425.851206,313.723043,7
4,1345,425.767181,240.013870,425.769522,240.010396,7
4,1346,404.616699,350.596466,404.612199,350.600757,7
4,1347,404.448120,203.185455,404.447868,203.179185,7
4,1348,340.827972,387.522217,340.820789,387.518216,7
4,1349,340.575104,166.405701,340.570521,166.405180,7
4,1350,298.274078,387.570923,298.272362,387.559957,7
4,1351,436.468903,295.280853,436.476482,295.283703,7
4,1352,436.426727,258.428070,436.435752,258.425531,7
4,1353,393.999298,369.035004,393.996860,369.041789,7
4,1354,393.788544,184.771240,393.790876,184.760535,7
4,1355,362.104950,387.497894,362.099604,387.500878,7
4,1356,272.599640,277.572418,272.642657,277.630587,140
4,1357,282.777649,295.154816,282.866062,295.291323,140
4,1358,262.421600,259.990021,262.419538,259.969574,140
4,1359,282.737396,259.966766,282.825974,259.945872,140
4,1360,262.461823,295.178040,262.459926,295.314513,140
4,1361,292.915436,277.549164,293.049473,277.607047,140
4,1362,252.283813,277.595642,252.236937,277.653927,140
4,1363,272.639862,312.760437,272.683315,312.976004,140
4,1364,272.559387,242.384399,272.602828,242.283243,140
4,1365,272.559387,242.384399,272.602828,242.283243,140
4,1366,272.639862,312.760437,272.683315,312.976004,140
4,1367,303.093475,295.131561,303.274138,295.268449,140
4,1368,242.105774,260.013275,242.013486,259.992596,140
4,1369,303.053223,259.943542,303.234386,259.921486,140
4,1370,242.145996,295.201263,242.054134,295.338037,140
4,1371,292.955688,312.737183,293.090736,312.953485,140
4,1372,252.243561,242.407639,252.195965,242.306644,140
4,1373,292.875183,242.361160,293.010883,242.258669,140
4,1374,252.324051,312.783661,252.277009,312.999373,140
4,1375,313.231262,277.525940,313.459047,277.583339,140
4,1376,231.968018,277.618866,231.830921,277.677119,140
4,1377,282.817902,330.342804,282.907934,330.640121,140
4,1378,262.381348,224.802002,262.379203,224.617572,140
4,1379,282.697144,224.778778,282.787713,224.593239,140
4,1380,262.502075,330.366028,262.500308,330.662797,140
4,1381,323.409241,295.108337,323.685795,295.245954,140
4,1382,221.789963,260.036499,221.606534,260.015028,140
4,1383,323.369019,259.920319,323.646409,259.896341,140
4,1384,221.830200,295.224518,221.647396,295.361911,140
4,1385,313.271484,312.713928,313.500933,312.931830,140
4,1386,231.927750,242.430878,231.788915,242.328954,140
4,1387,313.191010,242.337936,313.421779,242.232822,140
4,1388,232.008240,312.806915,231.870429,313.023574,140
4,1389,303.133728,330.319580,303.317573,330.618840,140
4,1390,242.065521,224.825241,241.971239,224.640286,140
4,1391,303.012970,224.755524,303.198345,224.567135,140
4,1392,242.186249,330.389282,242.093107,330.686818,140
4,1393,333.547058,277.502716,333.873178,277.559415,140
4,1394,211.652206,277.642120,211.423349,277.700192,140
4,1395,272.680115,347.948456,272.724926,348.330060,140
4,1396,272.680115,347.948456,272.724926,348.330060,140
4,1397,333.587280,312.690704,333.915703,312.911126,140
4,1398,333.506805,242.314697,333.837306,242.205615,140
4,1399,211.692444,312.830139,211.462315,313.048503,140
4,1400,343.725067,295.085083,344.103017,295.223817,140
4,1401,343.684845,259.897064,344.064023,259.870363,140
4,1402,323.449493,330.296356,323.730859,330.599020,140
4,1403,221.870453,330.412506,221.685050,330.712046,140
4,1404,292.995941,347.925201,293.134792,348.308633,140
4,1405,252.364304,347.971680,252.316310,348.353320,140
4,1406,313.311737,347.901978,313.547554,348.289195,140
4,1407,271.537628,277.635315,271.672462,277.619415,141
4,1408,281.907990,295.550018,282.144321,295.709081,141
4,1409,261.167236,259.720612,261.200947,259.529543,141
4,1410,281.867004,259.696899,282.103289,259.505207,141
4,1411,261.208221,295.573669,261.242266,295.732821,141
4,1412,292.237427,277.611603,292.575228,277.595285,141
4,1413,250.837830,277.658966,250.770855,277.643351,141
4,1414,271.578644,313.488373,271.714130,313.823095,141
4,1415,271.496613,241.782211,271.631767,241.413920,141
4,1416,271.496613,241.782211,271.631767,241.413920,141
4,1417,271.578644,313.488373,271.714130,313.823095,141
4,1418,302.607819,295.526306,303.048272,295.685590,141
4,1419,240.467422,259.744263,240.299149,259.553274,141
4,1420,302.566833,259.673248,303.007559,259.480271,141
4,1421,240.508408,295.597351,240.340720,295.756830,141
4,1422,292.278412,313.464722,292.617385,313.799998,141
4,1423,250.796814,241.805878,250.729149,241.438064,141
4,1424,292.196411,241.758545,292.535626,241.388755,141
4,1425,250.878815,313.512054,250.812050,313.846904,141
4,1426,312.937195,277.587952,313.480592,277.570997,141
4,1427,230.138046,277.682648,229.869213,277.667143,141
4,1428,281.949005,331.403076,282.187152,331.915642,141
4,1429,261.126221,223.867508,261.159936,223.320068,141
4,1430,281.825989,223.843842,282.064089,223.295042,141
4,1431,261.249237,331.426758,261.283849,331.938790,141
4,1432,323.307556,295.502655,323.955520,295.662410,141
4,1433,219.767639,259.767944,219.396792,259.576481,141
4,1434,323.266571,259.649567,323.915154,259.454666,141
4,1435,219.808624,295.621033,219.438576,295.781128,141
4,1436,312.978180,313.441010,313.523251,313.777618,141
4,1437,230.097031,241.829559,229.826590,241.461253,141
4,1438,312.896179,241.734863,313.442155,241.362481,141
4,1439,230.179031,313.535736,229.909953,313.871415,141
4,1440,302.648834,331.379425,303.092413,331.893672,141
4,1441,240.426407,223.891174,240.256468,223.343687,141
4,1442,302.525818,223.820145,302.970293,223.268476,141
4,1443,240.549423,331.450439,240.381123,331.963080,141
4,1444,333.636993,277.564270,334.390104,277.546507,141
4,1445,209.438263,277.706299,208.966439,277.690816,141
4,1446,271.619659,349.341492,271.756884,350.033988,141
4,1447,271.455597,205.929138,271.592317,205.197815,141
4,1448,271.455597,205.929138,271.592317,205.197815,141
4,1449,271.619659,349.341492,271.756884,350.033988,141
4,1450,333.677979,313.417358,334.433280,313.756040,141
4,1451,209.397247,241.853241,208.923004,241.483566,141
4,1452,333.595978,241.711182,334.352895,241.335021,141
4,1453,209.479248,313.559418,209.006743,313.896530,141
4,1454,344.007385,295.478973,344.867794,295.639518,141
4,1455,199.067856,259.791595,198.492883,259.599227,141
4,1456,343.966370,259.625885,344.827796,259.428324,141
4,1457,199.108841,295.644714,198.534833,295.805651,141
4,1458,323.348572,331.355743,324.001026,331.872937,141
4,1459,219.726624,223.914856,219.352599,223.366031,141
4,1460,323.225555,223.796478,323.879931,223.240330,141
4,1461,219.849640,331.474121,219.477875,331.988385,141
4,1462,292.319427,349.317780,292.662206,350.011972,141
4,1463,250.755798,205.952805,250.687238,205.222388,141
4,1464,292.155396,205.905457,292.498820,205.171350,141
4,1465,250.919830,349.365143,250.852852,350.057554,141
4,1466,313.019196,349.294128,313.570241,349.991648,141
4,1467,230.056015,205.976486,229.782421,205.245240,141
4,1468,230.220047,349.388824,229.948930,350.082600,141
4,1469,188.738480,277.730011,188.061667,277.714424,141
4,1470,281.990021,367.256165,282.231953,368.133952,141
4,1471,261.290253,367.279846,261.325886,368.156310,141
4,1472,188.779465,313.583069,188.101554,313.922230,141
4,1473,199.149857,331.497772,198.573113,332.014653,141
4,1474,209.520264,349.412476,209.044037,350.109016,141
4,1475,240.590439,367.303528,240.420570,368.180606,141
4,1476,295.500031,276.660522,295.488741,276.662682,89
4,1477,306.121307,295.008636,306.106008,295.003446,89
4,1478,284.878723,258.312439,284.872127,258.322127,89
4,1479,306.079315,258.288177,306.064085,258.297498,89
4,1480,284.920715,295.032898,284.914162,295.027292,89
4,1481,316.700592,276.636292,316.681363,276.638429,89
4,1482,274.299469,276.684814,274.297652,276.686896,89
4,1483,295.542023,313.381012,295.531428,313.368806,89
4,1484,295.458008,239.940094,295.447451,239.955872,89
4,1485,295.458008,239.940094,295.447451,239.955872,89
4,1486,295.542023,313.381012,295.531428,313.368806,89
4,1487,327.321838,294.984406,327.299982,294.979974,89
4,1488,263.678162,258.336700,263.681131,258.346331,89
4,1489,327.279846,258.263947,327.258192,258.272380,89
4,1490,263.720154,295.057129,263.723256,295.051445,89
4,1491,316.742584,313.356750,316.724658,313.345746,89
4,1492,274.257477,239.964325,274.255573,239.980511,89
4,1493,316.658569,239.915848,316.640924,239.930361,89
4,1494,274.341461,313.405243,274.339750,313.392585,89
4,1495,337.901154,276.612061,337.876854,276.614097,89
4,1496,253.098877,276.709045,253.106863,276.711032,89
4,1497,306.163300,331.729095,306.150106,331.712774,89
4,1498,284.836731,221.591980,284.830853,221.612309,89
4,1499,306.037323,221.567719,306.024334,221.586729,89
4,1500,284.962708,331.753357,284.956952,331.735751,89
4,1501,348.522430,294.960144,348.497595,294.956854,89
4,1502,242.477585,258.360931,242.489914,258.370098,89
4,1503,348.480438,258.239685,348.455953,258.246713,89
4,1504,242.519562,295.081390,242.532102,295.075924,89
4,1505,337.943146,313.332489,337.920774,313.323490,89
4,1506,253.056870,239.988586,253.064065,240.004356,89
4,1507,337.859131,239.891602,337.837320,239.903907,89
4,1508,253.140869,313.429474,253.148392,313.417076,89
4,1509,327.363831,331.704865,327.345446,331.690973,89
4,1510,263.636169,221.616226,263.638444,221.636637,89
4,1511,327.237854,221.543472,327.220060,221.559868,89
4,1512,263.762177,331.777588,263.764800,331.759848,89
4,1513,359.101746,276.587799,359.076694,276.589647,89
4,1514,231.898331,276.733276,231.915374,276.735132,89
4,1515,295.584015,350.101440,295.575634,350.082280,89
4,1516,295.416016,203.219635,295.407767,203.240341,89
4,1517,295.416016,203.219635,295.407767,203.240341,89
4,1518,295.584015,350.101440,295.575634,350.082280,89
4,1519,359.143707,313.308258,359.121255,313.302037,89
4,1520,231.856323,240.012833,231.871938,240.027464,89
4,1521,359.059723,239.867340,359.038110,239.876474,89
4,1522,231.940308,313.453766,231.956358,313.442267,89
4,1523,369.723022,294.935883,369.700293,294.934067,89
4,1524,221.277023,258.385162,221.297560,258.393501,89
4,1525,369.681000,258.215454,369.658785,258.220524,89
4,1526,221.319000,295.105652,221.339780,295.100743,89
4,1527,348.564423,331.680603,348.544472,331.670370,89
4,1528,242.435577,221.640472,242.445937,221.659834,89
4,1529,348.438446,221.519241,348.419523,221.531625,89
4,1530,242.561569,331.801849,242.572469,331.785031,89
4,1531,316.784576,350.077209,316.770926,350.060563,89
4,1532,274.215454,203.243881,274.213748,203.265643,89
4,1533,316.616577,203.195374,316.603525,203.213385,89
4,1534,274.383453,350.125702,274.381993,350.105572,89
4,1535,337.985138,350.052979,337.969193,350.040468,89
4,1536,253.014862,203.268127,253.020263,203.289389,89
4,1537,337.817139,203.171143,337.802330,203.184686,89
4,1538,253.182877,350.149963,253.188785,350.130299,89
4,1539,380.302277,276.563538,380.282351,276.565126,89
4,1540,210.697769,276.757507,210.722270,276.759217,89
4,1541,306.205322,368.449554,306.196532,368.433534,89
4,1542,284.794708,184.871521,284.790695,184.890008,89
4,1543,305.995300,184.847275,305.987069,184.863274,89
4,1544,285.004730,368.473816,285.000667,368.455524,89
4,1545,380.344238,313.284027,380.327569,313.281413,89
4,1546,210.655762,240.037079,210.678284,240.049903,89
4,1547,380.260284,239.843094,380.244784,239.848035,89
4,1548,210.739746,313.477997,210.762732,313.468061,89
4,1549,369.764984,331.656372,369.748601,331.651065,89
4,1550,221.235016,221.664719,221.252431,221.682021,89
4,1551,369.639008,221.494980,369.624156,221.501922,89
4,1552,221.361008,331.826080,221.379048,331.811173,89
4,1553,390.923553,294.911652,390.909648,294.911677,89
4,1554,200.076462,258.409424,200.103247,258.416593,89
4,1555,390.881561,258.191193,390.868313,258.193763,89
4,1556,200.118454,295.129883,200.145464,295.125836,89
4,1557,359.185730,350.028687,359.171903,350.022032,89
4,1558,231.814301,203.292374,231.826339,203.311737,89
4,1559,359.017731,203.146881,359.005637,203.154129,89
4,1560,231.982315,350.174194,231.995025,350.156394,89
4,1561,327.405853,368.425323,327.394714,368.413559,89
4,1562,263.594147,184.895767,263.595591,184.914791,89
4,1563,327.195831,184.823029,327.185860,184.834431,89
4,1564,263.804169,368.498047,263.805954,368.479372,89
4,1565,348.606445,368.401062,348.596701,368.395663,89
4,1566,242.393570,184.920013,242.400610,184.937744,89
4,1567,348.396423,184.798782,348.388539,184.803390,89
4,1568,242.603577,368.522308,242.611230,368.504987,89
4,1569,401.502838,276.539307,401.495551,276.540498,89
4,1570,189.497208,276.781799,189.526847,276.783334,89
4,1571,295.626007,386.821930,295.621616,386.811081,89
4,1572,295.374023,166.499176,295.370150,166.508466,89
4,1573,295.374023,166.499176,295.370150,166.508466,89
4,1574,295.626007,386.821930,295.621616,386.811081,89
4,1575,390.965576,331.632111,390.959482,331.633065,89
4,1576,200.034454,221.688980,200.057119,221.703302,89
4,1577,390.839539,221.470734,390.835487,221.470719,89
4,1578,200.160461,331.850342,200.183718,331.838224,89
4,1579,401.544830,313.259735,401.541466,313.261609,89
4,1580,401.460846,239.818863,401.459002,239.818540,89
4,1581,380.386261,350.004456,380.380514,350.005369,89
4,1582,380.218292,203.122650,380.214920,203.121666,89
4,1583,316.826569,386.797668,316.820391,386.790912,89
4,1584,274.173462,166.523422,274.172696,166.534769,89
4,1585,316.574585,166.474915,316.569568,166.479767,89
4,1586,295.500031,276.660522,295.488741,276.662682,87
4,1587,306.121307,295.008636,306.106008,295.003446,87
4,1588,284.878723,258.312439,284.872127,258.322127,87
4,1589,306.079315,258.288177,306.064085,258.297498,87
4,1590,284.920715,295.032898,284.914162,295.027292,87
4,1591,316.700592,276.636292,316.681363,276.638429,87
4,1592,274.299469,276.684814,274.297652,276.686896,87
4,1593,295.542023,313.381012,295.531428,313.368806,87
4,1594,295.458008,239.940094,295.447451,239.955872,87
4,1595,295.458008,239.940094,295.447451,239.955872,87
4,1596,295.542023,313.381012,295.531428,313.368806,87
4,1597,327.321838,294.984406,327.299982,294.979974,87
4,1598,263.678162,258.336700,263.681131,258.346331,87
4,1599,327.279846,258.263947,327.258192,258.272380,87
4,1600,263.720154,295.057129,263.723256,295.051445,87
4,1601,316.742584,313.356750,316.724658,313.345746,87
4,1602,274.257477,239.964325,274.255573,239.980511,87
4,1603,316.658569,239.915848,316.640924,239.930361,87
4,1604,274.341461,313.405243,274.339750,313.392585,87
4,1605,337.901154,276.612061,337.876854,276.614097,87
4,1606,253.098877,276.709045,253.106863,276.711032,87
4,1607,306.163300,331.729095,306.150106,331.712774,87
4,1608,284.836731,221.591980,284.830853,221.612309,87
4,1609,306.037323,221.567719,306.024334,221.586729,87
4,1610,284.962708,331.753357,284.956952,331.735751,87
4,1611,348.522430,294.960144,348.497595,294.956854,87
4,1612,242.477585,258.360931,242.489914,258.370098,87
4,1613,348.480438,258.239685,348.455953,258.246713,87
4,1614,242.519562,295.081390,242.532102,295.075924,87
4,1615,337.943146,313.332489,337.920774,313.323490,87
4,1616,253.056870,239.988586,253.064065,240.004356,87
4,1617,337.859131,239.891602,337.837320,239.903907,87
4,1618,253.140869,313.429474,253.148392,313.417076,87
4,1619,327.363831,331.704865,327.345446,331.690973,87
4,1620,263.636169,221.616226,263.638444,221.636637,87
4,1621,327.237854,221.543472,327.220060,221.559868,87
4,1622,263.762177,331.777588,263.764800,331.759848,87
4,1623,359.101746,276.587799,359.076694,276.589647,87
4,1624,231.898331,276.733276,231.915374,276.735132,87
4,1625,295.584015,350.101440,295.575634,350.082280,87
4,1626,295.416016,203.219635,295.407767,203.240341,87
4,1627,295.416016,203.219635,295.407767,203.240341,87
4,1628,295.584015,350.101440,295.575634,350.082280,87
4,1629,359.143707,313.308258,359.121255,313.302037,87
4,1630,231.856323,240.012833,231.871938,240.027464,87
4,1631,359.059723,239.867340,359.038110,239.876474,87
4,1632,231.940308,313.453766,231.956358,313.442267,87
4,1633,369.723022,294.935883,369.700293,294.934067,87
4,1634,221.277023,258.385162,221.297560,258.393501,87
4,1635,369.681000,258.215454,369.658785,258.220524,87
4,1636,221.319000,295.105652,221.339780,295.100743,87
4,1637,348.564423,331.680603,348.544472,331.670370,87
4,1638,242.435577,221.640472,242.445937,221.659834,87
4,1639,348.438446,221.519241,348.419523,221.531625,87
4,1640,242.561569,331.801849,242.572469,331.785031,87
4,1641,316.784576,350.077209,316.770926,350.060563,87
4,1642,274.215454,203.243881,274.213748,203.265643,87
4,1643,316.616577,203.195374,316.603525,203.213385,87
4,1644,274.383453,350.125702,274.381993,350.105572,87
4,1645,337.985138,350.052979,337.969193,350.040468,87
4,1646,253.014862,203.268127,253.020263,203.289389,87
4,1647,337.817139,203.171143,337.802330,203.184686,87
4,1648,253.182877,350.149963,253.188785,350.130299,87
4,1649,380.302277,276.563538,380.282351,276.565126,87
4,1650,210.697769,276.757507,210.722270,276.759217,87
4,1651,306.205322,368.449554,306.196532,368.433534,87
4,1652,284.794708,184.871521,284.790695,184.890008,87
4,1653,305.995300,184.847275,305.987069,184.863274,87
4,1654,285.004730,368.473816,285.000667,368.455524,87
4,1655,380.344238,313.284027,380.327569,313.281413,87
4,1656,210.655762,240.037079,210.678284,240.049903,87
4,1657,380.260284,239.843094,380.244784,239.848035,87
4,1658,210.739746,313.477997,210.762732,313.468061,87
4,1659,369.764984,331.656372,369.748601,331.651065,87
4,1660,221.235016,221.664719,221.252431,221.682021,87
4,1661,369.639008,221.494980,369.624156,221.501922,87
4,1662,221.361008,331.826080,221.379048,331.811173,87
4,1663,390.923553,294.911652,390.909648,294.911677,87
4,1664,200.076462,258.409424,200.103247,258.416593,87
4,1665,390.881561,258.191193,390.868313,258.193763,87
4,1666,200.118454,295.129883,200.145464,295.125836,87
4,1667,359.185730,350.028687,359.171903,350.022032,87
4,1668,231.814301,203.292374,231.826339,203.311737,87
4,1669,359.017731,203.146881,359.005637,203.154129,87
4,1670,231.982315,350.174194,231.995025,350.156394,87
4,1671,327.405853,368.425323,327.394714,368.413559,87
4,1672,263.594147,184.895767,263.595591,184.914791,87
4,1673,327.195831,184.823029,327.185860,184.834431,87
4,1674,263.804169,368.498047,263.805954,368.479372,87
4,1675,348.606445,368.401062,348.596701,368.395663,87
4,1676,242.393570,184.920013,242.400610,184.937744,87
4,1677,348.396423,184.798782,348.388539,184.803390,87
4,1678,242.603577,368.522308,242.611230,368.504987,87
4,1679,401.502838,276.539307,401.495551,276.540498,87
4,1680,189.497208,276.781799,189.526847,276.783334,87
4,1681,295.626007,386.821930,295.621616,386.811081,87
4,1682,295.374023,166.499176,295.370150,166.508466,87
4,1683,295.374023,166.499176,295.370150,166.508466,87
4,1684,295.626007,386.821930,295.621616,386.811081,87
4,1685,390.965576,331.632111,390.959482,331.633065,87
4,1686,200.034454,221.688980,200.057119,221.703302,87
4,1687,390.839539,221.470734,390.835487,221.470719,87
4,1688,200.160461,331.850342,200.183718,331.838224,87
4,1689,401.544830,313.259735,401.541466,313.261609,87
4,1690,401.460846,239.818863,401.459002,239.818540,87
4,1691,380.386261,350.004456,380.380514,350.005369,87
4,1692,380.218292,203.122650,380.214920,203.121666,87
4,1693,316.826569,386.797668,316.820391,386.790912,87
4,1694,274.173462,166.523422,274.172696,166.534769,87
4,1695,316.574585,166.474915,316.569568,166.479767,87
4,1696,236.461670,296.131287,236.456645,296.131035,41
4,1697,246.597183,313.640198,246.591625,313.639197,41
4,1698,226.326218,278.622375,226.321976,278.623544,41
4,1699,246.557129,278.599243,246.551294,278.600490,41
4,1700,226.366272,313.663361,226.361849,313.662376,41
4,1701,256.692596,296.108154,256.686325,296.108061,41
4,1702,216.230774,296.154449,216.227289,296.154297,41
4,1703,236.501755,331.172272,236.496701,331.172357,41
4,1704,236.421616,261.090332,236.416459,261.092357,41
4,1705,236.421616,261.090332,236.416459,261.092357,41
4,1706,236.501755,331.172272,236.496701,331.172357,41
4,1707,266.828125,313.617065,266.822491,313.616831,41
4,1708,206.095306,278.645508,206.092282,278.646372,41
4,1709,266.788055,278.576111,266.781685,278.577180,41
4,1710,206.135376,313.686493,206.131711,313.686269,41
4,1711,256.732697,331.149109,256.727761,331.149809,41
4,1712,216.190704,261.113464,216.186708,261.115021,41
4,1713,256.652557,261.067200,256.646587,261.068952,41
4,1714,216.270859,331.195404,216.266048,331.196142,41
4,1715,276.923523,296.085022,276.917811,296.085356,41
4,1716,195.999863,296.177582,195.996919,296.177788,41
4,1717,246.637268,348.681183,246.632803,348.686029,41
4,1718,226.286133,243.581421,226.281081,243.581989,41
4,1719,246.517044,243.558273,246.511697,243.558925,41
4,1720,226.406357,348.704315,226.400813,348.709139,41
4,1721,287.059021,313.593933,287.056027,313.595294,41
4,1722,185.864395,278.668671,185.861019,278.669038,41
4,1723,287.018982,278.552948,287.014733,278.553558,41
4,1724,185.904465,313.709625,185.900025,313.710852,41
4,1725,276.963593,331.125977,276.960703,331.128632,41
4,1726,195.959793,261.136597,195.956002,261.137017,41
4,1727,276.883453,261.044037,276.878567,261.044712,41
4,1728,196.039948,331.218536,196.034475,331.221101,41
4,1729,266.868195,348.658051,266.866027,348.664735,41
4,1730,206.055222,243.604553,206.050215,243.603860,41
4,1731,266.747986,243.535126,266.743501,243.534570,41
4,1732,206.175461,348.727448,206.168622,348.733942,41
4,1733,297.154449,296.061859,297.152891,296.062898,41
4,1734,175.768951,296.200714,175.764473,296.201523,41
4,1735,236.381531,226.049347,236.376239,226.045477,41
4,1736,236.381531,226.049347,236.376239,226.045477,41
4,1737,175.728897,261.159729,175.723284,261.158427,41
4,1738,175.809036,331.241699,175.800929,331.247160,41
4,1739,165.633469,278.691803,165.627237,278.691525,41
4,1740,165.673523,313.732758,165.665838,313.736067,41
4,1741,185.824310,243.627686,185.817924,243.624685,41
4,1742,216.150620,226.072495,216.144421,226.067807,41
4,1743,256.612457,226.026215,256.608624,226.021436,41
3,0,343.653351,236.647675,343.645536,236.647992,98
3,1,353.098480,252.963943,353.090537,252.963151,98
3,2,334.208221,220.331375,334.202285,220.331596,98
3,3,353.061127,220.309814,353.053457,220.308852,98
3,4,334.245575,252.985519,334.241178,252.982845,98
3,5,362.506226,236.626099,362.498430,236.626271,98
3,6,324.800476,236.669235,324.797957,236.668672,98
3,7,343.690704,269.301819,343.686173,269.297463,98
3,8,343.615997,203.993530,343.610255,203.988592,98
3,9,343.615997,203.993530,343.610255,203.988592,98
3,10,343.690704,269.301819,343.686173,269.297463,98
3,11,371.951355,252.942398,371.946449,252.943213,98
3,12,315.355377,220.352921,315.355253,220.352573,98
3,13,371.914001,220.288254,371.911318,220.284224,98
3,14,315.392731,253.007080,315.395829,253.002283,98
3,15,362.543610,269.280243,362.538604,269.279521,98
3,16,324.763123,204.015091,324.759591,204.011703,98
3,17,362.468872,203.971954,362.466414,203.962878,98
3,18,324.837830,269.323364,324.838995,269.315924,98
3,19,381.359100,236.604553,381.359290,236.603458,98
3,20,390.804199,252.920837,390.811730,252.922978,98
3,21,390.766846,220.266678,390.778594,220.257635,98
3,22,381.396454,269.258667,381.398924,269.262146,98
3,23,381.321747,203.950409,381.330694,203.934454,98
3,24,411.498047,236.732834,411.476524,236.737023,96
3,25,421.880371,254.668121,421.858109,254.669496,96
3,26,401.115692,218.797485,401.097534,218.804527,96
3,27,421.839325,218.773788,421.818199,218.778661,96
3,28,401.156769,254.691849,401.138781,254.691585,96
3,29,432.221649,236.709106,432.199764,236.712664,96
3,30,390.774445,236.756516,390.759797,236.760603,96
3,31,411.539062,272.627167,411.520380,272.623708,96
3,32,411.457001,200.838470,411.439272,200.843598,96
3,33,411.457001,200.838470,411.439272,200.843598,96
3,34,411.539062,272.627167,411.520380,272.623708,96
3,35,442.603973,254.644424,442.584919,254.647235,96
3,36,380.392120,218.821182,380.382511,218.829124,96
3,37,442.562927,218.750092,442.546367,218.751464,96
3,38,380.433136,254.715530,380.424980,254.713463,96
3,39,432.262695,272.603455,432.243301,272.603710,96
3,40,390.733368,200.862167,390.720285,200.870509,96
3,41,432.180573,200.814774,432.164799,200.814845,96
3,42,390.815460,272.650848,390.803973,272.644079,96
3,43,452.945282,236.685410,452.931540,236.687552,96
3,44,370.050842,236.780212,370.047679,236.783464,96
3,45,421.921417,290.562469,421.905585,290.558648,96
3,46,401.074646,182.903137,401.062055,182.905920,96
3,47,421.798248,182.879440,421.785921,182.876089,96
3,48,401.197815,290.586182,401.185610,290.576956,96
3,49,463.327606,254.620728,463.321278,254.624765,96
3,50,359.668488,218.844894,359.671172,218.852495,96
3,51,463.286530,218.726379,463.284092,218.722887,96
3,52,359.709534,254.739227,359.714847,254.735177,96
3,53,452.986328,272.579742,452.974683,272.584058,96
3,54,370.009766,200.885864,370.006032,200.895621,96
3,55,452.904205,200.791061,452.898953,200.784166,96
3,56,370.091888,272.674561,370.092168,272.664822,96
3,57,442.645020,290.538788,442.633044,290.541286,96
3,58,380.351044,182.926834,380.343895,182.933386,96
3,59,442.521881,182.855728,442.517441,182.843829,96
3,60,380.474213,290.609863,380.471161,290.596193,96
3,61,473.668854,236.661713,473.673838,236.661640,96
3,62,349.327209,236.803925,349.338345,236.805663,96
3,63,411.580139,308.521484,411.570806,308.513784,96
3,64,411.415955,164.944122,411.408813,164.933719,96
3,65,411.415955,164.944122,411.408813,164.933719,96
3,66,411.580139,308.521484,411.570806,308.513784,96
3,67,473.709930,272.556061,473.716628,272.564811,96
3,68,349.286133,200.909576,349.294676,200.919042,96
3,69,473.627808,200.767365,473.643702,200.751548,96
3,70,349.368256,272.698273,349.383078,272.685965,96
3,71,484.051208,254.597031,484.069235,254.602080,96
3,72,338.944855,218.868591,338.961842,218.874693,96
3,73,484.010162,218.702667,484.033493,218.692918,96
3,74,338.985901,254.762955,339.006610,254.756778,96
3,75,463.368652,290.515076,463.370052,290.524857,96
3,76,359.627411,182.950546,359.629588,182.958609,96
3,77,463.245514,182.832031,463.258564,182.809091,96
3,78,359.750580,290.633606,359.760350,290.616367,96
3,79,432.303741,308.497803,432.295342,308.498119,96
3,80,390.692322,164.967819,390.685733,164.964163,96
3,81,432.139526,164.920425,432.138566,164.900372,96
3,82,390.856506,308.545227,390.852755,308.530977,96
3,83,453.027344,308.474121,453.028390,308.483985,96
3,84,369.968719,164.991516,369.967578,164.991781,96
3,85,452.863159,164.896713,452.877053,164.864011,96
3,86,370.132935,308.568909,370.139365,308.549608,96
3,87,494.392487,236.638000,494.428894,236.634903,96
3,88,328.603577,236.827637,328.630171,236.827235,96
3,89,421.962463,326.456818,421.960590,326.456277,96
3,90,401.238892,326.480530,401.238032,326.470812,96
3,91,494.433563,272.532349,494.471297,272.545946,96
3,92,484.092255,290.491364,484.118663,290.509431,96
3,93,411.014648,237.196609,410.996751,237.165026,92
3,94,421.641541,255.554367,421.652876,255.572146,92
3,95,400.387756,218.838791,400.342723,218.757759,92
3,96,421.599518,218.814529,421.612743,218.731060,92
3,97,400.429779,255.578644,400.384049,255.595730,92
3,98,432.226410,237.172333,432.268850,237.139542,92
3,99,389.802887,237.220856,389.730030,237.189811,92
3,100,411.056641,273.936432,411.040186,274.002454,92
3,101,410.972656,200.456741,410.958773,200.321605,92
3,102,410.972656,200.456741,410.958773,200.321605,92
3,103,411.056641,273.936432,411.040186,274.002454,92
3,104,442.853271,255.530121,442.927866,255.548367,92
3,105,379.176025,218.863052,379.077387,218.783372,92
3,106,442.811279,218.790283,442.888937,218.703223,92
3,107,379.218018,255.602905,379.119800,255.619077,92
3,108,432.268433,273.912201,432.311928,273.980569,92
3,109,389.760864,200.481018,389.690112,200.349155,92
3,110,432.184387,200.432495,432.232822,200.292507,92
3,111,389.844910,273.960693,389.773828,274.024580,92
3,112,453.438202,237.148071,453.547973,237.113393,92
3,113,368.591156,237.245117,368.467143,237.213955,92
3,114,421.683563,292.294220,421.699249,292.411340,92
3,115,400.345734,182.098953,400.306185,181.909925,92
3,116,421.557495,182.074692,421.578893,181.879949,92
3,117,400.471802,292.318481,400.430003,292.431796,92
3,118,464.065063,255.505859,464.210700,255.524357,92
3,119,357.964233,218.887314,357.815125,218.807934,92
3,120,464.023041,218.766022,464.172977,218.674204,92
3,121,358.006256,255.627151,357.858621,255.642231,92
3,122,453.480194,273.887909,453.590620,273.958896,92
3,123,368.549103,200.505264,368.425394,200.375185,92
3,124,453.396149,200.408218,453.513975,200.261787,92
3,125,368.633179,273.984955,368.511303,274.046948,92
3,126,442.895325,292.269989,442.974659,292.391588,92
3,127,379.133972,182.123199,379.038201,181.937923,92
3,128,442.769287,182.050415,442.857911,181.847947,92
3,129,379.260040,292.342743,379.165332,292.452944,92
3,130,474.649902,237.123825,474.835711,237.086534,92
3,131,347.379364,237.269379,347.206604,237.237507,92
3,132,411.098694,310.676270,411.089053,310.842089,92
3,133,410.930603,163.716904,410.926401,163.464363,92
3,134,410.930603,163.716904,410.926401,163.464363,92
3,135,411.098694,310.676270,411.089053,310.842089,92
3,136,474.691956,273.863647,474.877972,273.937494,92
3,137,347.337341,200.529526,347.163118,200.399792,92
3,138,474.607910,200.383972,474.803806,200.229438,92
3,139,347.421387,274.009216,347.251063,274.069587,92
3,140,485.276825,255.481613,485.503026,255.500109,92
3,141,336.752441,218.911575,336.554587,218.831485,92
3,142,485.234833,218.741745,485.466583,218.643996,92
3,143,336.794495,255.651428,336.599070,255.665242,92
3,144,464.107086,292.245697,464.257914,292.372523,92
3,145,357.922211,182.147476,357.773434,181.964051,92
3,146,463.981049,182.026169,464.144805,181.813883,92
3,147,358.048279,292.367004,357.903700,292.474797,92
3,148,432.310425,310.652008,432.361992,310.823771,92
3,149,389.718842,163.741165,389.654326,163.494838,92
3,150,432.142334,163.692642,432.203974,163.431483,92
3,151,389.886902,310.700562,389.821461,310.861589,92
3,152,453.522186,310.627777,453.641927,310.806632,92
3,153,368.507111,163.765411,368.386353,163.522965,92
3,154,453.354126,163.668381,453.488735,163.396101,92
3,155,368.675171,310.724792,368.557754,310.882188,92
3,156,495.861694,237.099548,496.133896,237.058942,92
3,157,326.167603,237.293640,325.947107,237.260494,92
3,158,421.725555,329.034058,421.751817,329.256846,92
3,159,400.303741,145.359100,400.274675,145.044605,92
3,160,421.515472,145.334839,421.551563,145.011172,92
3,161,400.513824,329.058350,400.480589,329.274196,92
3,162,495.903717,273.839417,496.175739,273.916337,92
3,163,326.125580,200.553787,325.901996,200.423026,92
3,164,495.819672,200.359711,496.104050,200.195411,92
3,165,326.209625,274.033478,325.991825,274.092444,92
3,166,485.318848,292.221436,485.550663,292.354213,92
3,167,336.710419,182.171722,336.510529,181.988372,92
3,168,485.192780,182.001907,485.441275,181.777693,92
3,169,336.836487,292.391266,336.643717,292.497286,92
3,170,506.488586,255.457352,506.806614,255.475623,92
3,171,315.540741,218.935822,315.294534,218.854105,92
3,172,506.446533,218.717499,506.771402,218.612602,92
3,173,315.582764,255.675690,315.339921,255.688076,92
3,174,474.733978,310.603516,474.930565,310.790691,92
3,175,347.295319,163.789688,347.120952,163.548874,92
3,176,474.565887,163.644119,474.782236,163.358196,92
3,177,347.463379,310.749054,347.296356,310.903884,92
3,178,442.937347,329.009827,443.029303,329.241152,92
3,179,379.091949,145.383362,379.002600,145.075243,92
3,180,442.727234,145.310577,442.834905,144.974868,92
3,181,379.302063,329.082611,379.213926,329.293105,92
3,182,464.149139,328.985565,464.314637,329.227115,92
3,183,357.880188,145.407623,357.733972,145.103222,92
3,184,358.090302,329.106842,357.950409,329.313557,92
3,185,517.073486,237.075287,517.444222,237.030627,92
3,186,304.955841,237.317902,304.687382,237.282949,92
3,187,411.140717,347.416138,411.143390,347.692175,92
3,188,411.140717,347.416138,411.143390,347.692175,92
3,189,506.530609,292.197205,506.854678,292.336637,92
3,190,315.498688,182.195999,315.248263,182.011021,92
3,191,315.624756,292.415527,315.384131,292.520421,92
3,192,517.115479,273.815155,517.485593,273.895431,92
3,193,304.913818,200.578049,304.640770,200.445009,92
3,194,304.997894,274.057739,304.732311,274.115553,92
3,195,495.945770,310.579224,496.229602,310.775936,92
3,196,326.251648,310.773315,326.035991,310.926641,92
3,197,432.352478,347.391876,432.419157,347.677493,92
3,198,389.928925,347.440399,389.873033,347.708912,92
3,199,336.878510,329.131134,336.688575,329.335531,92
3,200,453.564209,347.367615,453.701973,347.664886,92
3,201,368.717194,347.464630,368.606636,347.727651,92
3,202,375.931061,254.950073,375.920048,254.950192,90
3,203,385.660217,271.757050,385.651603,271.756977,90
3,204,366.201904,238.143082,366.191861,238.144528,90
3,205,385.621765,238.120880,385.611934,238.121072,90
3,206,366.240387,271.779266,366.232258,271.776137,90
3,207,395.350922,254.927856,395.343462,254.928689,90
3,208,356.511200,254.972275,356.504032,254.971289,90
3,209,375.969543,288.586243,375.963831,288.583653,90
3,210,375.892609,221.313889,375.883785,221.313035,90
3,211,375.892609,221.313889,375.883785,221.313035,90
3,212,375.969543,288.586243,375.963831,288.583653,90
3,213,405.080078,271.734833,405.079666,271.738166,90
3,214,346.782013,238.165298,346.777931,238.166868,90
3,215,405.041626,238.098679,405.040744,238.096431,90
3,216,346.820496,271.801483,346.818975,271.795676,90
3,217,395.389404,288.564026,395.387860,288.567183,90
3,218,356.472717,221.336105,356.465779,221.337765,90
3,219,395.312439,221.291672,395.309233,221.286401,90
3,220,356.549652,288.608459,356.547169,288.601258,90
3,221,414.770752,254.905640,414.776920,254.906728,90
3,222,337.091339,254.994492,337.092890,254.992038,90
3,223,366.163422,204.506897,366.157763,204.502423,90
3,224,385.583282,204.484695,385.581149,204.474498,90
3,225,327.362183,238.187515,327.367785,238.188144,90
3,226,424.461456,238.076447,424.480997,238.070534,90
3,227,327.400665,271.823700,327.409410,271.815548,90
3,228,337.052856,221.358307,337.052785,221.360669,90
3,229,414.732300,221.269470,414.744855,221.257803,90
3,230,346.743561,204.529114,346.740672,204.527781,90
3,231,405.003143,204.462479,405.013427,204.443872,90
3,232,377.678680,256.342407,377.292085,256.363127,86
3,233,387.868805,273.945679,387.929121,274.737845,86
3,234,367.488586,238.739136,366.656709,237.988751,86
3,235,387.828522,238.715881,387.886943,237.963591,86
3,236,367.528870,273.968933,366.699435,274.760785,86
3,237,398.018646,256.319153,398.523965,256.338932,86
3,238,357.338745,256.365662,356.064026,256.387022,86
3,239,377.718994,291.572235,377.336479,293.135804,86
3,240,377.638428,221.112579,377.251588,219.587676,86
3,241,377.638428,221.112579,377.251588,219.587676,86
3,242,377.718994,291.572235,377.336479,293.135804,86
3,243,408.208740,273.922424,409.163415,274.715048,86
3,244,347.148621,238.762405,345.429550,238.013202,86
3,245,408.168457,238.692612,409.121787,237.937670,86
3,246,347.188904,273.992218,345.472759,274.783901,86
3,247,398.058929,291.548950,398.568614,293.114261,86
3,248,357.298431,221.135849,356.022241,219.613412,86
3,249,397.978333,221.089310,398.484761,219.560758,86
3,250,357.379028,291.595490,356.108132,293.157967,86
3,251,418.358582,256.295868,419.761221,256.314390,86
3,252,336.998779,256.388947,334.838297,256.410666,86
3,253,387.909088,309.175537,387.975930,311.513474,86
3,254,367.448273,203.509308,366.617155,201.209936,86
3,255,387.788208,203.486053,387.849444,201.182443,86
3,256,367.569153,309.198792,366.745207,311.534207,86
3,257,428.548706,273.899170,430.403913,274.692393,86
3,258,326.808655,238.785675,324.204114,238.036970,86
3,259,428.508423,238.669342,430.362830,237.910931,86
3,260,326.848969,274.015472,324.247763,274.807141,86
3,261,418.398865,291.525696,419.806120,293.093321,86
3,262,336.958466,221.159103,334.795325,219.638011,86
3,263,418.318298,221.066055,419.723415,219.532626,86
3,264,337.039062,291.618774,334.882135,293.180682,86
3,265,408.249054,309.152252,409.211308,311.493766,86
3,266,347.108307,203.532578,345.388038,201.235866,86
3,267,408.128204,203.462784,409.086452,201.153292,86
3,268,347.229187,309.222046,345.517518,311.555962,86
3,269,438.698517,256.272614,441.005484,256.289544,86
3,270,316.658875,256.412201,313.613624,256.434030,86
3,271,377.759277,326.802063,377.384706,329.913991,86
3,272,377.598114,185.882751,377.215101,182.801410,86
3,273,377.598114,185.882751,377.215101,182.801410,86
3,274,377.759277,326.802063,377.384706,329.913991,86
3,275,438.738831,291.502441,441.050633,293.072996,86
3,276,438.658234,221.042801,440.969089,219.503226,86
3,277,448.888641,273.875885,451.652226,274.669850,86
3,278,448.848389,238.646088,451.611762,237.883406,86
3,279,428.588989,309.128998,430.452853,311.475161,86
3,280,428.468109,203.439529,430.329669,201.122453,86
3,281,398.099243,326.778809,398.618706,329.895134,86
3,282,357.258148,185.906021,355.983010,182.829150,86
3,283,397.938049,185.859497,398.451163,182.771652,86
3,284,459.038483,256.249359,462.258478,256.264355,86
3,285,400.754761,256.473511,400.464539,256.579693,84
3,286,411.175049,274.474426,411.476523,275.602895,84
3,287,390.334473,238.472580,389.453791,237.556761,84
3,288,411.133881,238.448792,411.433107,237.530846,84
3,289,390.375641,274.498199,389.497592,275.627152,84
3,290,421.554169,256.449707,422.445083,256.554470,84
3,291,379.955353,256.497284,378.486839,256.604665,84
3,292,400.795990,292.499115,400.509612,294.650506,84
3,293,400.713562,220.447845,400.422345,218.506843,84
3,294,400.713562,220.447845,400.422345,218.506843,84
3,295,400.795990,292.499115,400.509612,294.650506,84
3,296,431.974487,274.450653,433.458840,275.578710,84
3,297,369.535065,238.496368,367.476833,237.582169,84
3,298,431.933289,238.424988,433.415797,237.504375,84
3,299,369.576263,274.521973,367.521026,275.651485,84
3,300,421.595367,292.475342,422.490286,294.627257,84
3,301,379.914185,220.471649,378.443796,218.533221,84
3,302,421.512970,220.424072,422.403833,218.479670,84
3,303,379.996582,292.522919,378.531779,294.674127,84
3,304,442.353577,256.425903,444.429518,256.529043,84
3,305,359.155945,256.521057,356.510994,256.629427,84
3,306,411.216278,310.500061,411.523355,313.675626,84
3,307,390.293243,202.446945,389.412372,199.481717,84
3,308,411.092682,202.423141,411.393121,199.454065,84
3,309,390.416840,310.523865,389.543746,313.698264,84
3,310,452.773895,274.426819,455.445553,275.554568,84
3,311,348.735626,238.520157,345.501246,237.607112,84
3,312,452.732697,238.401215,455.402956,237.477388,84
3,313,348.776855,274.545807,345.545774,275.675926,84
3,314,442.394775,292.451569,444.474849,294.604386,84
3,315,359.114746,220.495438,356.467086,218.558824,84
3,316,442.312378,220.400284,444.389211,218.451661,84
3,317,359.197144,292.546722,356.555766,294.698140,84
3,318,432.015686,310.476257,433.506303,313.653693,84
3,319,369.493835,202.470718,367.434067,199.508280,84
3,320,431.892059,202.399368,433.377234,199.425313,84
3,321,369.617462,310.547638,367.566544,313.721533,84
3,322,463.153015,256.402130,466.418962,256.503374,84
3,323,338.356506,256.544861,334.536044,256.654024,84
3,324,400.837189,328.524780,400.557560,332.724742,84
3,325,400.672363,184.422226,400.383156,180.426738,84
3,326,400.672363,184.422226,400.383156,180.426738,84
3,327,400.837189,328.524780,400.557560,332.724742,84
3,328,463.194214,292.427765,466.464418,294.581869,84
3,329,338.315308,220.519226,334.491352,218.583678,84
3,330,463.111786,220.376495,466.379590,218.422779,84
3,331,338.397705,292.570496,334.580670,294.722481,84
3,332,473.573303,274.403046,477.437802,275.530525,84
3,333,327.936218,238.543945,323.526195,237.631604,84
3,334,473.532074,238.377426,477.395601,237.449844,84
3,335,327.977448,274.569580,323.571029,275.700421,84
3,336,452.815094,310.452484,455.493686,313.632451,84
3,337,348.694427,202.494522,345.457200,199.533832,84
3,338,452.691498,202.375580,455.365880,199.395399,84
3,339,348.818024,310.571411,345.590671,313.745442,84
3,340,421.636566,328.500977,422.539384,332.703428,84
3,341,379.872955,184.446014,378.402711,180.454598,84
3,342,421.471771,184.398438,422.366551,180.397488,84
3,343,380.037750,328.548553,378.578548,332.746990,84
3,344,442.436005,328.477173,444.525178,332.683129,84
3,345,359.073517,184.469803,356.424215,180.481152,84
3,346,442.271210,184.374634,444.353948,180.366817,84
3,347,359.238342,328.572327,356.601445,332.770173,84
3,348,483.952423,256.378357,488.414480,256.477458,84
3,349,411.257477,346.525696,411.573611,351.754500,84
3,350,390.252045,166.421310,389.373523,161.396921,84
3,351,411.051483,166.397507,411.356663,161.367423,84
3,352,483.993622,292.403961,488.460063,294.559771,84
3,353,483.911224,220.352692,488.376115,218.393023,84
3,354,473.614502,310.428711,477.486642,313.611910,84
3,355,473.490906,202.351791,477.360067,199.364328,84
3,356,494.372742,274.379272,499.436754,275.506554,84
3,357,494.331512,238.353638,499.394981,237.421720,84
3,358,463.235443,328.453400,466.515969,332.663837,84
3,359,463.070618,184.350861,466.346357,180.334704,84
3,360,377.567169,256.749817,377.174830,256.684322,82
3,361,387.698853,274.252167,387.779237,275.002795,82
3,362,367.435486,239.247452,366.572125,238.366114,82
3,363,387.658813,239.224335,387.737659,238.340731,82
3,364,367.475555,274.275269,366.614338,275.025856,82
3,365,397.790497,256.726685,398.342051,256.659930,82
3,366,357.343842,256.772919,356.011599,256.708363,82
3,367,377.607239,291.777649,377.218754,293.344554,82
3,368,377.527130,221.721970,377.134977,220.020856,82
3,369,377.527130,221.721970,377.134977,220.020856,82
3,370,377.607239,291.777649,377.218754,293.344554,82
3,371,407.922180,274.229034,408.948934,274.979839,82
3,372,347.212128,239.270584,345.409815,238.390724,82
3,373,407.882141,239.201202,408.907996,238.314524,82
3,374,347.252197,274.298431,345.452596,275.049056,82
3,375,397.830566,291.754517,398.386164,293.322926,82
3,376,357.303772,221.745102,355.970351,220.046829,82
3,377,397.750427,221.698822,398.303602,219.993627,82
3,378,357.383881,291.800781,356.055299,293.366778,82
3,379,418.013824,256.703522,419.514862,256.635140,82
3,380,337.120483,256.796082,334.850825,256.732104,82
3,381,387.738892,309.280029,387.825640,311.665889,82
3,382,367.395416,204.219604,366.533241,201.699019,82
3,383,387.618744,204.196487,387.700961,201.671199,82
3,384,367.515594,309.303131,366.659747,311.686645,82
3,385,428.145538,274.205902,430.125074,274.956984,82
3,386,326.988800,239.293732,324.249334,238.414592,82
3,387,428.105469,239.178055,430.084771,238.287433,82
3,388,327.028870,274.321564,324.292637,275.072345,82
3,389,418.053894,291.731384,419.559159,293.301876,82
3,390,337.080414,221.768219,334.808284,220.071590,82
3,391,417.973785,221.675705,419.477925,219.965105,82
3,392,337.160522,291.823914,334.894318,293.389528,82
3,393,407.962250,309.256866,408.996378,311.646145,82
3,394,347.172058,204.242752,345.368845,201.725191,82
3,395,407.842102,204.173355,408.873596,201.641631,82
3,396,347.292236,309.326263,345.497033,311.708413,82
3,397,438.237152,256.680420,440.694944,256.609992,82
3,398,316.897186,256.819214,313.691190,256.755518,82
3,399,377.647278,326.805481,377.266681,330.010071,82
3,400,377.487061,186.694122,377.099318,183.345894,82
3,401,377.487061,186.694122,377.099318,183.345894,82
3,402,377.647278,326.805481,377.266681,330.010071,82
3,403,438.277222,291.708282,440.739422,293.281415,82
3,404,438.197113,221.652588,440.659532,219.935235,82
3,405,448.368866,274.182770,451.309315,274.934203,82
3,406,448.328827,239.154938,451.269724,238.259490,82
3,407,428.185577,309.233734,430.173521,311.627492,82
3,408,428.065399,204.150223,430.052683,201.610284,82
3,409,397.870636,326.782379,398.435936,329.991239,82
3,410,399.685791,257.903534,399.923299,257.193015,80
3,411,409.581635,274.998474,410.880835,276.121964,80
3,412,389.789948,240.808594,388.967159,238.264221,80
3,413,409.542511,240.786011,410.838813,238.237661,80
3,414,389.829041,275.021057,389.009745,276.146579,80
3,415,419.438354,257.880920,421.796339,257.167239,80
3,416,379.933197,257.926117,378.053595,257.218435,80
3,417,399.724915,292.115997,399.967318,295.075525,80
3,418,399.646637,223.691040,399.882662,219.307544,80
3,419,399.646637,223.691040,399.882662,219.307544,80
3,420,399.724915,292.115997,399.967318,295.075525,80
3,421,429.334229,274.975891,432.755848,276.097342,80
3,422,370.037354,240.831177,367.098310,238.290147,80
3,423,429.295074,240.763397,432.714381,238.210414,80
3,424,370.076508,275.043640,367.141463,276.171192,80
3,425,419.477478,292.093414,421.840352,295.052034,80
3,426,379.894104,223.713638,378.011888,219.334638,80
3,427,419.399231,223.668457,421.756870,219.279502,80
3,428,379.972351,292.138580,378.097615,295.099335,80
3,429,439.190918,257.858337,443.673853,257.141152,80
3,430,360.180634,257.948700,356.186148,257.243545,80
3,431,409.620758,309.210907,410.926816,314.006247,80
3,432,389.750793,206.596115,388.927419,200.376076,80
3,433,409.503387,206.573517,410.800773,200.347483,80
3,434,389.868164,309.233521,389.055138,314.028958,80
3,435,449.086792,274.953278,454.635887,276.072682,80
3,436,350.284760,240.853775,345.231195,238.315484,80
3,437,449.047668,240.740814,454.595049,238.182518,80
3,438,350.323914,275.066254,345.274854,276.195836,80
3,439,439.230072,292.070831,443.717856,295.028866,80
3,440,360.141479,223.736237,356.143362,219.360807,80
3,441,439.151825,223.645874,443.635555,219.250466,80
3,442,360.219757,292.161194,356.230130,295.123486,80
3,443,429.373322,309.188324,432.802368,313.984212,80
3,444,370.115601,309.256104,367.186309,314.052274,80
3,445,458.943512,257.835754,465.557054,257.114715,80
3,446,340.428040,257.971313,334.319915,257.268391,80
3,447,342.352844,276.099365,342.335254,276.094187,78
3,448,353.164307,294.775970,353.137771,294.754897,78
3,449,331.541382,257.422729,331.533846,257.434124,78
3,450,353.121552,257.398041,353.094551,257.409093,78
3,451,331.584137,294.800629,331.577061,294.778602,78
3,452,363.933014,276.074646,363.897091,276.069807,78
3,453,320.772705,276.124023,320.775723,276.118539,78
3,454,342.395599,313.477264,342.379605,313.440085,78
3,455,342.310089,238.721436,342.293146,238.748270,78
3,456,342.310089,238.721436,342.293146,238.748270,78
3,457,342.395599,313.477264,342.379605,313.440085,78
3,458,374.744476,294.751251,374.701370,294.731532,78
3,459,309.961273,257.447418,309.974903,257.458778,78
3,460,374.701691,257.373352,374.658127,257.383716,78
3,461,310.003998,294.825317,310.018100,294.802667,78
3,462,363.975769,313.452576,363.942091,313.417400,78
3,463,320.729950,238.746124,320.733007,238.773602,78
3,464,363.890259,238.696762,363.855631,238.722217,78
3,465,320.815460,313.501923,320.819442,313.463498,78
3,466,385.513123,276.049988,385.462392,276.045449,78
3,467,299.192566,276.148712,299.217321,276.142901,78
3,468,353.207062,332.153870,353.183940,332.104142,78
3,469,331.498627,220.044815,331.492285,220.086208,78
3,470,353.078796,220.020142,353.054247,220.059835,78
3,471,331.626892,332.178558,331.621956,332.126551,78
3,472,396.324615,294.726593,396.269114,294.708572,78
3,473,288.381104,257.472076,288.416511,257.483109,78
3,474,396.281830,257.348694,396.225885,257.357946,78
3,475,288.423828,294.850006,288.459675,294.827111,78
3,476,385.555878,313.427917,385.508055,313.395465,78
3,477,299.149811,238.770798,299.174043,238.798240,78
3,478,385.470398,238.672089,385.421640,238.695419,78
3,479,299.235321,313.526642,299.260426,313.487641,78
3,480,374.787201,332.129181,374.748828,332.082870,78
3,481,309.918518,220.069489,309.932158,220.111534,78
3,482,374.658966,219.995453,374.619171,220.032342,78
3,483,310.046783,332.203247,310.061767,332.149998,78
3,484,407.093292,276.025299,407.032561,276.021078,78
3,485,277.612427,276.173401,277.659001,276.167309,78
3,486,342.438354,350.855164,342.426314,350.792921,78
3,487,342.267334,201.343536,342.253421,201.395506,78
3,488,342.267334,201.343536,342.253421,201.395506,78
3,489,342.438354,350.855164,342.426314,350.792921,78
3,490,407.136047,313.403198,407.078930,313.374273,78
3,491,277.569672,238.795471,277.615214,238.822248,78
3,492,407.050537,238.647400,406.992518,238.667830,78
3,493,277.655151,313.551300,277.701513,313.512426,78
3,494,417.904755,294.701904,417.842387,294.685995,78
3,495,266.800964,257.496796,266.857770,257.507177,78
3,496,417.861969,257.324005,417.799176,257.331736,78
3,497,266.843689,294.874695,266.900883,294.851867,78
3,498,396.367371,332.104523,396.317953,332.062742,78
3,499,288.338348,220.094193,288.372665,220.135905,78
3,500,396.239075,219.970764,396.188272,220.003697,78
3,501,288.466614,332.227905,288.502168,332.174466,78
3,502,364.018524,350.830475,363.990739,350.771945,78
3,503,320.687195,201.368210,320.691455,201.421920,78
3,504,363.847504,201.318848,363.817830,201.367652,78
3,505,320.858215,350.879852,320.864284,350.815312,78
3,506,385.598633,350.805817,385.558707,350.752497,78
3,507,299.107056,201.392899,299.130773,201.447001,78
3,508,385.427643,201.294174,385.385844,201.338318,78
3,509,299.278076,350.904510,299.303482,350.839087,78
3,510,428.673462,276.000641,428.608989,275.996692,78
3,511,256.032257,276.198090,256.099810,276.191719,78
3,512,353.249817,369.531799,353.233163,369.463800,78
3,513,331.455872,182.666901,331.452619,182.728222,78
3,514,353.036041,182.642227,353.017067,182.700304,78
3,515,331.669647,369.556458,331.668651,369.484728,78
3,516,428.716187,313.378540,428.656019,313.353898,78
3,517,255.989502,238.820160,256.055573,238.845697,78
3,518,428.630676,238.622711,428.569645,238.639396,78
3,519,256.075012,313.575989,256.141749,313.537850,78
3,520,417.947479,332.079803,417.892583,332.043760,78
3,521,266.758209,220.118866,266.812918,220.159338,78
3,522,417.819244,219.946091,417.763006,219.973872,78
3,523,266.886475,332.252594,266.942261,332.199902,78
3,524,439.484894,294.677246,439.422607,294.663807,78
3,525,245.220795,257.521454,245.297763,257.530963,78
3,526,439.442108,257.299316,439.379418,257.305131,78
3,527,245.263535,294.899353,245.340806,294.876951,78
3,528,407.178802,350.781128,407.131639,350.734593,78
3,529,277.526917,201.417587,277.570353,201.470823,78
3,530,407.007812,201.269485,406.958823,201.307419,78
3,531,277.697937,350.929230,277.742877,350.864205,78
3,532,374.829956,369.507111,374.800672,369.444703,78
3,533,309.875763,182.691589,309.890139,182.754435,78
3,534,374.616211,182.617538,374.584593,182.670563,78
3,535,310.089539,369.581146,310.106043,369.507414,78
3,536,396.410095,369.482422,396.372472,369.427473,78
3,537,288.295593,182.716263,288.328447,182.779016,78
3,538,396.196350,182.592865,396.156420,182.638948,78
3,539,288.509369,369.605835,288.544147,369.531800,78
3,540,450.253601,275.975922,450.193060,275.972258,78
3,541,234.452118,276.222748,234.539010,276.216172,78
3,542,342.481079,388.233063,342.475547,388.159398,78
3,543,342.224609,163.965622,342.216389,164.029344,78
3,544,342.224609,163.965622,342.216389,164.029344,78
3,545,342.481079,388.233063,342.475547,388.159398,78
3,546,439.527649,332.055145,439.474242,332.026008,78
3,547,245.178040,220.143539,245.252013,220.181945,78
3,548,439.399384,219.921417,439.344694,219.942822,78
3,549,245.306290,332.277283,245.381135,332.226275,78
3,550,450.296326,313.353851,450.240790,313.334327,78
3,551,234.409363,238.844849,234.494391,238.868634,78
3,552,450.210846,238.598038,450.154488,238.610154,78
3,553,234.494858,313.600677,234.580401,313.563904,78
3,554,428.758942,350.756439,428.710831,350.718274,78
3,555,255.946747,201.442261,256.009263,201.493473,78
3,556,428.587921,201.244812,428.538048,201.274936,78
3,557,256.117767,350.953888,256.181525,350.890529,78
3,558,364.061249,388.208405,364.043175,388.140356,78
3,559,320.644470,163.990295,320.651422,164.057097,78
3,560,363.804779,163.940933,363.783952,163.999481,78
3,561,320.900940,388.257782,320.910445,388.180607,78
3,562,461.065063,294.652527,461.011270,294.641987,78
3,563,223.640656,257.546143,223.735830,257.554532,78
3,564,461.022278,257.274658,460.968102,257.278093,78
3,565,223.683395,294.924072,223.778779,294.902380,78
3,566,417.990234,369.457733,417.949901,369.412222,78
3,567,266.715454,182.740952,266.766674,182.802110,78
3,568,417.776489,182.568176,417.733904,182.605370,78
3,569,266.929230,369.630524,266.982080,369.557735,78
3,570,385.641388,388.183716,385.614485,388.123536,78
3,571,299.064331,164.014984,299.087916,164.082881,78
3,572,385.384888,163.916260,385.355223,163.967437,78
3,573,299.320801,388.282440,299.346720,388.203827,78
3,574,407.221558,388.159027,407.190828,388.108984,78
3,575,277.484192,164.039673,277.524872,164.106813,78
3,576,406.965057,163.891571,406.931595,163.933100,78
3,577,277.740662,388.307129,277.783356,388.228979,78
3,578,471.833740,275.951263,471.786291,275.947833,78
3,579,212.871979,276.247437,212.975929,276.240681,78
3,580,353.292542,406.909698,353.285701,406.840465,78
3,581,331.413147,145.289001,331.415275,145.353892,78
3,582,352.993317,145.264313,352.983379,145.324153,78
3,583,331.712372,406.934387,331.717452,406.859739,78
3,584,461.107819,332.030457,461.064336,332.009476,78
3,585,223.597900,220.168228,223.689300,220.203831,78
3,586,460.979523,219.896729,460.934819,219.910508,78
3,587,223.726151,332.301971,223.818132,332.253464,78
3,588,450.339081,350.731750,450.297742,350.703542,78
3,589,234.366608,201.466949,234.446791,201.515092,78
3,590,450.168091,201.220123,450.125057,201.240803,78
3,591,471.876495,313.329193,471.834760,313.315570,78
3,592,212.829224,238.869522,212.931003,238.891115,78
3,593,471.790955,238.573364,471.748441,238.580063,78
3,594,439.570404,369.433075,439.534387,369.398965,78
3,595,245.135284,182.765625,245.203937,182.823821,78
3,596,439.356659,182.543488,439.318459,182.569789,78
3,597,374.872711,406.885010,374.857124,406.823741,78
3,598,309.833038,145.313675,309.849334,145.381295,78
3,599,374.573456,145.239624,374.554702,145.291927,78
3,600,482.645203,294.627869,482.609822,294.620595,78
3,601,482.602417,257.249969,482.566675,257.250616,78
3,602,255.904007,164.064346,255.961384,164.129027,78
3,603,428.545166,163.866898,428.514300,163.896431,78
3,604,288.252869,145.338348,288.284406,145.406476,78
3,605,396.153625,145.214966,396.130525,145.257136,78
3,606,471.748230,201.195450,471.721231,201.205024,78
3,607,482.559692,219.872040,482.534899,219.876928,78
3,608,460.936798,182.518814,460.911465,182.532182,78
3,609,417.733734,145.190277,417.712063,145.219664,78
3,610,365.608856,276.443085,365.612250,276.486670,73
3,611,376.215881,294.766632,376.231264,294.830415,73
3,612,355.001770,258.119568,354.994917,258.143762,73
3,613,376.173950,258.095367,376.189137,258.118617,73
3,614,355.043701,294.790863,355.037134,294.853551,73
3,615,386.780975,276.418884,386.808140,276.462510,73
3,616,344.436646,276.467316,344.419831,276.510786,73
3,617,365.650757,313.114380,365.656184,313.198081,73
3,618,365.566895,239.771835,365.571845,239.774634,73
3,619,365.566895,239.771835,365.571845,239.774634,73
3,620,365.650757,313.114380,365.656184,313.198081,73
3,621,397.388062,294.742401,397.429658,294.807686,73
3,622,333.829590,258.143799,333.803472,258.168430,73
3,623,397.346100,258.071167,397.387662,258.092942,73
3,624,333.871521,294.815063,333.845792,294.877031,73
3,625,386.822906,313.090179,386.852743,313.176408,73
3,626,344.394714,239.796066,344.378552,239.800360,73
3,627,386.739044,239.747635,386.768680,239.747961,73
3,628,344.478577,313.138580,344.463110,313.220578,73
3,629,407.953156,276.394684,408.009135,276.438270,73
3,630,323.264496,276.491547,323.229514,276.534814,73
3,631,376.257812,331.437897,376.277712,331.545770,73
3,632,354.959839,221.448318,354.955499,221.429241,73
3,633,376.132019,221.424088,376.151416,221.401964,73
3,634,355.085663,331.462097,355.082168,331.566819,73
3,635,418.560211,294.718201,418.633937,294.785344,73
3,636,312.657471,258.167999,312.613490,258.192599,73
3,637,418.518250,258.046906,418.592082,258.066685,73
3,638,312.699371,294.839264,312.655892,294.900876,73
3,639,407.995087,313.065948,408.054450,313.155553,73
3,640,323.222534,239.820282,323.187414,239.825174,73
3,641,407.911224,239.723419,407.970629,239.720287,73
3,642,323.306427,313.162781,323.272155,313.243870,73
3,643,397.429993,331.413696,397.477617,331.526010,73
3,644,333.787628,221.472519,333.762466,221.455139,73
3,645,397.304138,221.399872,397.351650,221.373260,73
3,646,333.913452,331.486328,333.889430,331.589140,73
3,647,429.125336,276.370483,429.216870,276.413942,73
3,648,302.092346,276.515747,302.039930,276.558793,73
3,649,365.692719,349.785645,365.703755,349.917146,73
3,650,365.524933,203.100571,365.535118,203.053688,73
3,651,365.524933,203.100571,365.535118,203.053688,73
3,652,365.692719,349.785645,365.703755,349.917146,73
3,653,429.167267,313.041718,429.262853,313.135592,73
3,654,302.050385,239.844482,301.997068,239.849116,73
3,655,429.083374,239.699188,429.179319,239.691549,73
3,656,302.134277,313.187012,302.081950,313.267958,73
3,657,439.732361,294.694000,439.845773,294.763394,73
3,658,291.485260,258.192230,291.423582,258.216332,73
3,659,439.690430,258.022705,439.804066,258.039883,73
3,660,291.527191,294.863495,291.466045,294.925103,73
3,661,418.602142,331.389465,418.683389,331.507546,73
3,662,312.615509,221.496735,312.570987,221.479742,73
3,663,418.476349,221.375671,418.557890,221.343090,73
3,664,312.741333,331.510559,312.698190,331.612631,73
3,665,386.864868,349.761414,386.902568,349.898031,73
3,666,344.352753,203.124786,344.339448,203.081185,73
3,667,386.697113,203.076355,386.734434,203.024378,73
3,668,344.520538,349.809875,344.508502,349.937996,73
3,669,408.037048,349.737213,408.106593,349.880679,73
3,670,323.180603,203.149002,323.146053,203.106925,73
3,671,407.869293,203.052139,407.938979,202.993154,73
3,672,323.348389,349.834076,323.315453,349.960461,73
3,673,450.297485,276.346222,450.432992,276.389493,73
3,674,280.920166,276.539978,280.849864,276.582766,73
3,675,376.299774,368.109192,376.328668,368.272993,73
3,676,354.917877,184.777039,354.919139,184.701903,73
3,677,376.090057,184.752823,376.118236,184.672319,73
3,678,355.127594,368.133392,355.130139,368.291850,73
3,679,450.339417,313.017517,450.479684,313.116514,73
3,680,280.878235,239.868698,280.806308,239.872264,73
3,681,450.255554,239.674988,450.396474,239.661776,73
3,682,280.962097,313.211243,280.891283,313.292751,73
3,683,439.774323,331.365265,439.896805,331.490465,73
3,684,291.443329,221.520966,291.379689,221.503161,73
3,685,439.648499,221.351456,439.771710,221.311397,73
3,686,291.569153,331.534760,291.507061,331.637266,73
3,687,460.904572,294.669769,461.066929,294.741814,73
3,688,270.313110,258.216461,270.232692,258.239698,73
3,689,460.862610,257.998505,461.025372,258.012496,73
3,690,270.355042,294.887695,270.275188,294.949648,73
3,691,429.209198,349.713013,429.317368,349.865137,73
3,692,302.008423,203.173218,301.953589,203.131036,73
3,693,429.041412,203.027939,429.150280,202.959982,73
3,694,302.176208,349.858276,302.123250,349.984497,73
3,695,397.471924,368.084961,397.531627,368.256285,73
3,696,333.745697,184.801254,333.723070,184.729276,73
3,697,397.262238,184.728622,397.321801,184.640456,73
3,698,333.955414,368.157593,333.934529,368.312808,73
3,699,418.644073,368.060730,418.740591,368.241849,73
3,700,312.573547,184.825470,312.528722,184.754579,73
3,701,418.434387,184.704391,418.531418,184.606202,73
3,702,471.469666,276.322021,471.659289,276.364975,73
3,703,365.483032,166.429306,365.502396,166.315956,73
3,704,365.483032,166.429306,365.502396,166.315956,73
3,705,460.946503,331.341034,461.119537,331.474763,73
3,706,460.820648,221.327240,460.994855,221.278134,73
3,707,471.511597,312.993317,471.706727,313.098332,73
3,708,471.427704,239.650772,471.623761,239.630921,73
3,709,450.381378,349.688782,450.536615,349.851415,73
3,710,450.213623,203.003708,450.370126,202.924786,73
3,711,386.655151,166.405090,386.705675,166.283786,73
3,712,482.034760,257.974304,482.257724,257.984513,73
3,713,411.097229,236.389359,411.075598,236.393662,59
3,714,421.479553,254.324661,421.458127,254.326774,59
3,715,400.714874,218.454010,400.695772,218.460669,59
3,716,421.438507,218.430313,421.417847,218.434955,59
3,717,400.755951,254.348373,400.737320,254.348630,59
3,718,431.820831,236.365646,431.800356,236.369515,59
3,719,390.373627,236.413055,390.357500,236.417069,59
3,720,411.138245,272.283691,411.119862,272.281478,59
3,721,411.056183,200.494995,411.038083,200.499477,59
3,722,411.056183,200.494995,411.038083,200.499477,59
3,723,411.138245,272.283691,411.119862,272.281478,59
3,724,442.203156,254.300964,442.186564,254.304788,59
3,725,379.991302,218.477722,379.979481,218.485152,59
3,726,442.162109,218.406631,442.147571,218.407951,59
3,727,380.032318,254.372070,380.022183,254.370317,59
3,728,431.861877,272.260010,431.844372,272.261775,59
3,729,390.332550,200.518707,390.317790,200.526294,59
3,730,431.779755,200.471298,431.765059,200.470857,59
3,731,390.414642,272.307404,390.402013,272.301595,59
3,732,452.544464,236.341949,452.533798,236.344657,59
3,733,369.650024,236.436752,369.644150,236.439798,59
3,734,421.520599,290.219025,421.506121,290.217289,59
3,735,400.673828,182.559677,400.660132,182.561522,59
3,736,421.397430,182.535965,421.385342,182.531767,59
3,737,400.796997,290.242706,400.784594,290.235281,59
3,738,462.926788,254.277267,462.924701,254.282636,59
3,739,359.267670,218.501434,359.267012,218.508447,59
3,740,462.885712,218.382919,462.887002,218.379609,59
3,741,359.308716,254.395767,359.310854,254.391878,59
3,742,452.585480,272.236267,452.577493,272.242461,59
3,743,369.608948,200.542404,369.602370,200.551349,59
3,744,452.503387,200.447601,452.500809,200.440352,59
3,745,369.691071,272.331085,369.688908,272.322125,59
3,746,442.244202,290.195312,442.235280,290.200286,59
3,747,379.950226,182.583374,379.940768,182.588950,59
3,748,442.121063,182.512268,442.118351,182.499621,59
3,749,380.073395,290.266418,380.068738,290.254243,59
3,750,473.268036,236.318253,473.277914,236.319043,59
3,751,348.926392,236.460464,348.933720,236.461902,59
3,752,411.179321,308.178040,411.170843,308.173065,59
3,753,411.015137,164.600647,411.007499,164.589197,59
3,754,411.015137,164.600647,411.007499,164.589197,59
3,755,411.179321,308.178040,411.170843,308.173065,59
3,756,473.309113,272.212585,473.321330,272.223596,59
3,757,348.885315,200.566116,348.889982,200.574749,59
3,758,473.226990,200.423904,473.247304,200.407949,59
3,759,348.967438,272.354797,348.978656,272.343096,59
3,760,483.650391,254.253571,483.674590,254.260312,59
3,761,338.544037,218.525131,338.556683,218.530606,59
3,762,483.609344,218.359207,483.638262,218.349917,59
3,763,338.585083,254.419479,338.601555,254.413365,59
3,764,462.967834,290.171600,462.974141,290.184261,59
3,765,359.226593,182.607086,359.225392,182.614170,59
3,766,462.844666,182.488571,462.861110,182.465037,59
3,767,359.349762,290.290131,359.356661,290.274184,59
3,768,431.902924,308.154327,431.897043,308.157781,59
3,769,390.291504,164.624359,390.283176,164.619621,59
3,770,431.738708,164.576950,431.738636,164.555908,59
3,771,390.455688,308.201752,390.451277,308.189921,59
3,772,452.626526,308.130646,452.631904,308.144072,59
3,773,369.567902,164.648056,369.563914,164.647254,59
3,774,452.462341,164.553253,452.478651,164.519643,59
3,775,369.732117,308.225433,369.736515,308.208257,59
3,776,493.991669,236.294540,494.034941,236.292647,59
3,777,328.202759,236.484161,328.224581,236.483416,59
3,778,328.161713,200.589798,328.179016,200.596563,59
3,779,328.243835,272.378510,328.269650,272.364455,59
3,780,423.295471,255.755905,423.275642,255.756360,65
3,781,433.480347,273.350128,433.461151,273.348844,65
3,782,413.110596,238.161728,413.093800,238.165268,65
3,783,433.440063,238.138458,433.419960,238.140417,65
3,784,413.150848,273.373352,413.135642,273.369064,65
3,785,443.624908,255.732651,443.605431,255.733646,65
3,786,402.966003,255.779175,402.953784,255.778707,65
3,787,423.335754,290.967560,423.321164,290.962030,65
3,788,423.255188,220.544266,423.238142,220.547272,65
3,789,423.255188,220.544266,423.238142,220.547272,65
3,790,423.335754,290.967560,423.321164,290.962030,65
3,791,453.809784,273.326843,453.795688,273.328845,65
3,792,392.781158,238.184967,392.774488,238.189082,65
3,793,453.769531,238.115219,453.755230,238.114546,65
3,794,392.821411,273.396606,392.816972,273.389535,65
3,795,443.665192,290.944305,443.651388,290.944550,65
3,796,402.925720,220.567505,402.914502,220.573609,65
3,797,443.584656,220.521027,443.569745,220.519273,65
3,798,403.006287,290.990814,402.998867,290.980403,65
3,799,463.954376,255.709412,463.945461,255.710525,65
3,800,382.636566,255.802414,382.637666,255.800658,65
3,801,433.520599,308.561768,433.511416,308.559527,65
3,802,413.070343,202.950073,413.058914,202.952389,65
3,803,433.399780,202.926819,433.387932,202.922850,65
3,804,413.191132,308.584991,413.184380,308.575153,65
3,805,474.139221,273.303619,474.141607,273.309123,65
3,806,372.451721,238.208221,372.459894,238.211928,65
3,807,474.098938,238.091965,474.101848,238.087602,65
3,808,372.492004,273.419861,372.503002,273.410261,65
3,809,463.994659,290.921051,463.991852,290.927949,65
3,810,382.596313,220.590759,382.596732,220.598357,65
3,811,463.914093,220.497757,463.911610,220.489554,65
3,812,382.676849,291.014038,382.682304,290.999653,65
3,813,453.850037,308.538513,453.847529,308.545450,65
3,814,392.740875,202.973328,392.736790,202.979694,65
3,815,453.729248,202.903564,453.726163,202.890983,65
3,816,392.861664,308.608276,392.864155,308.592324,65
3,817,484.283813,255.686172,484.298041,255.686985,65
3,818,362.307129,255.825653,362.325212,255.822264,65
3,819,423.214905,185.332611,423.208764,185.323487,65
3,820,423.214905,185.332611,423.208764,185.323487,65
3,821,484.324097,290.897797,484.344866,290.912295,65
3,822,362.266846,220.614029,362.282658,220.621571,65
3,823,484.243561,220.474503,484.266109,220.458093,65
3,824,494.468689,273.280365,494.501330,273.289651,65
3,825,352.122223,238.231476,352.147982,238.233872,65
3,826,494.428436,238.068710,494.462308,238.059553,65
3,827,372.411438,202.996567,372.419529,203.004822,65
3,828,474.058685,202.880325,474.075827,202.856759,65
3,829,402.885468,185.355881,402.881248,185.354032,65
3,830,443.544403,185.309357,443.544413,185.290048,65
3,831,376.299103,258.315308,376.469154,257.462456,103
3,832,386.158752,275.347748,387.229250,276.049996,103
3,833,366.439453,241.282913,365.710548,238.874948,103
3,834,386.119781,241.260406,387.188267,238.848637,103
3,835,366.478455,275.370239,365.752265,276.074173,103
3,836,395.979431,258.292816,397.948346,257.437014,103
3,837,356.618774,258.337830,354.993622,257.487491,103
3,838,376.338074,292.402649,376.512370,294.661697,103
3,839,376.260132,224.227982,376.429685,220.259477,103
3,840,376.260132,224.227982,376.429685,220.259477,103
3,841,376.338074,292.402649,376.512370,294.661697,103
3,842,405.839081,275.325226,408.710599,276.025805,103
3,843,346.759094,241.305420,344.235819,238.900489,103
3,844,405.800110,241.237915,408.670352,238.821507,103
3,845,346.798096,275.392761,344.278204,276.098372,103
3,846,396.018402,292.380157,397.991546,294.638769,103
3,847,356.579773,224.250504,354.952760,220.286313,103
3,848,395.940430,224.205475,397.910270,220.231449,103
3,849,356.657745,292.425171,355.036816,294.685042,103
3,850,415.659760,258.270294,419.432589,257.411116,103
3,851,336.938416,258.360352,333.520408,257.512169,103
3,852,386.197723,309.435089,387.274624,313.251307,103
3,853,366.517395,309.457581,365.796955,313.273370,103
3,854,425.519409,275.302734,430.197742,276.001596,103
3,855,327.078766,241.327942,322.762873,238.925286,103
3,856,425.480438,241.215378,430.158226,238.793500,103
3,857,327.117767,275.415253,322.805883,276.122543,103
3,858,415.698730,292.357635,419.475765,294.616238,103
3,859,336.899414,224.272995,333.478252,220.311996,103
3,860,336.977386,292.447662,333.563597,294.708739,103
3,861,405.878052,309.412567,408.756699,313.230013,103
3,862,346.837067,309.480103,344.322225,313.296208,103
3,863,317.258118,258.382843,312.048380,257.536459,103
3,864,98.803879,297.034729,98.810086,297.030550,60
3,865,109.764816,315.969513,109.768978,315.962209,60
3,866,87.843002,278.099976,87.850387,278.098422,60
3,867,109.721466,278.074921,109.725602,278.074068,60
3,868,87.886353,315.994507,87.893623,315.987949,60
3,869,120.682312,297.009705,120.684660,297.005558,60
3,870,76.925415,297.059753,76.934226,297.055625,60
3,871,98.847229,334.929291,98.852163,334.920363,60
3,872,98.760529,259.140137,98.765546,259.141578,60
3,873,98.760529,259.140137,98.765546,259.141578,60
3,874,98.847229,334.929291,98.852163,334.920363,60
3,875,131.643188,315.944489,131.643056,315.936707,60
3,876,65.964539,278.124969,65.973923,278.122707,60
3,877,131.599869,278.049896,131.599559,278.049673,60
3,878,66.007889,316.019531,66.017026,316.013890,60
3,879,120.725662,334.904266,120.727149,334.894130,60
3,880,76.882065,259.165192,76.889612,259.165158,60
3,881,120.638992,259.115143,120.640271,259.117837,60
3,882,76.968765,334.954346,76.975955,334.946980,60
3,883,142.560715,296.984680,142.558091,296.980623,60
3,884,55.046951,297.084778,55.057153,297.080778,60
3,885,109.808105,353.864075,109.810143,353.853636,60
3,886,87.799652,240.205383,87.804493,240.207429,60
3,887,109.678108,240.180359,109.680044,240.184417,60
3,888,87.929642,353.889099,87.934170,353.880683,60
3,889,153.521622,315.919434,153.516235,315.911448,60
3,890,44.086075,278.149994,44.096361,278.146983,60
3,891,153.478302,278.024902,153.472582,278.025184,60
3,892,44.129425,316.044586,44.139342,316.040019,60
3,893,142.604065,334.879272,142.601054,334.868318,60
3,894,55.003601,259.190216,55.012519,259.188582,60
3,895,142.517395,259.090118,142.513872,259.093845,60
3,896,55.090305,334.979340,55.098608,334.973849,60
3,897,131.686539,353.839050,131.685014,353.827096,60
3,898,65.921188,240.230423,65.927805,240.230167,60
3,899,131.556519,240.155350,131.554441,240.161050,60
3,900,66.051186,353.914124,66.057087,353.908162,60
3,901,164.439178,296.959656,164.430788,296.955808,60
3,902,33.168488,297.109802,33.179128,297.106032,60
3,903,98.890579,372.823883,98.891976,372.815773,60
3,904,98.717232,221.245590,98.718745,221.248798,60
3,905,98.717232,221.245590,98.718745,221.248798,60
3,906,98.890579,372.823883,98.891976,372.815773,60
3,907,164.482529,334.854248,164.474279,334.842990,60
3,908,33.125137,259.215210,33.134532,259.211949,60
3,909,164.395859,259.065063,164.386779,259.069521,60
3,910,33.211842,335.004364,33.220390,335.000917,60
3,911,175.400085,315.894440,175.388884,315.886520,60
3,912,22.207668,278.175049,22.218129,278.171311,60
3,913,175.356766,277.999878,175.345070,278.000574,60
3,914,22.251020,316.069580,22.261000,316.066234,60
3,915,153.564972,353.814026,153.559035,353.801214,60
3,916,44.042721,240.255432,44.050140,240.252719,60
3,917,153.434952,240.130325,153.427996,240.137227,60
3,918,44.172718,353.939148,44.179061,353.935958,60
3,919,120.769012,372.798859,120.767897,372.788496,60
3,920,76.838768,221.270599,76.842328,221.271017,60
3,921,120.595642,221.220566,120.594060,221.226115,60
3,922,77.012115,372.848877,77.015018,372.843658,60
3,923,142.647415,372.773804,142.642902,372.761930,60
3,924,54.960308,221.295639,54.964935,221.292935,60
3,925,142.474045,221.195526,142.468460,221.202861,60
3,926,55.133656,372.873901,55.137123,372.872007,60
3,927,186.317612,296.934631,186.303143,296.931085,60
3,928,11.290084,297.134827,11.300697,297.131322,60
3,929,109.851463,391.758636,109.849572,391.753030,60
3,930,87.756294,202.310822,87.756273,202.310453,60
3,931,109.634758,202.285797,109.632611,202.288485,60
3,932,87.973000,391.783661,87.972539,391.781078,60
3,933,186.360962,334.829193,186.347209,334.818170,60
3,934,11.246733,259.240265,11.256200,259.235364,60
3,935,186.274292,259.040070,186.259381,259.044872,60
3,936,11.333435,335.029388,11.341853,335.028094,60
3,937,175.443436,353.789001,175.432624,353.776048,60
3,938,22.164318,240.280457,22.171940,240.275211,60
3,939,175.313416,240.105301,175.301102,240.112855,60
3,940,22.294313,353.964172,22.300535,353.963975,60
3,941,197.278519,315.869415,197.261498,315.861922,60
3,942,0.329206,278.200043,0.339725,278.195669,60
3,943,197.235199,277.974823,197.217517,277.975795,60
3,944,0.372557,316.094604,0.382500,316.092511,60
3,945,164.525879,372.748810,164.517377,372.736251,60
3,946,33.081844,221.320663,33.086843,221.314684,60
3,947,164.352509,221.170517,164.342303,221.178937,60
3,948,33.255192,372.898956,33.258576,372.900690,60
3,949,131.729858,391.733643,131.725705,391.725789,60
3,950,65.877838,202.335846,65.879033,202.331937,60
3,951,131.513168,202.260773,131.508009,202.265886,60
3,952,66.094536,391.808716,66.094651,391.809788,60
3,953,153.608307,391.708588,153.601227,391.699482,60
3,954,43.999371,202.360870,44.001073,202.353099,60
3,955,153.391602,202.235748,153.382761,202.242478,60
3,956,44.216072,391.833710,44.216098,391.838915,60
3,957,208.196045,296.909637,208.175804,296.906458,60
3,958,11.290084,297.134827,11.300697,297.131322,60
3,959,98.933929,410.718445,98.930084,410.721192,60
3,960,98.673882,183.351013,98.670063,183.347663,60
3,961,98.673882,183.351013,98.670063,183.347663,60
3,962,98.933929,410.718445,98.930084,410.721192,60
3,963,197.321869,353.763977,197.306264,353.751645,60
3,964,0.285854,240.305481,0.293709,240.297780,60
3,965,197.191849,240.080276,197.174243,240.087876,60
3,966,0.415851,353.989197,0.422020,353.992019,60
3,967,208.239395,334.804199,208.220490,334.793965,60
3,968,11.246733,259.240265,11.256200,259.235364,60
3,969,208.152725,259.015045,208.132324,259.019827,60
3,970,11.333435,335.029388,11.341853,335.028094,60
3,971,186.404312,372.723785,186.391693,372.711537,60
3,972,11.203439,221.345673,11.208621,221.336408,60
3,973,186.230942,221.145508,186.215965,221.154230,60
3,974,11.376787,372.923950,11.379952,372.929476,60
3,975,120.812340,410.693420,120.807384,410.693262,60
3,976,76.795418,183.376038,76.792799,183.368951,60
3,977,120.552284,183.325989,120.546510,183.325686,60
3,978,77.055473,410.743469,77.052022,410.749976,60
3,979,219.156952,315.844391,219.134789,315.837676,60
3,980,0.329206,278.200043,0.339725,278.195669,60
3,981,219.113632,277.949829,219.090637,277.950882,60
3,982,0.372557,316.094604,0.382500,316.092511,60
3,983,175.486755,391.683563,175.476506,391.674307,60
3,984,22.120966,202.385895,22.122855,202.374159,60
3,985,175.270065,202.210724,175.257239,202.218156,60
3,986,22.337666,391.858734,22.337350,391.868281,60
3,987,142.690750,410.668396,142.684072,410.666355,60
3,988,54.916954,183.401062,54.914870,183.389784,60
3,989,142.430695,183.300980,142.422299,183.302862,60
3,990,55.177006,410.768494,55.173355,410.779338,60
3,991,164.569214,410.643372,164.560478,410.640620,60
3,992,33.038494,183.426071,33.036580,183.410357,60
3,993,164.309158,183.275940,164.297765,183.278991,60
3,994,33.298542,410.793518,33.294399,410.809072,60
3,995,230.074478,296.884583,230.049519,296.881897,60
3,996,11.290084,297.134827,11.300697,297.131322,60
3,997,109.894814,429.653198,109.887915,429.664791,60
3,998,87.712944,164.416245,87.706433,164.403282,60
3,999,109.591408,164.391220,109.583949,164.381872,60
3,1000,88.016350,429.678253,88.009444,429.693353,60
3,1001,219.200302,353.738953,219.180657,353.728129,60
3,1002,0.285854,240.305481,0.293709,240.297780,60
3,1003,219.070282,240.055252,219.048124,240.062243,60
3,1004,0.415851,353.989197,0.422020,353.992019,60
3,1005,208.282745,372.698730,208.266479,372.687856,60
3,1006,11.203439,221.345673,11.208621,221.336408,60
3,1007,208.109375,221.120468,208.090079,221.128633,60
3,1008,11.376787,372.923950,11.379952,372.929476,60
3,1009,230.117828,334.779175,230.094862,334.770388,60
3,1010,11.246733,259.240265,11.256200,259.235364,60
3,1011,230.031158,258.990021,230.006350,258.994346,60
3,1012,11.333435,335.029388,11.341853,335.028094,60
3,1013,197.365204,391.658569,197.352005,391.650363,60
3,1014,0.242503,202.410904,0.244906,202.395298,60
3,1015,197.148499,202.185699,197.131910,202.192771,60
3,1016,0.459202,391.883759,0.458943,391.897663,60
3,1017,131.773224,429.628174,131.765836,429.637290,60
3,1018,65.834480,164.441284,65.828374,164.424041,60
3,1019,131.469849,164.366211,131.460884,164.359594,60
3,1020,66.137886,429.703278,66.130498,429.722676,60
3,1021,241.035385,315.819366,241.009558,315.813774,60
3,1022,0.329206,278.200043,0.339725,278.195669,60
3,1023,240.992065,277.924805,240.965231,277.925790,60
3,1024,0.372557,316.094604,0.382500,316.092511,60
3,1025,186.447647,410.618347,186.436949,410.616276,60
3,1026,11.160088,183.451111,11.158524,183.430939,60
3,1027,186.187592,183.250931,186.173262,183.253947,60
3,1028,11.420137,410.818542,11.415760,410.838949,60
3,1029,153.651657,429.603180,153.643460,429.611042,60
3,1030,43.956020,164.466293,43.949987,164.444387,60
3,1031,153.348282,164.341171,153.337441,164.336209,60
3,1032,44.259422,429.728271,44.251305,429.752523,60
3,1033,98.977226,448.613007,98.967357,448.640686,60
3,1034,98.630531,145.456451,98.620418,145.434120,60
3,1035,98.630531,145.456451,98.620418,145.434120,60
3,1036,98.977226,448.613007,98.967357,448.640686,60
3,1037,230.161194,372.673737,230.142465,372.665351,60
3,1038,11.203439,221.345673,11.208621,221.336408,60
3,1039,229.987808,221.095444,229.965373,221.102079,60
3,1040,11.376787,372.923950,11.379952,372.929476,60
3,1041,241.078735,353.713928,241.056598,353.705533,60
3,1042,0.285854,240.305481,0.293709,240.297780,60
3,1043,240.948715,240.030228,240.923540,240.035868,60
3,1044,0.415851,353.989197,0.422020,353.992019,60
3,1045,219.243637,391.633545,219.228409,391.627762,60
3,1046,0.242503,202.410904,0.244906,202.395298,60
3,1047,219.026932,202.160690,219.007463,202.166242,60
3,1048,0.459202,391.883759,0.458943,391.897663,60
3,1049,175.530121,429.578125,175.521124,429.586218,60
3,1050,22.077614,164.491318,22.071767,164.464620,60
3,1051,175.226746,164.316162,175.213995,164.311555,60
3,1052,22.381016,429.753296,22.372369,429.782607,60
3,1053,120.855690,448.587982,120.846517,448.612672,60
3,1054,76.752068,145.481461,76.742019,145.455095,60
3,1055,120.508965,145.431412,120.498435,145.412282,60
3,1056,77.098763,448.638031,77.087917,448.669658,60
3,1057,251.952942,296.859558,251.925174,296.857464,60
3,1058,11.290084,297.134827,11.300697,297.131322,60
3,1059,251.996292,334.754120,251.971208,334.747449,60
3,1060,11.246733,259.240265,11.256200,259.235364,60
3,1061,251.909622,258.965027,251.882342,258.968392,60
3,1062,11.333435,335.029388,11.341853,335.028094,60
3,1063,208.326080,410.593323,208.314091,410.593439,60
3,1064,11.160088,183.451111,11.158524,183.430939,60
3,1065,208.066025,183.225906,208.049400,183.227564,60
3,1066,11.420137,410.818542,11.415760,410.838949,60
3,1067,142.734100,448.562958,142.725396,448.585939,60
3,1068,54.873604,145.506485,54.863395,145.475513,60
3,1069,142.387375,145.406403,142.376135,145.389354,60
3,1070,55.220299,448.663055,55.208340,448.699326,60
3,1071,262.913849,315.794342,262.886743,315.790294,60
3,1072,0.329206,278.200043,0.339725,278.195669,60
3,1073,262.870544,277.899780,262.842237,277.900502,60
3,1074,0.372557,316.094604,0.382500,316.092511,60
3,1075,197.408554,429.553101,197.399265,429.563053,60
3,1076,0.199151,164.516342,0.194276,164.485007,60
3,1077,197.105179,164.291138,197.090985,164.285431,60
3,1078,0.502553,429.778320,0.494266,429.812615,60
3,1079,164.612564,448.537933,164.604344,448.560700,60
3,1080,32.995140,145.531509,32.984892,145.495648,60
3,1081,164.265839,145.381378,164.253846,145.365078,60
3,1082,33.341839,448.688080,33.328983,448.729401,60
3,1083,109.938164,467.547791,109.926249,467.592739,60
3,1084,87.669655,126.521660,87.656123,126.482250,60
3,1085,109.548119,126.496635,109.535121,126.460696,60
3,1086,88.059700,467.572815,88.046055,467.621020,60
3,1087,252.039642,372.648712,252.020520,372.644068,60
3,1088,11.203439,221.345673,11.208621,221.336408,60
3,1089,251.866272,221.070435,251.842722,221.074510,60
3,1090,11.376787,372.923950,11.379952,372.929476,60
3,1091,241.122070,391.608490,241.106496,391.606578,60
3,1092,0.242503,202.410904,0.244906,202.395298,60
3,1093,240.905365,202.135651,240.884676,202.138445,60
3,1094,0.459202,391.883759,0.458943,391.897663,60
3,1095,262.957214,353.688934,262.935016,353.683910,60
3,1096,0.285854,240.305481,0.293709,240.297780,60
3,1097,262.827179,240.005203,262.801421,240.008716,60
3,1098,0.415851,353.989197,0.422020,353.992019,60
3,1099,230.204514,410.568329,230.192611,410.572239,60
3,1100,11.160088,183.451111,11.158524,183.430939,60
3,1101,229.944458,183.200867,229.926887,183.199730,60
3,1102,11.420137,410.818542,11.415760,410.838949,60
3,1103,131.816574,467.522736,131.806361,467.565625,60
3,1104,65.791191,126.546692,65.777071,126.503047,60
3,1105,131.426498,126.471619,131.413926,126.438097,60
3,1106,66.181236,467.597809,66.165899,467.650181,60
3,1107,186.490997,448.512939,186.483674,448.537172,60
3,1108,186.144272,145.356354,186.131890,145.339272,60
3,1109,273.831390,296.834564,273.803667,296.833128,60
3,1110,11.290084,297.134827,11.300697,297.131322,60
3,1111,273.874725,334.729126,273.850423,334.725239,60
3,1112,11.246733,259.240265,11.256200,259.235364,60
3,1113,273.788055,258.939972,273.761196,258.941906,60
3,1114,11.333435,335.029388,11.341853,335.028094,60
3,1115,219.286987,429.528107,219.278538,429.541680,60
3,1116,0.199151,164.516342,0.194276,164.485007,60
3,1117,218.983612,164.266113,218.969073,164.257709,60
3,1118,0.502553,429.778320,0.494266,429.812615,60
3,1119,153.695007,467.497742,153.686599,467.540021,60
3,1120,63.647213,316.990295,63.655003,316.983116,66
3,1121,74.561180,335.844055,74.567182,335.834686,66
3,1122,52.733189,298.136566,52.741852,298.131372,66
3,1123,74.518021,298.111664,74.524090,298.107183,66
3,1124,52.776356,335.868988,52.784686,335.860524,66
3,1125,85.432045,316.965393,85.436660,316.958170,66
3,1126,41.862385,317.015228,41.872060,317.008241,66
3,1127,63.690323,354.722717,63.696490,354.713184,66
3,1128,63.604050,279.257935,63.610592,279.255409,66
3,1129,63.604050,279.257935,63.610592,279.255409,66
3,1130,63.690323,354.722717,63.696490,354.713184,66
3,1131,96.346008,335.819122,96.348391,335.809114,66
3,1132,30.948360,298.161499,30.958418,298.155631,66
3,1133,96.302841,298.086761,96.304984,298.083029,66
3,1134,30.991528,335.893890,31.001057,335.886583,66
3,1135,85.475151,354.697815,85.478660,354.686783,66
3,1136,41.819221,279.282837,41.827717,279.278735,66
3,1137,85.388878,279.233032,85.392191,279.232009,66
3,1138,41.905495,354.747620,41.913164,354.739950,66
3,1139,107.216873,316.940491,107.216994,316.933406,66
3,1140,20.077616,317.040161,20.088155,317.033451,66
3,1141,74.604347,373.576447,74.607753,373.566986,66
3,1142,52.690022,260.404205,52.695935,260.402174,66
3,1143,74.474854,260.379272,74.478305,260.379615,66
3,1144,52.819519,373.601349,52.824625,373.594262,66
3,1145,118.130814,335.794220,118.128348,335.783932,66
3,1146,9.163589,298.186401,9.174229,298.179906,66
3,1147,118.087646,298.061859,118.084575,298.058906,66
3,1148,9.206756,335.918793,9.216743,335.912785,66
3,1149,107.259979,354.672882,107.259622,354.660852,66
3,1150,20.034451,279.307770,20.043886,279.302061,66
3,1151,107.173706,279.208069,107.172473,279.208464,66
3,1152,20.120724,354.772552,20.129017,354.766990,66
3,1153,96.389175,373.551544,96.389783,373.540245,66
3,1154,30.905195,260.429108,30.912448,260.424591,66
3,1155,96.259682,260.354340,96.259404,260.356804,66
3,1156,31.034693,373.626282,31.040571,373.621950,66
3,1157,129.001617,316.915588,128.996086,316.908852,66
3,1158,63.733490,392.455109,63.735555,392.450310,66
3,1159,63.560883,241.525558,63.563338,241.525201,66
3,1160,63.560883,241.525558,63.563338,241.525201,66
3,1161,63.733490,392.455109,63.735555,392.450310,66
3,1162,129.044785,354.647949,129.039504,354.635459,66
3,1163,128.958481,279.183167,128.951552,279.184794,66
3,1164,139.915588,335.769318,139.907313,335.759170,66
3,1165,9.163589,298.186401,9.174229,298.179906,66
3,1166,139.872421,298.036896,139.863128,298.034780,66
3,1167,9.206756,335.918793,9.216743,335.912785,66
3,1168,118.173973,373.526642,118.170730,373.514177,66
3,1169,9.120424,260.454041,9.128290,260.446985,66
3,1170,118.044510,260.329437,118.039296,260.333722,66
3,1171,9.249922,373.651184,9.256058,373.649827,66
3,1172,85.518318,392.430176,85.518657,392.422737,66
3,1173,41.776054,241.550461,41.780213,241.546894,66
3,1174,85.345711,241.500626,85.345329,241.503206,66
3,1175,41.948662,392.480011,41.951563,392.478404,66
3,1176,107.303146,392.405273,107.300793,392.395924,66
3,1177,19.991283,241.575363,19.996288,241.568425,66
3,1178,107.130539,241.475708,107.126138,241.480807,66
3,1179,20.163891,392.504944,20.167042,392.506845,66
3,1180,150.786407,316.890656,150.774437,316.884506,66
3,1181,74.647514,411.308838,74.646372,411.308838,66
3,1182,52.646915,222.671799,52.647225,222.668204,66
3,1183,74.431740,222.646881,74.430100,222.647015,66
3,1184,52.862686,411.333771,52.862289,411.337106,66
3,1185,150.829575,354.623047,150.818681,354.610750,66
3,1186,150.743271,279.158264,150.729868,279.160933,66
3,1187,139.958740,373.501678,139.950838,373.488878,66
3,1188,9.120424,260.454041,9.128290,260.446985,66
3,1189,139.829285,260.304535,139.818184,260.310271,66
3,1190,9.249922,373.651184,9.256058,373.649827,66
3,1191,161.700409,335.744415,161.685810,335.734881,66
3,1192,9.163589,298.186401,9.174229,298.179906,66
3,1193,161.657242,298.011993,161.641175,298.010702,66
3,1194,9.206756,335.918793,9.216743,335.912785,66
3,1195,129.087921,392.380371,129.082041,392.370008,66
3,1196,128.915314,241.450806,128.905863,241.457911,66
3,1197,96.432343,411.283905,96.429679,411.281278,66
3,1198,30.862087,222.696732,30.863454,222.689088,66
3,1199,96.216568,222.621979,96.211907,222.625377,66
3,1200,31.077858,411.358673,31.077633,411.365879,66
3,1201,118.217110,411.259003,118.212166,411.254695,66
3,1202,9.077315,222.721634,9.079251,222.709829,66
3,1203,118.001343,222.597046,117.992637,222.603113,66
3,1204,9.293087,411.383606,9.292901,411.394934,66
3,1205,172.571243,316.865723,172.552542,316.860446,66
3,1206,63.776653,430.187500,63.772945,430.198840,66
3,1207,63.517715,203.793167,63.513667,203.787777,66
3,1208,63.517715,203.793167,63.513667,203.787777,66
3,1209,63.776653,430.187500,63.772945,430.198840,66
3,1210,161.743576,373.476776,161.730617,373.464518,66
3,1211,9.120424,260.454041,9.128290,260.446985,66
3,1212,161.614105,260.279602,161.596621,260.286358,66
3,1213,9.249922,373.651184,9.256058,373.649827,66
3,1214,172.614410,354.598145,172.597697,354.586773,66
3,1215,172.528107,279.133362,172.507948,279.136848,66
3,1216,150.872711,392.355438,150.862811,392.345111,66
3,1217,150.700104,241.425888,150.684937,241.434407,66
3,1218,85.561485,430.162598,85.557333,430.170696,66
3,1219,41.732887,203.818069,41.730011,203.808211,66
3,1220,85.302544,203.768234,85.296471,203.766855,66
3,1221,41.991825,430.212402,41.988075,430.227669,66
3,1222,183.485214,335.719482,183.464355,335.711083,66
3,1223,9.163589,298.186401,9.174229,298.179906,66
3,1224,183.442047,297.987091,183.419233,297.986639,66
3,1225,9.206756,335.918793,9.216743,335.912785,66
3,1226,140.001877,411.234100,139.994108,411.229254,66
3,1227,9.077315,222.721634,9.079251,222.709829,66
3,1228,139.786118,222.572128,139.772589,222.580104,66
3,1229,9.293087,411.383606,9.292901,411.394934,66
3,1230,107.346313,430.137634,107.341128,430.143469,66
3,1231,19.948118,203.842987,19.945860,203.828394,66
3,1232,107.087372,203.743317,107.078349,203.745268,66
3,1233,20.207056,430.237305,20.203121,430.256896,66
3,1234,129.131088,430.112732,129.124372,430.117453,66
3,1235,128.872147,203.718414,128.859380,203.722855,66
3,1236,194.356033,316.840820,194.331023,316.836664,66
3,1237,74.690620,449.041229,74.683963,449.064408,66
3,1238,52.603748,184.939407,52.596266,184.925046,66
3,1239,74.388580,184.914490,74.379968,184.904764,66
3,1240,52.905796,449.066132,52.898687,449.092975,66
3,1241,183.528381,373.451874,183.510566,373.441168,66
3,1242,9.120424,260.454041,9.128290,260.446985,66
3,1243,183.398911,260.254700,183.375122,260.261984,66
3,1244,9.249922,373.651184,9.256058,373.649827,66
3,1245,172.657547,392.330505,172.643596,392.321426,66
3,1246,172.484940,241.400970,172.463874,241.410192,66
3,1247,194.399200,354.573212,194.377162,354.563569,66
3,1248,194.312897,279.108429,194.286411,279.112481,66
3,1249,161.786713,411.209167,161.775958,411.205097,66
3,1250,9.077315,222.721634,9.079251,222.709829,66
3,1251,161.570938,222.547226,161.552245,222.556240,66
3,1252,9.293087,411.383606,9.292901,411.394934,66
3,1253,96.475449,449.016327,96.468922,449.036723,66
3,1254,30.818920,184.964325,30.812033,184.944885,66
3,1255,96.173401,184.889587,96.162939,184.883831,66
3,1256,31.120968,449.091064,31.113339,449.122137,66
3,1257,205.270004,335.694550,205.243718,335.687874,66
3,1258,9.163589,298.186401,9.174229,298.179906,66
3,1259,205.226837,297.962189,205.198079,297.962584,66
3,1260,9.206756,335.918793,9.216743,335.912785,66
3,1261,150.915878,430.087830,150.907443,430.092836,66
3,1262,150.656937,203.693481,150.639972,203.699427,66
3,1263,118.260277,448.991394,118.253537,449.010178,66
3,1264,9.034149,184.989243,9.027763,184.964572,66
3,1265,117.958176,184.864655,117.945139,184.861996,66
3,1266,9.336196,449.115967,9.328463,449.151495,66
3,1267,63.819820,467.919861,63.809908,467.962565,66
3,1268,63.474552,166.060776,63.462424,166.038816,66
3,1269,63.474552,166.060776,63.462424,166.038816,66
3,1270,63.819820,467.919861,63.809908,467.962565,66
3,1271,194.442337,392.305603,194.424988,392.299044,66
3,1272,194.269730,241.376053,194.243284,241.385200,66
3,1273,205.313171,373.426941,205.291443,373.418888,66
3,1274,9.120424,260.454041,9.128290,260.446985,66
3,1275,205.183701,260.229797,205.154457,260.237067,66
3,1276,9.249922,373.651184,9.256058,373.649827,66
3,1277,183.571518,411.184265,183.558191,411.182439,66
3,1278,9.077315,222.721634,9.079251,222.709829,66
3,1279,183.355743,222.522308,183.332103,222.531397,66
3,1280,9.293087,411.383606,9.292901,411.394934,66
3,1281,140.045044,448.966461,140.037929,448.985092,66
3,1282,9.034149,184.989243,9.027763,184.964572,66
3,1283,139.742950,184.839752,139.726841,184.839087,66
3,1284,9.336196,449.115967,9.328463,449.151495,66
3,1285,85.604645,467.894958,85.595836,467.934612,66
3,1286,41.689724,166.085678,41.678023,166.058613,66
3,1287,85.259377,166.035843,85.246392,166.018393,66
3,1288,42.034992,467.944794,42.024052,467.991298,66
3,1289,216.140839,316.815918,216.110719,316.813176,66
3,1290,216.184006,354.548309,216.157908,354.541256,66
3,1291,216.097702,279.083527,216.066097,279.087862,66
3,1292,172.700714,430.062897,172.690803,430.069782,66
3,1293,172.441772,203.668579,172.420621,203.674868,66
3,1294,107.389473,467.870056,107.381677,467.907752,66
3,1295,19.904953,166.110596,19.893585,166.078106,66
3,1296,107.044205,166.010925,107.029821,165.997091,66
3,1297,20.250221,467.969727,20.238716,468.020381,66
3,1298,227.054810,335.669647,227.024771,335.665264,66
3,1299,9.163589,298.186401,9.174229,298.179906,66
3,1300,227.011642,297.937256,226.978587,297.938505,66
3,1301,9.206756,335.918793,9.216743,335.912785,66
3,1302,9.034149,184.989243,9.027763,184.964572,66
3,1303,161.527771,184.814835,161.508499,184.814893,66
3,1304,9.336196,449.115967,9.328463,449.151495,66
3,1305,128.829010,165.986023,128.812783,165.974678,66
3,1306,9.077315,222.721634,9.079251,222.709829,66
3,1307,9.293087,411.383606,9.292901,411.394934,66
3,1308,9.120424,260.454041,9.128290,260.446985,66
3,1309,9.249922,373.651184,9.256058,373.649827,66
3,1310,9.034149,184.989243,9.027763,184.964572,66
3,1311,388.886963,237.015991,388.681965,236.788294,39
3,1312,399.417389,255.207153,399.531445,255.530487,39
3,1313,378.356537,218.824814,377.833763,218.045825,39
3,1314,399.375732,218.800766,399.489195,218.019919,39
3,1315,378.398163,255.231186,377.876846,255.554393,39
3,1316,409.906189,236.991959,410.338688,236.763155,39
3,1317,367.867737,237.040024,367.028631,236.812938,39
3,1318,388.928589,273.422363,388.726334,274.296316,39
3,1319,388.845306,200.609619,388.641020,199.275748,39
3,1320,388.845306,200.609619,388.641020,199.275748,39
3,1321,388.928589,273.422363,388.726334,274.296316,39
3,1322,420.436615,255.183090,421.190048,255.506415,39
3,1323,357.337280,218.848862,356.181079,218.070897,39
3,1324,420.394989,218.776733,421.148727,217.993156,39
3,1325,357.378937,255.255219,356.225004,255.578172,39
3,1326,409.947815,273.398315,410.382816,274.273500,39
3,1327,367.826080,200.633652,366.986233,199.302074,39
3,1328,409.864563,200.585571,410.299288,199.248200,39
3,1329,367.909393,273.446381,367.073247,274.319364,39
3,1330,430.925415,236.967896,432.000074,236.737469,39
3,1331,346.848480,237.064072,345.377451,236.837129,39
3,1332,399.459045,291.613525,399.577743,293.039804,39
3,1333,378.314880,182.418442,377.793562,180.529563,39
3,1334,399.334106,182.394409,399.451124,180.501569,39
3,1335,378.439819,291.637543,377.922738,293.061763,39
3,1336,441.455841,255.159058,442.853964,255.482224,39
3,1337,336.318024,218.872894,334.530038,218.095164,39
3,1338,441.414215,218.752701,442.813573,217.965491,39
3,1339,336.359680,255.279282,334.574724,255.601869,39
3,1340,430.967072,273.374298,432.043974,274.250917,39
3,1341,346.806824,200.657700,345.333675,199.327262,39
3,1342,430.883759,200.561539,431.962214,199.219415,39
3,1343,346.890137,273.470459,345.422259,274.342673,39
3,1344,420.478271,291.589478,421.236752,293.018449,39
3,1345,357.295654,182.442490,356.138868,180.556051,39
3,1346,420.353333,182.370361,421.112806,180.471979,39
3,1347,357.420563,291.661621,356.270462,293.084342,39
3,1348,451.944672,236.943863,453.667486,236.711278,39
3,1349,325.829254,237.088120,323.727358,236.860885,39
3,1350,388.970215,309.828735,388.774100,311.806502,39
3,1351,388.803650,164.203247,388.603703,161.752290,39
3,1352,388.803650,164.203247,388.603703,161.752290,39
3,1353,388.970215,309.828735,388.774100,311.806502,39
3,1354,451.986267,273.350220,453.711089,274.228539,39
3,1355,325.787628,200.681732,323.682293,199.351346,39
3,1356,451.903015,200.537491,453.631234,199.189328,39
3,1357,325.870911,273.494476,323.772327,274.366188,39
3,1358,462.475098,255.135025,464.524583,255.457878,39
3,1359,315.298828,218.896927,312.879624,218.118693,39
3,1360,462.433441,218.728653,464.485115,217.936887,39
3,1361,315.340485,255.303314,312.925005,255.625446,39
3,1362,441.497467,291.565460,442.901074,292.997708,39
3,1363,336.276398,182.466522,334.485927,180.581076,39
3,1364,441.372589,182.346313,442.779921,180.440756,39
3,1365,336.401306,291.685638,334.619772,293.107469,39
3,1366,409.989441,309.804688,410.431663,311.785980,39
3,1367,367.784454,164.227280,366.946295,161.780466,39
3,1368,409.822906,164.179199,410.264726,161.722210,39
3,1369,367.951019,309.852783,367.119982,311.827957,39
3,1370,431.008667,309.780640,432.093862,311.766472,39
3,1371,346.765228,164.251328,345.291214,161.806848,39
3,1372,430.842102,164.155167,431.930493,161.690188,39
3,1373,346.931763,309.876801,345.467986,311.850347,39
3,1374,472.963867,236.919830,475.342219,236.684539,39
3,1375,304.810028,237.112152,302.077291,236.884228,39
3,1376,399.500671,328.019897,399.628097,330.554650,39
3,1377,378.273254,146.012070,377.756534,142.999451,39
3,1378,399.292480,145.988037,399.417416,142.969164,39
3,1379,378.481445,328.043945,377.971388,330.574627,39
3,1380,473.005493,273.326202,475.385573,274.206426,39
3,1381,304.768402,200.705780,302.031038,199.374428,39
3,1382,472.922241,200.513458,475.307630,199.157942,39
3,1383,304.851685,273.518524,302.122385,274.389939,39
3,1384,462.516724,291.541382,464.572101,292.977563,39
3,1385,315.257202,182.490570,312.833738,180.604755,39
3,1386,462.391815,182.322281,464.453748,180.407875,39
3,1387,315.382111,291.709686,312.969642,293.131160,39
3,1388,483.494293,255.110992,486.203250,255.433374,39
3,1389,483.452698,218.704605,486.164776,217.907344,39
3,1390,452.027893,309.756622,453.762061,311.747967,39
3,1391,451.861359,164.131119,453.602421,161.656141,39
3,1392,325.912537,309.900848,323.817071,311.873644,39
3,1393,420.519867,327.995850,421.288792,330.535985,39
3,1394,420.311676,145.963989,421.082476,142.936607,39
3,1395,357.462219,328.067963,356.317509,330.595908,39
3,1396,441.539124,327.971802,442.954889,330.518721,39
3,1397,493.983093,236.895782,497.025800,236.657234,39
3,1398,483.535950,291.517365,486.251179,292.958079,39
3,1399,494.024750,273.302155,497.068875,274.184552,39
3,1400,473.047150,309.732574,475.437670,311.730484,39
3,1401,400.025726,256.133759,400.008656,256.143633,45
3,1402,410.752838,274.664734,410.728054,274.659807,45
3,1403,389.298584,237.602768,389.291259,237.628095,45
3,1404,410.710449,237.578293,410.685327,237.602680,45
3,1405,389.340973,274.689209,389.334438,274.682644,45
3,1406,421.437592,256.109222,421.404713,256.119352,45
3,1407,378.613861,256.158234,378.617031,256.167624,45
3,1408,400.068146,293.220184,400.053875,293.199153,45
3,1409,399.983276,219.047287,399.967922,219.085744,45
3,1410,399.983276,219.047287,399.967922,219.085744,45
3,1411,400.068146,293.220184,400.053875,293.199153,45
3,1412,432.164734,274.640228,432.126865,274.637132,45
3,1413,367.886719,237.627243,367.900921,237.652841,45
3,1414,432.122314,237.553772,432.084585,237.576541,45
3,1415,367.929138,274.713684,367.944552,274.705645,45
3,1416,421.480011,293.195709,421.450217,293.177893,45
3,1417,378.571442,219.071777,378.575164,219.111944,45
3,1418,421.395172,219.022797,421.365216,219.058457,45
3,1419,378.656281,293.244659,378.661961,293.221003,45
3,1420,442.849457,256.084747,442.806701,256.094825,45
3,1421,357.201996,256.182709,357.228415,256.191370,45
3,1422,410.795258,311.751160,410.776023,311.718439,45
3,1423,389.256165,200.516312,389.251860,200.567430,45
3,1424,410.668060,200.491821,410.647869,200.539337,45
3,1425,389.383392,311.775665,389.381351,311.738735,45
3,1426,453.576599,274.615723,453.532348,274.614590,45
3,1427,346.474823,237.651749,346.512907,237.676966,45
3,1428,453.534210,237.529297,453.490588,237.549710,45
3,1429,346.517242,274.738190,346.556927,274.728843,45
3,1430,442.891876,293.171204,442.852489,293.157231,45
3,1431,357.159546,219.096268,357.185416,219.137088,45
3,1432,442.807037,218.998322,442.768452,219.030033,45
3,1433,357.244385,293.269165,357.273022,293.243458,45
3,1434,432.207153,311.726685,432.175852,311.699196,45
3,1435,367.844299,200.540802,367.859686,200.594027,45
3,1436,432.079895,200.467346,432.049076,200.509720,45
3,1437,367.971527,311.800140,367.990458,311.760004,45
3,1438,464.261353,256.060272,464.216208,256.070013,45
3,1439,335.790100,256.207214,335.841441,256.214921,45
3,1440,400.110565,330.306641,400.103578,330.260076,45
3,1441,399.940887,181.960846,399.931829,182.018000,45
3,1442,399.940887,181.960846,399.931829,182.018000,45
3,1443,400.110565,330.306641,400.103578,330.260076,45
3,1444,464.303772,293.146698,464.262280,293.137150,45
3,1445,335.747650,219.120758,335.797406,219.161217,45
3,1446,464.218903,218.973816,464.179206,219.000427,45
3,1447,335.832489,293.293640,335.885746,293.266449,45
3,1448,474.988464,274.591248,474.946118,274.592239,45
3,1449,325.062958,237.676239,325.125988,237.700498,45
3,1450,474.946045,237.504807,474.904832,237.522144,45
3,1451,325.105377,274.762665,325.170356,274.752184,45
3,1452,453.619019,311.702209,453.582395,311.680999,45
3,1453,346.432404,200.565292,346.469928,200.619219,45
3,1454,453.491791,200.442841,453.457104,200.478507,45
3,1455,346.559662,311.824646,346.601847,311.782246,45
3,1456,421.522400,330.282135,421.501678,330.241808,45
3,1457,378.529022,181.985321,378.536463,182.046521,45
3,1458,421.352753,181.936356,421.331768,181.987551,45
3,1459,378.698669,330.331116,378.709891,330.279750,45
3,1460,442.934296,330.257660,442.905799,330.225038,45
3,1461,357.117126,182.009827,357.144246,182.073217,45
3,1462,442.764648,181.911850,442.737779,181.955126,45
3,1463,357.286804,330.355621,357.319282,330.300819,45
3,1464,485.673218,256.035797,485.634785,256.044910,45
3,1465,314.378265,256.231689,314.454956,256.238244,45
3,1466,410.837708,348.837616,410.829266,348.786355,45
3,1467,389.213715,163.429871,389.216484,163.493340,45
3,1468,410.625610,163.405365,410.615822,163.462414,45
3,1469,389.425812,348.862091,389.432094,348.803982,45
3,1470,485.715637,293.122223,485.681143,293.117714,45
3,1471,314.335815,219.145233,314.409964,219.184408,45
3,1472,485.630798,218.949326,485.599105,218.969633,45
3,1473,314.420654,293.318146,314.498951,293.289991,45
3,1474,475.030884,311.677704,474.997266,311.663864,45
3,1475,325.020538,200.589783,325.081370,200.643056,45
3,1476,474.903656,200.418365,474.873436,200.445694,45
3,1477,325.147797,311.849121,325.214316,311.805430,45
3,1478,496.400360,274.566772,496.369832,274.570051,45
3,1479,303.651093,237.700714,303.738958,237.723468,45
3,1480,496.357941,237.480316,496.329054,237.493818,45
3,1481,303.693512,274.787170,303.783628,274.775704,45
3,1482,464.346191,330.233185,464.317439,330.209767,45
3,1483,335.705231,182.034302,335.753897,182.098146,45
3,1484,464.176514,181.887375,464.151335,181.920693,45
3,1485,335.874908,330.380127,335.930363,330.323265,45
3,1486,432.249573,348.813141,432.231653,348.770604,45
3,1487,367.801880,163.454346,367.821135,163.521988,45
3,1488,432.037445,163.380890,432.020461,163.429158,45
3,1489,368.013977,348.886597,368.038768,348.823435,45
3,1490,453.661438,348.788635,453.640802,348.756744,45
3,1491,346.389984,163.478836,346.428323,163.548483,45
3,1492,453.449341,163.356400,453.432002,163.393479,45
3,1493,346.602081,348.911102,346.647805,348.844683,45
3,1494,507.085083,256.011322,507.064104,256.019514,45
3,1495,292.966370,256.256195,293.067724,256.261395,45
3,1496,400.152954,367.393097,400.157863,367.333992,45
3,1497,399.898499,144.874390,399.900607,144.933236,45
3,1498,399.898499,144.874390,399.900607,144.933236,45
3,1499,400.152954,367.393097,400.157863,367.333992,45
3,1500,496.442780,311.653198,496.422065,311.647780,45
3,1501,303.608673,200.614273,303.692823,200.665653,45
3,1502,496.315521,200.393875,496.299709,200.411232,45
3,1503,303.735931,311.873627,303.826654,311.829549,45
3,1504,507.127502,293.097748,507.110752,293.098903,45
3,1505,292.923920,219.169739,293.021865,219.206758,45
3,1506,507.042633,218.924850,507.029695,218.937656,45
3,1507,293.008759,293.342651,293.111400,293.314096,45
3,1508,485.758026,330.208679,485.738145,330.196016,45
3,1509,314.293396,182.058792,314.364265,182.121438,45
3,1510,485.588379,181.862869,485.574043,181.884190,45
3,1511,314.463074,330.404602,314.541985,330.346979,45
3,1512,421.564819,367.368591,421.559259,367.318877,45
3,1513,378.486603,144.898880,378.501274,144.964320,45
3,1514,421.310333,144.849899,421.304594,144.899452,45
3,1515,378.741089,367.417603,378.761024,367.351398,45
3,1516,517.812195,274.542297,517.805062,274.548031,45
3,1517,282.239227,237.725204,282.350761,237.745943,45
3,1518,517.769836,237.455826,517.764846,237.464744,45
3,1519,282.281647,274.811676,282.395679,274.799437,45
3,1520,475.073334,348.764160,475.058316,348.744865,45
3,1521,324.978119,163.503326,325.036885,163.572910,45
3,1522,474.861206,163.331909,474.851904,163.355357,45
3,1523,325.190216,348.935577,325.258012,348.867602,45
3,1524,442.976715,367.344116,442.966717,367.306082,45
3,1525,357.074738,144.923370,357.105310,144.992837,45
3,1526,442.722229,144.825409,442.714790,144.862900,45
3,1527,357.329224,367.442078,357.367334,367.370969,45
3,1528,335.662842,144.947845,335.711380,145.018880,45
3,1529,464.134125,144.800919,464.132641,144.823527,45
3,1530,528.496948,255.986801,528.505854,255.993800,45
3,1531,389.171295,126.343399,389.185491,126.399038,45
3,1532,410.583191,126.318909,410.589500,126.365034,45
3,1533,517.727417,200.369370,517.737583,200.375125,45
3,1534,507.000275,181.838394,507.007543,181.845625,45
3,1535,399.291260,256.268921,399.426108,256.383078,51
3,1536,409.351440,273.647797,410.095734,274.812649,51
3,1537,389.231049,238.890060,388.758672,237.954156,51
3,1538,409.311707,238.867111,410.053775,237.928420,51
3,1539,389.270813,273.670776,388.801168,274.835542,51
3,1540,419.371887,256.245941,420.723387,256.358585,51
3,1541,379.210602,256.291901,378.133719,256.407233,51
3,1542,399.331055,291.049622,399.470834,293.265395,51
3,1543,399.251465,221.488205,399.386333,219.497963,51
3,1544,399.251465,221.488205,399.386333,219.497963,51
3,1545,399.331055,291.049622,399.470834,293.265395,51
3,1546,429.432129,273.624847,431.395991,274.789891,51
3,1547,369.150391,238.913025,367.467719,237.979153,51
3,1548,429.392334,238.844116,431.354565,237.901888,51
3,1549,369.190186,273.693726,367.510750,274.858571,51
3,1550,419.411682,291.026672,420.768351,293.244208,51
3,1551,379.170837,221.511185,378.092689,219.524573,51
3,1552,419.332123,221.465256,420.684972,219.470174,51
3,1553,379.250397,291.072601,378.178203,293.287165,51
3,1554,439.452545,256.222992,442.027132,256.333794,51
3,1555,359.129944,256.314850,356.844719,256.431094,51
3,1556,409.391235,308.428497,410.143438,311.698142,51
3,1557,389.191254,204.109360,388.720386,201.066041,51
3,1558,409.271942,204.086380,410.017590,201.037356,51
3,1559,389.310577,308.451477,388.847825,311.718229,51
3,1560,449.512787,273.601868,452.703496,274.767238,51
3,1561,349.069733,238.935989,346.179434,238.003462,51
3,1562,449.473022,238.821167,452.662677,237.874592,51
3,1563,349.109528,273.716705,346.222935,274.881769,51
3,1564,439.492340,291.003723,442.072332,293.223614,51
3,1565,359.090179,221.534149,356.802439,219.550038,51
3,1566,439.412781,221.442291,441.990090,219.441154,51
3,1567,359.169708,291.095581,356.888926,293.309534,51
3,1568,429.471893,308.405548,431.444703,311.679124,51
3,1569,369.110596,204.132309,367.427441,201.093118,51
3,1570,429.352539,204.063416,431.320491,201.007033,51
3,1571,369.229950,308.474457,367.556408,311.739304,51
3,1572,459.533203,256.200043,463.339013,256.308668,51
3,1573,339.049286,256.337830,335.557669,256.454713,51
3,1574,399.211700,186.707520,399.351670,182.602197,51
3,1575,399.211700,186.707520,399.351670,182.602197,51
3,1576,339.009491,221.557114,335.514239,219.574400,51
3,1577,339.089050,291.118530,335.601619,293.332433,51
3,1578,387.134247,275.398010,387.913090,276.301607,54
3,1579,396.570282,291.698547,398.820400,295.142220,54
3,1580,377.698273,259.097443,377.007516,257.461921,54
3,1581,396.532959,259.075928,398.776915,257.436246,54
3,1582,377.735596,291.720062,377.051048,295.165897,54
3,1583,405.968933,275.376465,409.684186,276.276917,54
3,1584,368.299591,275.419525,366.145468,276.326266,54
3,1585,387.171570,308.020630,387.958312,314.007182,54
3,1586,387.096954,242.775375,387.871354,238.595812,54
3,1587,387.096954,242.775375,387.871354,238.595812,54
3,1588,387.171570,308.020630,387.958312,314.007182,54
3,1589,415.404938,291.677002,420.593792,295.118857,54
3,1590,358.863586,259.118988,355.240992,257.487233,54
3,1591,415.367645,259.054352,420.550362,257.410162,54
3,1592,358.900879,291.741638,355.284534,295.189912,54
3,1593,406.006256,307.999084,409.729990,313.984806,54
3,1594,368.262299,242.796921,366.103074,238.622148,54
3,1595,405.931641,242.753845,409.643105,238.568764,54
3,1596,368.336914,308.042175,366.190146,314.030182,54
3,1597,424.803650,275.354919,431.459958,276.252191,54
3,1598,349.464905,275.441101,344.380092,276.350930,54
3,1599,377.660980,226.474823,376.966932,219.754598,54
3,1600,340.028900,259.140564,333.476212,257.512230,54
3,1601,349.427582,242.818466,344.337103,238.647819,54
3,1602,364.282379,276.488525,364.251660,276.492669,105
3,1603,375.093811,295.165161,375.050706,295.146035,105
3,1604,353.470917,257.811920,353.454247,257.840140,105
3,1605,375.051056,257.787262,375.007968,257.814556,105
3,1606,353.513641,295.189850,353.497056,295.169674,105
3,1607,385.862488,276.463867,385.807001,276.468043,105
3,1608,342.702209,276.513245,342.699667,276.517262,105
3,1609,364.325134,313.866455,364.296142,313.823709,105
3,1610,364.239624,239.110641,364.210599,239.161126,105
3,1611,364.239624,239.110641,364.210599,239.161126,105
3,1612,364.325134,313.866455,364.296142,313.823709,105
3,1613,396.673950,295.140472,396.608386,295.122747,105
3,1614,331.890747,257.836639,331.903284,257.865325,105
3,1615,396.631195,257.762573,396.565757,257.788522,105
3,1616,331.933472,295.214539,331.946178,295.193602,105
3,1617,385.905243,313.841797,385.852053,313.801439,105
3,1618,342.659454,239.135330,342.657866,239.187328,105
3,1619,385.819763,239.085968,385.766745,239.134124,105
3,1620,342.744965,313.891144,342.743592,313.846678,105
3,1621,407.442627,276.439178,407.367098,276.443350,105
3,1622,321.122070,276.537903,321.149867,276.541776,105
3,1623,375.136566,332.543091,375.097539,332.480544,105
3,1624,353.428162,220.434036,353.414239,220.506637,105
3,1625,375.008331,220.409348,374.969403,220.478999,105
3,1626,353.556427,332.567749,353.542690,332.502161,105
3,1627,418.254120,295.115814,418.171483,295.099787,105
3,1628,310.310638,257.861298,310.353969,257.890080,105
3,1629,418.211334,257.737885,418.128970,257.761993,105
3,1630,310.353363,295.239197,310.396934,295.217838,105
3,1631,407.485413,313.817078,407.412761,313.779859,105
3,1632,321.079315,239.160019,321.107366,239.212754,105
3,1633,407.399902,239.061295,407.327648,239.106274,105
3,1634,321.164795,313.915802,321.193247,313.870324,105
3,1635,396.716736,332.518402,396.656508,332.460020,105
3,1636,331.847992,220.458710,331.861926,220.533102,105
3,1637,396.588440,220.384659,396.528634,220.450151,105
3,1638,331.976257,332.592468,331.990626,332.524865,105
3,1639,429.022797,276.414520,428.933341,276.418584,105
3,1640,299.541931,276.562592,299.601080,276.566249,105
3,1641,364.367889,351.244354,364.344146,351.161227,105
3,1642,364.196869,201.732727,364.173086,201.822082,105
3,1643,364.196869,201.732727,364.173086,201.822082,105
3,1644,364.367889,351.244354,364.344146,351.161227,105
3,1645,429.065552,313.792419,428.979570,313.759041,105
3,1646,299.499176,239.184692,299.557930,239.237437,105
3,1647,428.980042,239.036591,428.894692,239.077520,105
3,1648,299.584656,313.940521,299.643932,313.894651,105
3,1649,439.834259,295.091125,439.741416,295.077161,105
3,1650,288.730469,257.885986,288.805093,257.914464,105
3,1651,439.791473,257.713196,439.699024,257.735009,105
3,1652,288.773193,295.263916,288.848110,295.242405,105
3,1653,418.296844,332.493713,418.220868,332.440590,105
3,1654,310.267883,220.483383,310.311338,220.558466,105
3,1655,418.168610,220.359985,418.093390,220.420065,105
3,1656,310.396149,332.617126,310.440240,332.548559,105
3,1657,385.947998,351.219696,385.901972,351.141372,105
3,1658,342.616699,201.757416,342.618335,201.850026,105
3,1659,385.777008,201.708054,385.731335,201.792603,105
3,1660,342.787720,351.269073,342.789744,351.182559,105
3,1661,407.528168,351.195007,407.464648,351.123012,105
3,1662,321.036560,201.782089,321.065917,201.876475,105
3,1663,407.357178,201.683365,407.294440,201.761500,105
3,1664,321.207581,351.293732,321.237618,351.205260,105
3,1665,450.602936,276.389801,450.507122,276.393712,105
3,1666,277.961792,276.587280,278.052263,276.590720,105
3,1667,375.179321,369.920990,375.148632,369.825089,105
3,1668,353.385406,183.056122,353.377247,183.162332,105
3,1669,374.965576,183.031433,374.935111,183.132500,105
3,1670,353.599182,369.945679,353.591248,369.844605,105
3,1671,450.645691,313.767731,450.553954,313.738972,105
3,1672,277.919037,239.209366,278.008521,239.261441,105
3,1673,450.560211,239.011917,450.469347,239.047898,105
3,1674,278.004517,313.965179,278.094604,313.919573,105
3,1675,439.877014,332.469025,439.792147,332.422336,105
3,1676,288.687714,220.508087,288.761276,220.582825,105
3,1677,439.748749,220.335312,439.664995,220.388692,105
3,1678,288.815979,332.641815,288.890326,332.573225,105
3,1679,461.414429,295.066437,461.319687,295.054844,105
3,1680,267.150330,257.910675,267.255759,257.938537,105
3,1681,461.371643,257.688538,461.277417,257.707531,105
3,1682,267.193054,295.288574,267.298806,295.267236,105
3,1683,429.108307,351.170349,429.033469,351.106186,105
3,1684,299.456421,201.806778,299.514676,201.901539,105
3,1685,428.937286,201.658691,428.863687,201.728752,105
3,1686,299.627441,351.318420,299.686602,351.229296,105
3,1687,396.759460,369.896301,396.710190,369.807392,105
3,1688,331.805237,183.080795,331.822355,183.190284,105
3,1689,396.545715,183.006760,396.497169,183.100738,105
3,1690,332.019012,369.970337,332.036741,369.865904,105
3,1691,418.339600,369.871613,418.277261,369.791625,105
3,1692,310.225128,183.105484,310.269326,183.216479,105
3,1693,418.125854,182.982071,418.064778,183.066951,105
3,1694,310.438904,369.995026,310.484019,369.888913,105
3,1695,472.183105,276.365143,472.089961,276.368790,105
3,1696,256.381622,276.611969,256.502464,276.615147,105
3,1697,364.410614,388.622284,364.395809,388.512172,105
3,1698,364.154144,164.354813,364.139396,164.468894,105
3,1699,364.154144,164.354813,364.139396,164.468894,105
3,1700,364.410614,388.622284,364.395809,388.512172,105
3,1701,461.457184,332.444366,461.371754,332.405250,105
3,1702,267.107574,220.532761,267.210855,220.606200,105
3,1703,461.328888,220.310623,461.244933,220.355993,105
3,1704,267.235840,332.666473,267.339988,332.598813,105
3,1705,472.225861,313.743073,472.137432,313.719662,105
3,1706,256.338867,239.234055,256.458194,239.284839,105
3,1707,472.140320,238.987244,472.053011,239.017364,105
3,1708,256.424347,313.989868,256.544313,313.945087,105
3,1709,450.688446,351.145630,450.609901,351.090895,105
3,1710,277.876282,201.831467,277.963593,201.925297,105
3,1711,450.517456,201.634003,450.440614,201.694293,105
3,1712,278.047302,351.343109,278.135663,351.254628,105
3,1713,385.990753,388.597626,385.956894,388.494873,105
3,1714,342.573975,164.379501,342.581395,164.498794,105
3,1715,385.734253,164.330139,385.701001,164.436756,105
3,1716,342.830444,388.646973,342.838288,388.531647,105
3,1717,482.994568,295.041748,482.907747,295.032898,105
3,1718,245.570160,257.935364,245.705053,257.962282,105
3,1719,482.951782,257.663849,482.865599,257.679554,105
3,1720,245.612900,295.313263,245.748108,295.292351,105
3,1721,439.919769,369.846954,439.851279,369.777804,105
3,1722,288.644958,183.130157,288.716980,183.240992,105
3,1723,439.706024,182.957382,439.639355,183.031101,105
3,1724,288.858734,370.019714,288.931889,369.913578,105
3,1725,407.570923,388.572906,407.522895,388.479794,105
3,1726,320.993835,164.404175,321.025885,164.526529,105
3,1727,407.314423,164.305450,407.267602,164.402267,105
3,1728,321.250305,388.671661,321.283172,388.553242,105
3,1729,429.151031,388.548248,429.095090,388.467052,105
3,1730,299.413696,164.428864,299.471734,164.552246,105
3,1731,428.894531,164.280777,428.840434,164.365383,105
3,1732,299.670166,388.696350,299.729312,388.576804,105
3,1733,493.763245,276.340454,493.683407,276.343789,105
3,1734,234.801483,276.636627,234.950952,276.639572,105
3,1735,375.222076,407.298889,375.204204,407.186421,105
3,1736,353.342682,145.678207,353.343653,145.800868,105
3,1737,374.922821,145.653519,374.905410,145.768600,105
3,1738,353.641907,407.323578,353.642986,407.203638,105
3,1739,483.037292,332.419678,482.961138,332.389346,105
3,1740,245.527405,220.557434,245.659174,220.628703,105
3,1741,482.909058,220.285934,482.834729,220.321964,105
3,1742,245.655655,332.691162,245.788318,332.625293,105
3,1743,472.268616,351.120972,472.195454,351.077221,105
3,1744,256.296112,201.856140,256.411739,201.947838,105
3,1745,472.097595,201.609329,472.026606,201.658122,105
3,1746,256.467133,351.367798,256.583863,351.281122,105
3,1747,234.758728,239.258743,234.906225,239.307682,105
3,1748,234.844223,314.014557,234.992329,313.971187,105
3,1749,267.064819,183.154846,267.164453,183.263974,105
3,1750,461.286163,182.932709,461.222284,182.993159,105
3,1751,267.278595,370.044403,267.379471,369.939745,105
3,1752,396.802216,407.274231,396.769691,407.171774,105
3,1753,331.762512,145.702881,331.785012,145.830594,105
3,1754,396.502991,145.628845,396.471565,145.733709,105
3,1755,332.061737,407.348267,332.084823,407.223361,105
3,1756,223.990021,257.960022,224.152321,257.985769,105
3,1757,224.032761,295.337952,224.195355,295.317767,105
3,1758,277.833557,164.453552,277.917947,164.576064,105
3,1759,278.090027,388.721008,278.175695,388.602252,105
3,1760,310.182404,145.727570,310.228434,145.857932,105
3,1761,310.481628,407.372955,310.528613,407.245427,105
3,1762,234.715973,201.880829,234.858408,201.969306,105
3,1763,178.883743,276.979309,178.881810,276.979484,106
3,1764,189.874573,295.965881,189.869869,295.961532,106
3,1765,167.892838,257.992706,167.893251,257.996957,106
3,1766,189.831131,257.967621,189.826402,257.972212,106
3,1767,167.936279,295.990967,167.936776,295.986873,106
3,1768,200.822037,276.954193,200.814603,276.954400,106
3,1769,156.945419,277.004395,156.948390,277.004508,106
3,1770,178.927185,314.977539,178.924780,314.969357,106
3,1771,178.840271,238.981049,178.837771,238.989024,106
3,1772,178.840271,238.981049,178.837771,238.989024,106
3,1773,178.927185,314.977539,178.924780,314.969357,106
3,1774,211.812866,295.940796,211.802618,295.936367,106
3,1775,145.954529,258.017822,145.959276,258.021513,106
3,1776,211.769424,257.942535,211.759233,257.947212,106
3,1777,145.997971,296.016052,146.002834,296.012383,106
3,1778,200.865479,314.952454,200.857883,314.943911,106
3,1779,156.901947,239.006149,156.903970,239.013308,106
3,1780,200.778564,238.955963,200.771013,238.964302,106
3,1781,156.988861,315.002625,156.991068,314.995180,106
3,1782,222.760330,276.929108,222.747342,276.929297,106
3,1783,135.007126,277.029480,135.013995,277.029513,106
3,1784,189.918045,333.964111,189.912691,333.952751,106
3,1785,167.849380,219.994461,167.848380,220.004084,106
3,1786,189.787674,219.969376,189.782300,219.979820,106
3,1787,167.979752,333.989227,167.978939,333.978691,106
3,1788,233.751160,295.915680,233.735631,295.911360,106
3,1789,124.016258,258.042908,124.024234,258.045866,106
3,1790,233.707718,257.917450,233.692348,257.921921,106
3,1791,124.059700,296.041168,124.067795,296.038080,106
3,1792,222.803772,314.927368,222.790947,314.918874,106
3,1793,134.963654,239.031235,134.969266,239.037204,106
3,1794,222.716858,238.930878,222.704259,238.939096,106
3,1795,135.050568,315.027740,135.056400,315.021376,106
3,1796,211.856339,333.939026,211.846156,333.927447,106
3,1797,145.911057,220.019547,145.913750,220.027757,106
3,1798,211.725967,219.944275,211.716002,219.954864,106
3,1799,146.041428,334.014313,146.044398,334.005154,106
3,1800,244.698624,276.904022,244.680695,276.904136,106
3,1801,113.068863,277.054565,113.078372,277.054519,106
3,1802,178.970657,352.975800,178.966798,352.963655,106
3,1803,178.796799,200.982803,178.792891,200.993088,106
3,1804,178.796799,200.982803,178.792891,200.993088,106
3,1805,178.970657,352.975800,178.966798,352.963655,106
3,1806,244.742065,314.902252,244.724640,314.894246,106
3,1807,113.025391,239.056320,113.033415,239.060800,106
3,1808,244.655151,238.905777,244.638172,238.913326,106
3,1809,113.112328,315.052826,113.120553,315.047848,106
3,1810,255.689484,295.890594,255.669661,295.886574,106
3,1811,102.077934,258.067993,102.087841,258.070090,106
3,1812,255.646042,257.892365,255.626497,257.896310,106
3,1813,102.121407,296.066254,102.131404,296.063894,106
3,1814,233.794632,333.913940,233.779936,333.902803,106
3,1815,123.972786,220.044647,123.978179,220.050949,106
3,1816,233.664261,219.919189,233.650079,219.929153,106
3,1817,124.103165,334.039398,124.108831,334.032105,106
3,1818,200.908951,352.950684,200.900964,352.937885,106
3,1819,156.858475,201.007889,156.858054,201.016801,106
3,1820,200.735092,200.957703,200.727318,200.968534,106
3,1821,157.032333,353.000885,157.032123,352.990176,106
3,1822,222.847244,352.925598,222.835184,352.912999,106
3,1823,134.920181,201.032990,134.922481,201.039821,106
3,1824,222.673386,200.932617,222.661885,200.943064,106
3,1825,135.094040,353.025970,135.096604,353.017391,106
3,1826,266.636932,276.878937,266.615466,276.878905,106
3,1827,91.130539,277.079681,91.141349,277.079571,106
3,1828,189.961517,371.962372,189.955019,371.950931,106
3,1829,167.805908,181.996216,167.802535,182.003491,106
3,1830,189.744202,181.971130,189.737900,181.979445,106
3,1831,168.023224,371.987457,168.019904,371.977241,106
3,1832,266.680389,314.877167,266.659765,314.870108,106
3,1833,91.087067,239.081421,91.096254,239.084190,106
3,1834,266.593475,238.880676,266.573549,238.886958,106
3,1835,91.174011,315.077911,91.183301,315.074581,106
3,1836,255.732956,333.888824,255.714778,333.878835,106
3,1837,102.034523,220.069748,102.041455,220.073752,106
3,1838,255.602585,219.894104,255.585271,219.902633,106
3,1839,102.164871,334.064484,102.171987,334.059474,106
3,1840,277.627777,295.865509,277.605476,295.861988,106
3,1841,80.139610,258.093079,80.150167,258.094267,106
3,1842,277.584351,257.867249,277.562447,257.870321,106
3,1843,80.183083,296.091339,80.193668,296.089842,106
3,1844,244.785538,352.900513,244.770113,352.889037,106
3,1845,112.981918,201.058075,112.985946,201.062246,106
3,1846,244.611679,200.907532,244.597238,200.916556,106
3,1847,113.155739,353.051086,113.159972,353.045232,106
3,1848,211.899811,371.937256,211.889982,371.925615,106
3,1849,145.867584,182.021317,145.866664,182.026613,106
3,1850,211.682495,181.946030,211.673230,181.954312,106
3,1851,146.084900,372.012543,146.084153,372.004469,106
3,1852,233.838104,371.912201,233.825382,371.901445,106
3,1853,123.929321,182.046387,123.930077,182.048934,106
3,1854,233.620789,181.920929,233.609099,181.927984,106
3,1855,124.146637,372.037659,124.147542,372.032525,106
3,1856,288.575226,276.853821,288.552471,276.853566,106
3,1857,69.192215,277.104736,69.203089,277.104632,106
3,1858,179.014099,390.974030,179.008119,390.967170,106
3,1859,178.753357,162.984558,178.747655,162.987040,106
3,1860,178.753357,162.984558,178.747655,162.987040,106
3,1861,179.014099,390.974030,179.008119,390.967170,106
3,1862,277.671265,333.863770,277.651446,333.855641,106
3,1863,80.096199,220.094818,80.103544,220.096266,106
3,1864,277.540863,219.869019,277.522334,219.875228,106
3,1865,80.226555,334.089600,80.233880,334.087213,106
3,1866,288.618683,314.852081,288.597135,314.846454,106
3,1867,69.148743,239.106506,69.157953,239.107445,106
3,1868,288.531769,238.855591,288.511199,238.859966,106
3,1869,69.235687,315.102997,69.244837,315.101529,106
3,1870,266.723846,352.875458,266.706546,352.866061,106
3,1871,91.043594,201.083160,91.048303,201.084248,106
3,1872,266.550018,200.882446,266.534162,200.888954,106
3,1873,91.217422,353.076172,91.222129,353.073540,106
3,1874,200.952393,390.948975,200.944075,390.941366,106
3,1875,156.815033,163.009628,156.811176,163.010553,106
3,1876,200.691650,162.959457,200.683960,162.962334,106
3,1877,157.075775,390.999115,157.071841,390.994131,106
3,1878,299.566101,295.840393,299.544051,295.837578,106
3,1879,58.201290,258.118164,58.211417,258.118392,106
3,1880,299.522675,257.842163,299.501169,257.843989,106
3,1881,58.244759,296.116425,58.254819,296.115910,106
3,1882,255.776428,371.887115,255.761953,371.878477,106
3,1883,101.991051,182.071487,101.992585,182.070647,106
3,1884,255.559113,181.895844,255.546228,181.900368,106
3,1885,102.208344,372.062744,102.209838,372.061222,106
3,1886,222.890686,390.923889,222.880252,390.916841,106
3,1887,134.876740,163.034729,134.874225,163.033071,106
3,1888,222.629944,162.934372,222.620618,162.936312,106
3,1889,135.137482,391.024231,135.134926,391.022138,106
3,1890,244.828979,390.898773,244.817289,390.893677,106
3,1891,112.938454,163.059814,112.936572,163.054753,106
3,1892,244.568237,162.909271,244.558250,162.908808,106
3,1893,113.199211,391.049316,113.197154,391.050983,106
3,1894,310.513519,276.828735,310.492696,276.828167,106
3,1895,47.253891,277.129822,47.263900,277.129753,106
3,1896,190.004959,409.960632,189.997247,409.960798,106
3,1897,167.762466,143.997955,167.756368,143.990846,106
3,1898,189.700760,143.972870,189.693795,143.966604,106
3,1899,168.066666,409.985718,168.060110,409.987186,106
3,1900,299.609589,333.838684,299.590910,333.833228,106
3,1901,58.157879,220.119919,58.164725,220.118646,106
3,1902,299.479187,219.843903,299.462232,219.846854,106
3,1903,58.288231,334.114685,58.294752,334.115179,106
3,1904,288.662140,352.850342,288.645291,352.844096,106
3,1905,69.105278,201.108261,69.109743,201.105966,106
3,1906,288.488312,200.857346,288.473451,200.860155,106
3,1907,69.279099,353.101257,69.283223,353.102226,106
3,1908,310.556976,314.826996,310.537736,314.823275,106
3,1909,47.210423,239.131592,47.218830,239.130647,106
3,1910,310.470062,238.830505,310.452104,238.832298,106
3,1911,47.297363,315.128113,47.305472,315.128669,106
3,1912,277.714722,371.862030,277.700448,371.856785,106
3,1913,80.052727,182.096573,80.054178,182.091905,106
3,1914,277.497406,181.870758,277.485356,181.871337,106
3,1915,80.270020,372.087830,80.271074,372.090448,106
3,1916,211.943253,409.935547,211.934451,409.935817,106
3,1917,145.824142,144.023056,145.818730,144.013862,106
3,1918,211.639053,143.947784,211.631453,143.940919,106
3,1919,146.128342,410.010803,146.122579,410.014853,106
3,1920,321.504364,295.815338,321.486296,295.813407,106
3,1921,36.262966,258.143250,36.272013,258.142557,106
3,1922,321.460938,257.817078,321.443571,257.817264,106
3,1923,36.306438,296.141510,36.315274,296.142109,106
3,1924,266.767303,390.873688,266.755963,390.872030,106
3,1925,91.000130,163.084915,90.998159,163.075831,106
3,1926,266.506561,162.884186,266.497620,162.879729,106
3,1927,91.260887,391.074402,91.258393,391.080527,106
3,1928,233.881546,409.910461,233.872287,409.912382,106
3,1929,123.885880,144.048141,123.880704,144.035827,106
3,1930,233.577347,143.922684,233.569889,143.913638,106
3,1931,124.190079,410.035889,124.184457,410.043569,106
3,1932,179.057556,428.972290,179.049383,428.984451,106
3,1933,178.709885,124.986290,178.702737,124.966708,106
3,1934,178.709885,124.986290,178.702737,124.966708,106
3,1935,179.057556,428.972290,179.049383,428.984451,106
3,1936,310.600433,352.825256,310.587322,352.823248,106
3,1937,47.166954,201.133347,47.170602,201.127555,106
3,1938,310.426605,200.832245,310.416075,200.830111,106
3,1939,47.340775,353.126343,47.343578,353.131167,106
3,1940,321.547852,333.813599,321.534075,333.811626,106
3,1941,36.219555,220.145020,36.225431,220.141015,106
3,1942,321.417450,219.818817,321.405862,219.817523,106
3,1943,36.349907,334.139771,36.355028,334.143310,106
3,1944,299.653046,371.836914,299.641823,371.836408,106
3,1945,58.114407,182.121674,58.115160,182.112933,106
3,1946,299.435730,181.845673,299.427430,181.840836,106
3,1947,58.331699,372.112915,58.331509,372.120047,106
3,1948,255.819870,409.885376,255.811469,409.890617,106
3,1949,101.947586,144.073242,101.942105,144.056998,106
3,1950,255.515671,143.897598,255.509797,143.884627,106
3,1951,102.251816,410.060974,102.245565,410.073173,106
3,1952,200.995850,428.947205,200.987801,428.958963,106
3,1953,156.771561,125.011368,156.764086,124.990541,106
3,1954,200.648178,124.961189,200.641541,124.941379,106
3,1955,157.119247,428.997406,157.110918,429.011461,106
3,1956,332.451813,276.803650,332.437172,276.802673,106
3,1957,25.315628,277.154938,25.324370,277.154984,106
3,1958,332.495270,314.801910,332.482599,314.800645,106
3,1959,25.272158,239.156677,25.279481,239.153912,106
3,1960,332.408356,238.805420,332.397288,238.803910,106
3,1961,25.359098,315.153168,25.365797,315.155886,106
3,1962,288.705597,390.848602,288.697066,390.851960,106
3,1963,69.061806,163.110016,69.059176,163.096517,106
3,1964,288.444855,162.859085,288.439503,162.848941,106
3,1965,69.322571,391.099518,69.318844,391.110614,106
3,1966,222.934143,428.922119,222.926687,428.935141,106
3,1967,134.833267,125.036469,134.825324,125.013130,106
3,1968,222.586472,124.936104,222.580990,124.914381,106
3,1969,135.180954,429.022461,135.172120,429.039743,106
3,1970,343.442688,295.790253,343.433389,295.789451,106
3,1971,14.324703,258.168365,14.332664,258.166855,106
3,1972,343.399261,257.791962,343.390830,257.790101,106
3,1973,14.368173,296.166595,14.375741,296.168366,106
3,1974,277.758179,409.860260,277.752729,409.870605,106
3,1975,80.009262,144.098328,80.003015,144.077595,106
3,1976,277.453949,143.872498,277.451890,143.853725,106
3,1977,80.313492,410.086090,80.305908,410.103482,106
3,1978,244.872437,428.897003,244.866653,428.913110,106
3,1979,112.895035,125.061554,112.886316,125.034693,106
3,1980,244.524765,124.911011,244.521675,124.885504,106
3,1981,113.242683,429.047546,113.232801,429.069116,106
3,1982,190.048431,447.958893,190.040120,447.986764,106
3,1983,167.718994,105.999710,167.710739,105.962403,106
3,1984,189.657288,105.974625,189.650758,105.937385,106
3,1985,168.110138,447.983978,168.100370,448.012749,106
3,1986,332.538727,352.800171,332.533665,352.803527,106
3,1987,25.228687,201.158447,25.231496,201.149227,106
3,1988,332.364899,200.807159,332.363046,200.798779,106
3,1989,25.402512,353.151459,25.403801,353.160254,106
3,1990,321.591309,371.811829,321.586974,371.817460,106
3,1991,36.176086,182.146759,36.175991,182.133919,106
3,1992,321.373993,181.820572,321.373332,181.808765,106
3,1993,36.393379,372.138031,36.391589,372.149876,106
3,1994,343.486176,333.788483,343.482117,333.790835,106
3,1995,14.281291,220.170105,14.286388,220.163507,106
3,1996,343.355774,219.793732,343.354393,219.787167,106
3,1997,14.411643,334.164856,14.415423,334.171504,106
3,1998,310.643890,390.823517,310.641560,390.833540,106
3,1999,47.123482,163.135101,47.119991,163.117040,106
3,2000,310.383148,162.834000,310.384848,162.816364,106
3,2001,47.384247,391.124603,47.378855,391.140986,106
3,2002,211.986725,447.933807,211.980241,447.962522,106
3,2003,145.780670,106.024811,145.770901,105.985949,106
3,2004,211.595581,105.949532,211.591362,105.910626,106
3,2005,146.171814,448.009064,146.160563,448.040270,106
3,2006,266.810760,428.871918,266.808453,428.893064,106
3,2007,90.956718,125.086647,90.946929,125.055531,106
3,2008,266.463104,124.885925,266.464329,124.854617,106
3,2009,91.304359,429.072662,91.292861,429.099376,106
3,2010,354.390137,276.778564,354.387021,276.777050,106
3,2011,3.377306,277.180023,3.385156,277.180293,106
3,2012,3.333836,239.181778,3.340571,239.177365,106
3,2013,3.420775,315.178253,3.426472,315.183148,106
3,2014,299.696472,409.835175,299.697006,409.852502,106
3,2015,58.070938,144.123413,58.063744,144.097917,106
3,2016,58.375172,410.111176,58.365804,410.134212,106
3,2017,233.925018,447.908691,233.921267,447.940181,106
3,2018,123.842407,106.049889,123.831109,106.008257,106
3,2019,233.533875,105.924431,233.533059,105.881926,106
3,2020,124.233551,448.034149,124.220536,448.069095,106
3,2021,14.324703,258.168365,14.332664,258.166855,106
3,2022,14.368173,296.166595,14.375741,296.168366,106
3,2023,69.018394,125.111748,69.007449,125.075923,106
3,2024,69.366035,429.097748,69.352536,429.130210,106
3,2025,102.295227,448.059235,102.280093,448.099000,106
3,2026,14.237821,182.171860,14.237420,182.155123,106
3,2027,14.455113,372.163116,14.452049,372.179694,106
3,2028,3.290365,201.183533,3.293111,201.171149,106
3,2029,3.464188,353.176544,3.464565,353.189281,106
3,2030,25.445980,391.149689,25.439059,391.171455,106
3,2031,14.281291,220.170105,14.286388,220.163507,106
3,2032,14.411643,334.164856,14.415423,334.171504,106
3,2033,3.377306,277.180023,3.385156,277.180293,106
3,2034,3.333836,239.181778,3.340571,239.177365,106
3,2035,3.420775,315.178253,3.426472,315.183148,106
3,2036,399.789368,257.066193,399.884299,256.898009,113
3,2037,410.071594,274.828552,410.632113,275.463954,113
3,2038,389.507172,239.303818,389.138368,238.332452,113
3,2039,410.030945,239.280350,410.590501,238.306332,113
3,2040,389.547821,274.852020,389.180588,275.487541,113
3,2041,420.313141,257.042694,421.338301,256.872955,113
3,2042,379.265594,257.089661,378.434647,256.922682,113
3,2043,399.830048,292.614380,399.928441,294.053615,113
3,2044,399.748718,221.517944,399.844563,219.739221,113
3,2045,399.748718,221.517944,399.844563,219.739221,113
3,2046,399.830048,292.614380,399.928441,294.053615,113
3,2047,430.595367,274.805084,432.088729,275.440425,113
3,2048,368.983398,239.327271,367.689905,238.357826,113
3,2049,430.554718,239.256851,432.047720,238.279408,113
3,2050,369.024078,274.875488,367.732731,275.511191,113
3,2051,420.353821,292.590942,421.382551,294.031523,113
3,2052,379.224976,221.541428,378.393644,219.766073,113
3,2053,420.272491,221.494476,421.299938,219.711217,113
3,2054,379.306274,292.637848,378.478675,294.076182,113
3,2055,440.836914,257.019226,442.798110,256.847563,113
3,2056,358.741821,257.113129,356.987960,256.947022,113
3,2057,410.112244,310.376770,410.678864,312.622154,113
3,2058,389.466492,203.755585,389.099874,201.170551,113
3,2059,409.990295,203.732101,410.554060,201.141793,113
3,2060,389.588440,310.400269,389.226481,312.643249,113
3,2061,451.119141,274.781586,453.551870,275.416924,113
3,2062,348.459595,239.350754,346.243743,238.382503,113
3,2063,451.078522,239.233383,453.511541,238.251712,113
3,2064,348.500275,274.898987,346.287108,275.534937,113
3,2065,440.877594,292.567474,442.842464,294.009913,113
3,2066,358.701172,221.564911,356.945693,219.791804,113
3,2067,440.796265,221.471008,442.761131,219.682007,113
3,2068,358.782471,292.661346,357.031838,294.099242,113
3,2069,430.636017,310.353302,432.136297,312.601984,113
3,2070,368.942749,203.779053,367.649462,201.197757,113
3,2071,430.514038,203.708649,432.013342,201.111458,113
3,2072,369.064697,310.423737,367.777809,312.665193,113
3,2073,461.360718,256.995758,464.265272,256.821792,113
3,2074,338.218048,257.136597,335.542909,256.971079,113
3,2075,399.870697,328.162628,399.976980,331.213588,113
3,2076,399.708069,185.969742,399.809394,182.569997,113
3,2077,399.708069,185.969742,399.809394,182.569997,113
3,2078,399.870697,328.162628,399.976980,331.213588,113
3,2079,461.401367,292.543976,464.309728,293.988765,113
3,2080,338.177368,221.588364,335.499476,219.816455,113
3,2081,461.320038,221.447540,464.229676,219.651548,113
3,2082,338.258667,292.684814,335.586654,294.122729,113
3,2083,471.642914,274.758118,475.023108,275.393506,113
3,2084,327.935822,239.374237,324.798687,238.406511,113
3,2085,471.602264,239.209915,474.983413,238.223199,113
3,2086,327.976501,274.922455,324.842549,275.558731,113
3,2087,451.159790,310.329834,453.600296,312.582729,113
3,2088,348.418945,203.802536,346.201443,201.223507,113
3,2089,451.037842,203.685165,453.479301,201.079473,113
3,2090,348.540924,310.447205,346.331390,312.687988,113
3,2091,420.394440,328.139130,421.432628,331.194424,113
3,2092,379.184296,185.993195,378.355776,182.599141,113
3,2093,420.231842,185.946259,421.267505,182.538884,113
3,2094,379.346924,328.186096,378.525656,331.234021,113
3,2095,440.918243,328.115662,442.894168,331.176618,113
3,2096,358.823151,328.209564,357.077360,331.255714,113
3,2097,364.418549,276.095764,364.391257,276.093761,116
3,2098,375.129089,294.598083,375.094940,294.582199,116
3,2099,353.708008,257.593475,353.689383,257.606350,116
3,2100,375.086731,257.569031,375.052095,257.581161,116
3,2101,353.750336,294.622559,353.732225,294.605284,116
3,2102,385.797272,276.071320,385.755764,276.069631,116
3,2103,343.039795,276.120239,343.030376,276.117902,116
3,2104,364.460907,313.124847,364.435947,313.094557,116
3,2105,364.376190,239.066727,364.350265,239.092857,116
3,2106,364.376190,239.066727,364.350265,239.092857,116
3,2107,364.460907,313.124847,364.435947,313.094557,116
3,2108,396.507812,294.573639,396.462028,294.559546,116
3,2109,332.329254,257.617950,332.329645,257.631144,116
3,2110,396.465454,257.544586,396.419218,257.555527,116
3,2111,332.371582,294.647003,332.372498,294.628737,116
3,2112,385.839600,313.100403,385.801167,313.072981,116
3,2113,342.997437,239.091187,342.988652,239.118726,116
3,2114,385.754913,239.042297,385.715570,239.066153,116
3,2115,343.082123,313.149292,343.074370,313.116950,116
3,2116,407.175995,276.046906,407.125436,276.045477,116
3,2117,321.661072,276.144684,321.671841,276.142004,116
3,2118,375.171417,331.627136,375.142227,331.587018,116
3,2119,353.665649,220.564438,353.649554,220.603485,116
3,2120,375.044403,220.539978,375.013769,220.576081,116
3,2121,353.792694,331.651581,353.778106,331.607917,116
3,2122,417.886566,294.549194,417.835010,294.537304,116
3,2123,310.950531,257.642395,310.971650,257.655515,116
3,2124,417.844177,257.520111,417.792241,257.529400,116
3,2125,310.992859,294.671448,311.014502,294.652576,116
3,2126,407.218353,313.075928,407.171594,313.052217,116
3,2127,321.618713,239.115646,321.629429,239.143790,116
3,2128,407.133667,239.017853,407.086043,239.038566,116
3,2129,321.703400,313.173737,321.715156,313.140135,116
3,2130,396.550171,331.602722,396.510816,331.567370,116
3,2131,332.286865,220.588882,332.288412,220.629647,116
3,2132,396.423096,220.515518,396.382396,220.547393,116
3,2133,332.413940,331.676056,332.416993,331.630057,116
3,2134,428.554749,276.022461,428.501801,276.021293,116
3,2135,300.282349,276.169128,300.314360,276.166107,116
3,2136,364.503265,350.153900,364.484448,350.102934,116
3,2137,364.333832,202.037674,364.313103,202.084133,116
3,2138,364.333832,202.037674,364.313103,202.084133,116
3,2139,364.503265,350.153900,364.484448,350.102934,116
3,2140,428.597076,313.051483,428.548672,313.032340,116
3,2141,300.239990,239.140091,300.271313,239.168082,116
3,2142,428.512390,238.993378,428.463206,239.010037,116
3,2143,300.324677,313.198212,300.357016,313.164112,116
3,2144,439.265289,294.524750,439.215449,294.515481,116
3,2145,289.571777,257.666840,289.614084,257.679522,116
3,2146,439.222931,257.495667,439.172726,257.502821,116
3,2147,289.614105,294.695923,289.656915,294.676821,116
3,2148,417.928894,331.578247,417.885278,331.548979,116
3,2149,310.908173,220.613327,310.929096,220.654644,116
3,2150,417.801849,220.491074,417.757029,220.517391,116
3,2151,311.035248,331.700500,311.057661,331.653334,116
3,2152,385.881958,350.129456,385.851858,350.083981,116
3,2153,342.955078,202.062134,342.949351,202.111874,116
3,2154,385.712555,202.013229,385.680639,202.054747,116
3,2155,343.124481,350.178375,343.120751,350.123557,116
3,2156,407.260712,350.105011,407.224536,350.066723,116
3,2157,321.576355,202.086578,321.588097,202.138019,116
3,2158,407.091339,201.988770,407.053448,202.023624,116
3,2159,321.745758,350.202820,321.759497,350.145736,116
3,2160,449.933472,275.997986,449.886396,275.997048,116
3,2161,278.903595,276.193604,278.956788,276.190249,116
3,2162,375.213776,368.656219,375.194138,368.603334,116
3,2163,353.623291,183.535370,353.612969,183.589158,116
3,2164,375.002045,183.510910,374.980070,183.559385,116
3,2165,353.835052,368.680664,353.827145,368.621954,116
3,2166,449.975800,313.027039,449.934019,313.013338,116
3,2167,278.861237,239.164536,278.913165,239.191671,116
3,2168,449.891144,238.968933,449.848671,238.980600,116
3,2169,278.945953,313.222656,278.998805,313.188790,116
3,2170,439.307648,331.553802,439.267282,331.531930,116
3,2171,289.529419,220.637787,289.570302,220.678578,116
3,2172,439.180573,220.466629,439.139132,220.486023,116
3,2173,289.656464,331.724945,289.698798,331.677726,116
3,2174,460.644043,294.500275,460.604992,294.494054,116
3,2175,268.193054,257.691315,268.255950,257.703228,116
3,2176,460.601685,257.471222,460.562315,257.475750,116
3,2177,268.235382,294.720337,268.298741,294.701404,116
3,2178,428.639435,350.080566,428.603915,350.051202,116
3,2179,300.197632,202.111038,300.228074,202.162684,116
3,2180,428.470032,201.964325,428.432951,201.990738,116
3,2181,300.367035,350.227264,300.399407,350.169429,116
3,2182,396.592529,368.631744,396.565662,368.586767,116
3,2183,332.244507,183.559814,332.249068,183.616911,116
3,2184,396.380768,183.486481,396.351723,183.527534,116
3,2185,332.456299,368.705109,332.463264,368.642582,116
3,2186,417.971252,368.607300,417.943191,368.572370,116
3,2187,310.865814,183.584274,310.887144,183.642773,116
3,2188,417.759491,183.462021,417.729414,183.493503,116
3,2189,311.077606,368.729553,311.101283,368.665138,116
3,2190,471.312225,275.973541,471.280890,275.972796,116
3,2191,257.524841,276.218048,257.598081,276.214388,116
3,2192,364.545593,387.182983,364.536920,387.126535,116
3,2193,364.291504,165.008621,364.280066,165.060256,116
3,2194,364.291504,165.008621,364.280066,165.060256,116
3,2195,364.545593,387.182983,364.536920,387.126535,116
3,2196,460.686401,331.529358,460.658385,331.516220,116
3,2197,268.150696,220.662231,268.211047,220.701474,116
3,2198,460.559326,220.442169,460.530338,220.453247,116
3,2199,268.277740,331.749390,268.339411,331.703176,116
3,2200,471.354584,313.002594,471.329304,312.995225,116
3,2201,257.482483,239.188995,257.553949,239.214636,116
3,2202,471.269836,238.944489,471.243990,238.950210,116
3,2203,257.567200,313.247101,257.639483,313.214163,116
3,2204,450.018188,350.056091,449.991605,350.037426,116
3,2205,278.818878,202.135498,278.868159,202.185955,116
3,2206,449.848785,201.939880,449.820832,201.956020,116
3,2207,278.988312,350.251740,279.039349,350.194588,116
3,2208,385.924316,387.158539,385.907995,387.110364,116
3,2209,342.912750,165.033081,342.912818,165.090103,116
3,2210,385.670197,164.984177,385.651217,165.027991,116
3,2211,343.166840,387.207397,343.169709,387.145148,116
3,2212,246.814285,257.715759,246.896253,257.726617,116
3,2213,481.980408,257.446777,481.962611,257.448181,116
3,2214,246.856628,294.744781,246.938979,294.726340,116
3,2215,289.487061,183.608719,289.525913,183.666830,116
3,2216,439.138245,183.437561,439.114702,183.457250,116
3,2217,289.698822,368.754028,289.739906,368.689556,116
3,2218,321.534027,165.057510,321.548240,165.117615,116
3,2219,407.048950,164.959717,407.027790,164.993185,116
3,2220,321.788086,387.231873,321.805087,387.166136,116
3,2221,300.155273,165.081970,300.185090,165.142947,116
3,2222,236.146118,276.242493,236.237429,276.238567,116
3,2223,353.580933,146.506317,353.580035,146.556345,116
3,2224,374.959686,146.481857,374.951345,146.523939,116
3,2225,246.771927,220.686676,246.850348,220.723452,116
3,2226,257.440125,202.159927,257.507335,202.207929,116
3,2227,268.108337,183.633179,268.164413,183.689242,116
3,2228,145.061676,296.508331,145.064776,296.504117,123
3,2229,156.061859,315.510956,156.062277,315.502761,123
3,2230,134.061554,277.505707,134.066731,277.505327,123
3,2231,156.018387,277.480621,156.019108,277.480509,123
3,2232,134.105042,315.536072,134.109694,315.528629,123
3,2233,167.018539,296.483215,167.016732,296.478846,123
3,2234,123.104881,296.533478,123.111850,296.529536,123
3,2235,145.105194,334.538696,145.106986,334.528125,123
3,2236,145.018204,258.477997,145.020818,258.481475,123
3,2237,145.018204,258.477997,145.020818,258.481475,123
3,2238,145.105194,334.538696,145.106986,334.528125,123
3,2239,178.018723,315.485840,178.014041,315.477228,123
3,2240,112.104752,277.530823,112.113238,277.530105,123
3,2241,177.975250,277.455505,177.970654,277.455628,123
3,2242,112.148262,315.561188,112.156037,315.554740,123
3,2243,167.062042,334.513611,167.059476,334.502039,123
3,2244,123.061401,258.503082,123.067817,258.505692,123
3,2245,166.975067,258.452850,166.972884,258.457009,123
3,2246,123.148384,334.563812,123.153587,334.554668,123
3,2247,188.975372,296.458130,188.967995,296.453701,123
3,2248,101.148048,296.558563,101.157663,296.555038,123
3,2249,156.105377,353.541321,156.104063,353.528782,123
3,2250,134.018051,239.475372,134.021691,239.481064,123
3,2251,155.974884,239.450256,155.974458,239.457205,123
3,2252,134.148544,353.566437,134.150682,353.555542,123
3,2253,199.975555,315.460754,199.965363,315.452031,123
3,2254,90.147896,277.555939,90.158421,277.554891,123
3,2255,199.932083,277.430359,199.921747,277.430639,123
3,2256,90.191399,315.586304,90.201043,315.581086,123
3,2257,189.018875,334.488464,189.011326,334.476440,123
3,2258,101.104538,258.528198,101.113563,258.529736,123
3,2259,188.931900,258.427734,188.924288,258.432304,123
3,2260,101.191559,334.588928,101.198993,334.581605,123
3,2261,178.062241,353.516235,178.056728,353.502687,123
3,2262,112.061249,239.500473,112.067894,239.504574,123
3,2263,177.931747,239.425140,177.926471,239.432907,123
3,2264,112.191711,353.591553,112.196283,353.582908,123
3,2265,210.932205,296.433014,210.919096,296.428687,123
3,2266,79.191185,296.583679,79.202181,296.580643,123
3,2267,145.148697,372.569061,145.147607,372.558122,123
3,2268,144.974701,220.447617,144.975155,220.455444,123
3,2269,144.974701,220.447617,144.975155,220.455444,123
3,2270,145.148697,372.569061,145.147607,372.558122,123
3,2271,210.975708,334.463348,210.963064,334.451437,123
3,2272,79.147682,258.553314,79.158084,258.553691,123
3,2273,210.888733,258.402649,210.875558,258.407294,123
3,2274,79.234695,334.614044,79.243178,334.608894,123
3,2275,221.932388,315.435638,221.916837,315.427198,123
3,2276,68.191032,277.581055,68.202399,277.579652,123
3,2277,221.888916,277.405273,221.872982,277.405583,123
3,2278,68.234543,315.611389,68.244861,315.607625,123
3,2279,200.019058,353.491089,200.009043,353.477306,123
3,2280,90.104385,239.525589,90.112867,239.527830,123
3,2281,199.888580,239.400024,199.878101,239.408119,123
3,2282,90.234848,353.616669,90.240729,353.610723,123
3,2283,167.105560,372.543945,167.101257,372.531393,123
3,2284,123.017899,220.472733,123.021540,220.478649,123
3,2285,166.931564,220.422501,166.927965,220.431703,123
3,2286,123.191895,372.594177,123.193203,372.585658,123
3,2287,189.062393,372.518829,189.054409,372.505555,123
3,2288,101.061096,220.497849,101.066871,220.501413,123
3,2289,188.888397,220.397400,188.880228,220.407318,123
3,2290,101.235062,372.619293,101.237776,372.613822,123
3,2291,232.889038,296.407898,232.870666,296.403780,123
3,2292,57.234329,296.608765,57.245591,296.606342,123
3,2293,156.148849,391.571686,156.144726,391.563193,123
3,2294,133.974548,201.445007,133.974858,201.451245,123
3,2295,155.931381,201.419891,155.928587,201.428107,123
3,2296,134.192017,391.596802,134.189985,391.590639,123
3,2297,232.932541,334.438263,232.915314,334.427048,123
3,2298,57.190819,258.578430,57.201541,258.577558,123
3,2299,232.845566,258.377533,232.827320,258.381940,123
3,2300,57.277832,334.639160,57.286336,334.636398,123
3,2301,221.975891,353.465973,221.961593,353.452770,123
3,2302,68.147530,239.550705,68.156738,239.550906,123
3,2303,221.845398,239.374924,221.829935,239.382794,123
3,2304,68.277992,353.641785,68.284125,353.638909,123
3,2305,243.889221,315.410492,243.869150,315.402724,123
3,2306,46.234173,277.606171,46.245431,277.604442,123
3,2307,243.845749,277.380157,243.825046,277.380415,123
3,2308,46.277679,315.636536,46.287753,315.634341,123
3,2309,211.019226,372.493713,211.007574,372.480675,123
3,2310,79.104233,220.522949,79.111076,220.523835,123
3,2311,210.845215,220.372284,210.832462,220.382186,123
3,2312,79.278198,372.644379,79.281316,372.642510,123
3,2313,178.105713,391.546570,178.098947,391.536774,123
3,2314,112.017738,201.470108,112.020285,201.473731,123
3,2315,177.888229,201.394775,177.881730,201.404218,123
3,2316,112.235214,391.621918,112.234468,391.618912,123
3,2317,200.062546,391.521454,200.052991,391.511484,123
3,2318,90.060883,201.495224,90.064686,201.495736,123
3,2319,199.845062,201.369659,199.834641,201.379433,123
3,2320,90.278358,391.647003,90.278005,391.647880,123
3,2321,254.845901,296.382782,254.823473,296.379042,123
3,2322,35.277466,296.633911,35.288259,296.632153,123
3,2323,145.192169,410.599426,145.187086,410.598628,123
3,2324,144.931198,182.417267,144.928203,182.421560,123
3,2325,144.931198,182.417267,144.928203,182.421560,123
3,2326,145.192169,410.599426,145.187086,410.598628,123
3,2327,243.932724,353.440887,243.915054,353.429112,123
3,2328,46.190666,239.575806,46.199775,239.573884,123
3,2329,243.802231,239.349792,243.782654,239.356849,123
3,2330,46.321129,353.666870,46.326744,353.667349,123
3,2331,254.889404,334.413116,254.868841,334.403285,123
3,2332,35.233959,258.603546,35.244305,258.601428,123
3,2333,254.802414,258.352448,254.780342,258.356211,123
3,2334,35.320972,334.664246,35.328840,334.664062,123
3,2335,232.976044,372.468597,232.961365,372.456901,123
3,2336,57.147373,220.548080,57.154388,220.546074,123
3,2337,232.802048,220.347168,232.785281,220.356244,123
3,2338,57.321342,372.669495,57.324037,372.671574,123
3,2339,167.149033,410.574280,167.142483,410.571560,123
3,2340,122.974388,182.442368,122.973473,182.444046,123
3,2341,166.888046,182.392151,166.882353,182.398212,123
3,2342,123.235374,410.624542,123.231190,410.626734,123
3,2343,265.846069,315.385406,265.823120,315.378687,123
3,2344,24.277370,277.631287,24.288053,277.629318,123
3,2345,265.802612,277.355042,265.778760,277.355123,123
3,2346,24.320877,315.661652,24.330256,315.661124,123
3,2347,222.019379,391.496368,222.007428,391.487439,123
3,2348,68.104019,201.520355,68.108208,201.517401,123
3,2349,221.801895,201.344559,221.787892,201.353675,123
3,2350,68.321495,391.672150,68.320749,391.677399,123
3,2351,189.105865,410.549194,189.097610,410.545754,123
3,2352,101.017586,182.467484,101.017937,182.465863,123
3,2353,188.844879,182.367050,188.836160,182.373881,123
3,2354,101.278572,410.649628,101.274579,410.655727,123
3,2355,211.062698,410.524078,211.052957,410.521326,123
3,2356,79.060722,182.492599,79.061547,182.487162,123
3,2357,210.801712,182.341919,210.790121,182.348403,123
3,2358,79.321709,410.674774,79.317213,410.685437,123
3,2359,276.802734,296.357666,276.778302,296.354449,123
3,2360,13.320664,296.659027,13.330835,296.658006,123
3,2361,156.192352,429.602051,156.184925,429.610409,123
3,2362,133.931061,163.414642,133.926821,163.411615,123
3,2363,155.887894,163.389526,155.882033,163.388824,123
3,2364,134.235519,429.627136,134.228316,429.638049,123
3,2365,265.889587,353.415771,265.870240,353.406390,123
3,2366,24.233864,239.600922,24.242522,239.596885,123
3,2367,265.759094,239.324677,265.737071,239.330251,123
3,2368,24.364326,353.692017,24.369138,353.695944,123
3,2369,254.932907,372.443512,254.916533,372.434283,123
3,2370,35.190510,220.573196,35.197190,220.568251,123
3,2371,254.758911,220.322067,254.739444,220.329436,123
3,2372,35.364479,372.694641,35.366330,372.700881,123
3,2373,276.846222,334.388031,276.824424,334.380242,123
3,2374,13.277157,258.628662,13.287028,258.625399,123
3,2375,276.759247,258.327301,276.735404,258.330049,123
3,2376,13.364171,334.689362,13.371348,334.691793,123
3,2377,243.976212,391.471222,243.962916,391.464714,123
3,2378,46.147160,201.545456,46.151140,201.538881,123
3,2379,243.758728,201.319443,243.742148,201.326821,123
3,2380,46.364635,391.697266,46.363001,391.707220,123
3,2381,178.149216,429.576904,178.141300,429.584034,123
3,2382,111.974236,163.439758,111.971023,163.433505,123
3,2383,177.844757,163.364426,177.836922,163.364975,123
3,2384,112.278725,429.652252,112.271252,429.666780,123
3,2385,287.802917,315.360291,287.779575,315.355078,123
3,2386,2.320510,277.656403,2.330861,277.654251,123
3,2387,287.759430,277.329926,287.734950,277.329665,123
3,2388,2.364017,315.686737,2.372967,315.687951,123
3,2389,233.019531,410.498993,233.009112,410.498411,123
3,2390,57.103867,182.517715,57.104561,182.508171,123
3,2391,232.758545,182.316803,232.744831,182.321674,123
3,2392,57.364849,410.699860,57.359364,410.715586,123
3,2393,200.106049,429.551819,200.097760,429.559163,123
3,2394,90.017372,163.464874,90.014546,163.454726,123
3,2395,199.801590,163.339310,199.791812,163.339872,123
3,2396,90.321861,429.677399,90.313592,429.696409,123
3,2397,145.235687,448.629761,145.226268,448.653617,123
3,2398,144.887711,144.386902,144.880677,144.375647,123
3,2399,144.887711,144.386902,144.880677,144.375647,123
3,2400,145.235687,448.629761,145.226268,448.653617,123
3,2401,276.889740,372.418396,276.873847,372.412889,123
3,2402,13.233708,220.598297,13.240151,220.590503,123
3,2403,276.715759,220.296951,276.695718,220.301687,123
3,2404,13.407678,372.719727,13.408872,372.730201,123
3,2405,287.846436,353.390656,287.827968,353.384623,123
3,2406,2.277003,239.626038,2.285585,239.620035,123
3,2407,287.715942,239.299576,287.694007,239.302972,123
3,2408,2.407465,353.717102,2.411918,353.724497,123
3,2409,265.933075,391.446106,265.920253,391.443460,123
3,2410,24.190357,201.570572,24.194046,201.560386,123
3,2411,265.715576,201.294342,265.698209,201.298818,123
3,2412,24.407833,391.722351,24.405335,391.737164,123
3,2413,222.062881,429.526703,222.054846,429.535931,123
3,2414,68.060516,163.489990,68.057535,163.475486,123
3,2415,221.758423,163.314194,221.747255,163.313393,123
3,2416,68.365005,429.702484,68.355525,429.726636,123
3,2417,167.192535,448.604675,167.183927,448.626769,123
3,2418,122.930908,144.412018,122.924395,144.397928,123
3,2419,166.844574,144.361786,166.836703,144.352250,123
3,2420,123.278877,448.654877,123.268464,448.681771,123
3,2421,298.759583,296.332550,298.736136,296.329974,123
3,2422,13.320664,296.659027,13.330835,296.658006,123
3,2423,298.803101,334.362915,298.783044,334.357922,123
3,2424,13.277157,258.628662,13.287028,258.625399,123
3,2425,298.716125,258.302185,298.693488,258.303486,123
3,2426,13.364171,334.689362,13.371348,334.691793,123
3,2427,254.976395,410.473877,254.966810,410.477124,123
3,2428,35.147003,182.542816,35.147388,182.529072,123
3,2429,254.715408,182.291702,254.701028,182.293598,123
3,2430,35.407986,410.724976,35.401452,410.745968,123
3,2431,189.149368,448.579559,189.141637,448.601450,123
3,2432,100.974075,144.437134,100.967637,144.419344,123
3,2433,188.801407,144.336685,188.792679,144.327561,123
3,2434,101.322014,448.679993,101.310279,448.711020,123
3,2435,309.759735,315.335175,309.739509,315.331883,123
3,2436,2.320510,277.656403,2.330861,277.654251,123
3,2437,309.716278,277.304810,309.694612,277.304089,123
3,2438,2.364017,315.686737,2.372967,315.687951,123
3,2439,244.019714,429.501556,244.013193,429.514455,123
3,2440,46.103653,163.515091,46.100312,163.496013,123
3,2441,243.715256,163.289078,243.703889,163.285374,123
3,2442,46.408142,429.727600,46.397383,429.757223,123
3,2443,211.106201,448.554443,211.099855,448.577856,123
3,2444,79.017220,144.462234,79.010444,144.440114,123
3,2445,210.758240,144.311569,210.749073,144.301366,123
3,2446,79.365158,448.705109,79.351826,448.741038,123
3,2447,156.235870,467.632385,156.225533,467.674191,123
3,2448,133.887558,125.384270,133.878404,125.358395,123
3,2449,155.844391,125.359154,155.835544,125.335383,123
3,2450,134.279037,467.657501,134.266638,467.701433,123
3,2451,298.846619,372.393250,298.834275,372.392753,123
3,2452,13.233708,220.598297,13.240151,220.590503,123
3,2453,298.672607,220.271820,298.655077,220.272913,123
3,2454,13.407678,372.719727,13.408872,372.730201,123
3,2455,287.889893,391.421021,287.880242,391.423727,123
3,2456,2.233496,201.595673,2.237551,201.582086,123
3,2457,287.672424,201.269211,287.656883,201.269562,123
3,2458,2.450972,391.747467,2.448388,391.767008,123
3,2459,309.803253,353.365540,309.789227,353.363913,123
3,2460,2.277003,239.626038,2.285585,239.620035,123
3,2461,309.672760,239.274475,309.654451,239.274961,123
3,2462,2.407465,353.717102,2.411918,353.724497,123
3,2463,276.933228,410.448730,276.926797,410.457542,123
3,2464,13.190202,182.567932,13.190722,182.550127,123
3,2465,276.672241,182.266586,276.659465,182.264052,123
3,2466,13.451184,410.750122,13.444185,410.776352,123
3,2467,178.192719,467.607300,178.184582,467.648481,123
3,2468,111.930786,125.409378,111.921130,125.380309,123
3,2469,177.801254,125.334045,177.792717,125.311058,123
3,2470,112.322227,467.682617,112.307715,467.729972,123
3,2471,233.063034,448.529327,233.059140,448.556137,123
3,2472,57.060356,144.487350,57.053083,144.460535,123
3,2473,232.715073,144.286438,232.706451,144.273516,123
3,2474,57.408295,448.730225,57.393357,448.771563,123
3,2475,320.716400,296.307434,320.697893,296.305677,123
3,2476,13.320664,296.659027,13.330835,296.658006,123
3,2477,320.759888,334.337799,320.745613,334.336353,123
3,2478,13.277157,258.628662,13.287028,258.625399,123
3,2479,320.672913,258.277100,320.655507,258.276472,123
3,2480,13.364171,334.689362,13.371348,334.691793,123
3,2481,265.976562,429.476471,265.973572,429.494922,123
3,2482,24.146851,163.540207,24.143470,163.516598,123
3,2483,265.672119,163.263977,265.662495,163.255724,123
3,2484,200.149551,467.582153,200.144066,467.624510,123
3,2485,89.973923,125.434494,89.963551,125.401422,123
3,2486,199.758087,125.308929,199.750216,125.285171,123
3,2487,331.716583,315.310059,331.703958,315.309176,123
3,2488,2.320510,277.656403,2.330861,277.654251,123
3,2489,331.673096,277.279724,331.658783,277.278358,123
3,2490,2.364017,315.686737,2.372967,315.687951,123
3,2491,35.103497,144.512451,35.095998,144.480869,123
3,2492,254.671936,144.261337,254.665525,144.243877,123
3,2493,68.017067,125.459618,68.005912,125.422010,123
3,2494,221.714920,125.283829,221.708554,125.257552,123
3,2495,144.844208,106.356544,144.833524,106.314200,123
3,2496,144.844208,106.356544,144.833524,106.314200,123
3,2497,309.846741,391.395905,309.843856,391.405588,123
3,2498,2.233496,201.595673,2.237551,201.582086,123
3,2499,309.629242,201.244095,309.619145,201.239004,123
3,2500,2.450972,391.747467,2.448388,391.767008,123
3,2501,320.803406,372.368164,320.798721,372.373985,123
3,2502,13.233708,220.598297,13.240151,220.590503,123
3,2503,320.629395,220.246719,320.618426,220.243125,123
3,2504,13.407678,372.719727,13.408872,372.730201,123
3,2505,13.190202,182.567932,13.190722,182.550127,123
3,2506,298.629089,182.241486,298.621097,182.232982,123
3,2507,13.451184,410.750122,13.444185,410.776352,123
3,2508,122.887405,106.381653,122.875349,106.336966,123
3,2509,166.801071,106.331429,166.791870,106.290123,123
3,2510,2.277003,239.626038,2.285585,239.620035,123
3,2511,331.629578,239.249359,331.619434,239.246170,123
3,2512,2.407465,353.717102,2.411918,353.724497,123
3,2513,287.628937,163.238861,287.623859,163.224308,123
3,2514,188.757904,106.306320,188.750553,106.264503,123
3,2515,243.671753,125.258705,243.668342,125.227994,123
3,2516,13.320664,296.659027,13.330835,296.658006,123
3,2517,13.277157,258.628662,13.287028,258.625399,123
3,2518,145.061676,296.508331,145.064776,296.504117,124
3,2519,156.061859,315.510956,156.062277,315.502761,124
3,2520,134.061554,277.505707,134.066731,277.505327,124
3,2521,156.018387,277.480621,156.019108,277.480509,124
3,2522,134.105042,315.536072,134.109694,315.528629,124
3,2523,167.018539,296.483215,167.016732,296.478846,124
3,2524,123.104881,296.533478,123.111850,296.529536,124
3,2525,145.105194,334.538696,145.106986,334.528125,124
3,2526,145.018204,258.477997,145.020818,258.481475,124
3,2527,145.018204,258.477997,145.020818,258.481475,124
3,2528,145.105194,334.538696,145.106986,334.528125,124
3,2529,178.018723,315.485840,178.014041,315.477228,124
3,2530,112.104752,277.530823,112.113238,277.530105,124
3,2531,177.975250,277.455505,177.970654,277.455628,124
3,2532,112.148262,315.561188,112.156037,315.554740,124
3,2533,167.062042,334.513611,167.059476,334.502039,124
3,2534,123.061401,258.503082,123.067817,258.505692,124
3,2535,166.975067,258.452850,166.972884,258.457009,124
3,2536,123.148384,334.563812,123.153587,334.554668,124
3,2537,188.975372,296.458130,188.967995,296.453701,124
3,2538,101.148048,296.558563,101.157663,296.555038,124
3,2539,156.105377,353.541321,156.104063,353.528782,124
3,2540,134.018051,239.475372,134.021691,239.481064,124
3,2541,155.974884,239.450256,155.974458,239.457205,124
3,2542,134.148544,353.566437,134.150682,353.555542,124
3,2543,199.975555,315.460754,199.965363,315.452031,124
3,2544,90.147896,277.555939,90.158421,277.554891,124
3,2545,199.932083,277.430359,199.921747,277.430639,124
3,2546,90.191399,315.586304,90.201043,315.581086,124
3,2547,189.018875,334.488464,189.011326,334.476440,124
3,2548,101.104538,258.528198,101.113563,258.529736,124
3,2549,188.931900,258.427734,188.924288,258.432304,124
3,2550,101.191559,334.588928,101.198993,334.581605,124
3,2551,178.062241,353.516235,178.056728,353.502687,124
3,2552,112.061249,239.500473,112.067894,239.504574,124
3,2553,177.931747,239.425140,177.926471,239.432907,124
3,2554,112.191711,353.591553,112.196283,353.582908,124
3,2555,210.932205,296.433014,210.919096,296.428687,124
3,2556,79.191185,296.583679,79.202181,296.580643,124
3,2557,145.148697,372.569061,145.147607,372.558122,124
3,2558,144.974701,220.447617,144.975155,220.455444,124
3,2559,144.974701,220.447617,144.975155,220.455444,124
3,2560,145.148697,372.569061,145.147607,372.558122,124
3,2561,210.975708,334.463348,210.963064,334.451437,124
3,2562,79.147682,258.553314,79.158084,258.553691,124
3,2563,210.888733,258.402649,210.875558,258.407294,124
3,2564,79.234695,334.614044,79.243178,334.608894,124
3,2565,221.932388,315.435638,221.916837,315.427198,124
3,2566,68.191032,277.581055,68.202399,277.579652,124
3,2567,221.888916,277.405273,221.872982,277.405583,124
3,2568,68.234543,315.611389,68.244861,315.607625,124
3,2569,200.019058,353.491089,200.009043,353.477306,124
3,2570,90.104385,239.525589,90.112867,239.527830,124
3,2571,199.888580,239.400024,199.878101,239.408119,124
3,2572,90.234848,353.616669,90.240729,353.610723,124
3,2573,167.105560,372.543945,167.101257,372.531393,124
3,2574,123.017899,220.472733,123.021540,220.478649,124
3,2575,166.931564,220.422501,166.927965,220.431703,124
3,2576,123.191895,372.594177,123.193203,372.585658,124
3,2577,189.062393,372.518829,189.054409,372.505555,124
3,2578,101.061096,220.497849,101.066871,220.501413,124
3,2579,188.888397,220.397400,188.880228,220.407318,124
3,2580,101.235062,372.619293,101.237776,372.613822,124
3,2581,232.889038,296.407898,232.870666,296.403780,124
3,2582,57.234329,296.608765,57.245591,296.606342,124
3,2583,156.148849,391.571686,156.144726,391.563193,124
3,2584,133.974548,201.445007,133.974858,201.451245,124
3,2585,155.931381,201.419891,155.928587,201.428107,124
3,2586,134.192017,391.596802,134.189985,391.590639,124
3,2587,232.932541,334.438263,232.915314,334.427048,124
3,2588,57.190819,258.578430,57.201541,258.577558,124
3,2589,232.845566,258.377533,232.827320,258.381940,124
3,2590,57.277832,334.639160,57.286336,334.636398,124
3,2591,221.975891,353.465973,221.961593,353.452770,124
3,2592,68.147530,239.550705,68.156738,239.550906,124
3,2593,221.845398,239.374924,221.829935,239.382794,124
3,2594,68.277992,353.641785,68.284125,353.638909,124
3,2595,243.889221,315.410492,243.869150,315.402724,124
3,2596,46.234173,277.606171,46.245431,277.604442,124
3,2597,243.845749,277.380157,243.825046,277.380415,124
3,2598,46.277679,315.636536,46.287753,315.634341,124
3,2599,211.019226,372.493713,211.007574,372.480675,124
3,2600,79.104233,220.522949,79.111076,220.523835,124
3,2601,210.845215,220.372284,210.832462,220.382186,124
3,2602,79.278198,372.644379,79.281316,372.642510,124
3,2603,178.105713,391.546570,178.098947,391.536774,124
3,2604,112.017738,201.470108,112.020285,201.473731,124
3,2605,177.888229,201.394775,177.881730,201.404218,124
3,2606,112.235214,391.621918,112.234468,391.618912,124
3,2607,200.062546,391.521454,200.052991,391.511484,124
3,2608,90.060883,201.495224,90.064686,201.495736,124
3,2609,199.845062,201.369659,199.834641,201.379433,124
3,2610,90.278358,391.647003,90.278005,391.647880,124
3,2611,254.845901,296.382782,254.823473,296.379042,124
3,2612,35.277466,296.633911,35.288259,296.632153,124
3,2613,145.192169,410.599426,145.187086,410.598628,124
3,2614,144.931198,182.417267,144.928203,182.421560,124
3,2615,144.931198,182.417267,144.928203,182.421560,124
3,2616,145.192169,410.599426,145.187086,410.598628,124
3,2617,243.932724,353.440887,243.915054,353.429112,124
3,2618,46.190666,239.575806,46.199775,239.573884,124
3,2619,243.802231,239.349792,243.782654,239.356849,124
3,2620,46.321129,353.666870,46.326744,353.667349,124
3,2621,254.889404,334.413116,254.868841,334.403285,124
3,2622,35.233959,258.603546,35.244305,258.601428,124
3,2623,254.802414,258.352448,254.780342,258.356211,124
3,2624,35.320972,334.664246,35.328840,334.664062,124
3,2625,232.976044,372.468597,232.961365,372.456901,124
3,2626,57.147373,220.548080,57.154388,220.546074,124
3,2627,232.802048,220.347168,232.785281,220.356244,124
3,2628,57.321342,372.669495,57.324037,372.671574,124
3,2629,167.149033,410.574280,167.142483,410.571560,124
3,2630,122.974388,182.442368,122.973473,182.444046,124
3,2631,166.888046,182.392151,166.882353,182.398212,124
3,2632,123.235374,410.624542,123.231190,410.626734,124
3,2633,265.846069,315.385406,265.823120,315.378687,124
3,2634,24.277370,277.631287,24.288053,277.629318,124
3,2635,265.802612,277.355042,265.778760,277.355123,124
3,2636,24.320877,315.661652,24.330256,315.661124,124
3,2637,222.019379,391.496368,222.007428,391.487439,124
3,2638,68.104019,201.520355,68.108208,201.517401,124
3,2639,221.801895,201.344559,221.787892,201.353675,124
3,2640,68.321495,391.672150,68.320749,391.677399,124
3,2641,189.105865,410.549194,189.097610,410.545754,124
3,2642,101.017586,182.467484,101.017937,182.465863,124
3,2643,188.844879,182.367050,188.836160,182.373881,124
3,2644,101.278572,410.649628,101.274579,410.655727,124
3,2645,211.062698,410.524078,211.052957,410.521326,124
3,2646,79.060722,182.492599,79.061547,182.487162,124
3,2647,210.801712,182.341919,210.790121,182.348403,124
3,2648,79.321709,410.674774,79.317213,410.685437,124
3,2649,276.802734,296.357666,276.778302,296.354449,124
3,2650,13.320664,296.659027,13.330835,296.658006,124
3,2651,156.192352,429.602051,156.184925,429.610409,124
3,2652,133.931061,163.414642,133.926821,163.411615,124
3,2653,155.887894,163.389526,155.882033,163.388824,124
3,2654,134.235519,429.627136,134.228316,429.638049,124
3,2655,265.889587,353.415771,265.870240,353.406390,124
3,2656,24.233864,239.600922,24.242522,239.596885,124
3,2657,265.759094,239.324677,265.737071,239.330251,124
3,2658,24.364326,353.692017,24.369138,353.695944,124
3,2659,254.932907,372.443512,254.916533,372.434283,124
3,2660,35.190510,220.573196,35.197190,220.568251,124
3,2661,254.758911,220.322067,254.739444,220.329436,124
3,2662,35.364479,372.694641,35.366330,372.700881,124
3,2663,276.846222,334.388031,276.824424,334.380242,124
3,2664,13.277157,258.628662,13.287028,258.625399,124
3,2665,276.759247,258.327301,276.735404,258.330049,124
3,2666,13.364171,334.689362,13.371348,334.691793,124
3,2667,243.976212,391.471222,243.962916,391.464714,124
3,2668,46.147160,201.545456,46.151140,201.538881,124
3,2669,243.758728,201.319443,243.742148,201.326821,124
3,2670,46.364635,391.697266,46.363001,391.707220,124
3,2671,178.149216,429.576904,178.141300,429.584034,124
3,2672,111.974236,163.439758,111.971023,163.433505,124
3,2673,177.844757,163.364426,177.836922,163.364975,124
3,2674,112.278725,429.652252,112.271252,429.666780,124
3,2675,287.802917,315.360291,287.779575,315.355078,124
3,2676,2.320510,277.656403,2.330861,277.654251,124
3,2677,287.759430,277.329926,287.734950,277.329665,124
3,2678,2.364017,315.686737,2.372967,315.687951,124
3,2679,233.019531,410.498993,233.009112,410.498411,124
3,2680,57.103867,182.517715,57.104561,182.508171,124
3,2681,232.758545,182.316803,232.744831,182.321674,124
3,2682,57.364849,410.699860,57.359364,410.715586,124
3,2683,200.106049,429.551819,200.097760,429.559163,124
3,2684,90.017372,163.464874,90.014546,163.454726,124
3,2685,199.801590,163.339310,199.791812,163.339872,124
3,2686,90.321861,429.677399,90.313592,429.696409,124
3,2687,145.235687,448.629761,145.226268,448.653617,124
3,2688,144.887711,144.386902,144.880677,144.375647,124
3,2689,144.887711,144.386902,144.880677,144.375647,124
3,2690,145.235687,448.629761,145.226268,448.653617,124
3,2691,276.889740,372.418396,276.873847,372.412889,124
3,2692,13.233708,220.598297,13.240151,220.590503,124
3,2693,276.715759,220.296951,276.695718,220.301687,124
3,2694,13.407678,372.719727,13.408872,372.730201,124
3,2695,287.846436,353.390656,287.827968,353.384623,124
3,2696,2.277003,239.626038,2.285585,239.620035,124
3,2697,287.715942,239.299576,287.694007,239.302972,124
3,2698,2.407465,353.717102,2.411918,353.724497,124
3,2699,265.933075,391.446106,265.920253,391.443460,124
3,2700,24.190357,201.570572,24.194046,201.560386,124
3,2701,265.715576,201.294342,265.698209,201.298818,124
3,2702,24.407833,391.722351,24.405335,391.737164,124
3,2703,222.062881,429.526703,222.054846,429.535931,124
3,2704,68.060516,163.489990,68.057535,163.475486,124
3,2705,221.758423,163.314194,221.747255,163.313393,124
3,2706,68.365005,429.702484,68.355525,429.726636,124
3,2707,167.192535,448.604675,167.183927,448.626769,124
3,2708,122.930908,144.412018,122.924395,144.397928,124
3,2709,166.844574,144.361786,166.836703,144.352250,124
3,2710,123.278877,448.654877,123.268464,448.681771,124
3,2711,298.759583,296.332550,298.736136,296.329974,124
3,2712,13.320664,296.659027,13.330835,296.658006,124
3,2713,298.803101,334.362915,298.783044,334.357922,124
3,2714,13.277157,258.628662,13.287028,258.625399,124
3,2715,298.716125,258.302185,298.693488,258.303486,124
3,2716,13.364171,334.689362,13.371348,334.691793,124
3,2717,254.976395,410.473877,254.966810,410.477124,124
3,2718,35.147003,182.542816,35.147388,182.529072,124
3,2719,254.715408,182.291702,254.701028,182.293598,124
3,2720,35.407986,410.724976,35.401452,410.745968,124
3,2721,189.149368,448.579559,189.141637,448.601450,124
3,2722,100.974075,144.437134,100.967637,144.419344,124
3,2723,188.801407,144.336685,188.792679,144.327561,124
3,2724,101.322014,448.679993,101.310279,448.711020,124
3,2725,309.759735,315.335175,309.739509,315.331883,124
3,2726,2.320510,277.656403,2.330861,277.654251,124
3,2727,309.716278,277.304810,309.694612,277.304089,124
3,2728,2.364017,315.686737,2.372967,315.687951,124
3,2729,244.019714,429.501556,244.013193,429.514455,124
3,2730,46.103653,163.515091,46.100312,163.496013,124
3,2731,243.715256,163.289078,243.703889,163.285374,124
3,2732,46.408142,429.727600,46.397383,429.757223,124
3,2733,211.106201,448.554443,211.099855,448.577856,124
3,2734,79.017220,144.462234,79.010444,144.440114,124
3,2735,210.758240,144.311569,210.749073,144.301366,124
3,2736,79.365158,448.705109,79.351826,448.741038,124
3,2737,156.235870,467.632385,156.225533,467.674191,124
3,2738,133.887558,125.384270,133.878404,125.358395,124
3,2739,155.844391,125.359154,155.835544,125.335383,124
3,2740,134.279037,467.657501,134.266638,467.701433,124
3,2741,298.846619,372.393250,298.834275,372.392753,124
3,2742,13.233708,220.598297,13.240151,220.590503,124
3,2743,298.672607,220.271820,298.655077,220.272913,124
3,2744,13.407678,372.719727,13.408872,372.730201,124
3,2745,287.889893,391.421021,287.880242,391.423727,124
3,2746,2.233496,201.595673,2.237551,201.582086,124
3,2747,287.672424,201.269211,287.656883,201.269562,124
3,2748,2.450972,391.747467,2.448388,391.767008,124
3,2749,309.803253,353.365540,309.789227,353.363913,124
3,2750,2.277003,239.626038,2.285585,239.620035,124
3,2751,309.672760,239.274475,309.654451,239.274961,124
3,2752,2.407465,353.717102,2.411918,353.724497,124
3,2753,276.933228,410.448730,276.926797,410.457542,124
3,2754,13.190202,182.567932,13.190722,182.550127,124
3,2755,276.672241,182.266586,276.659465,182.264052,124
3,2756,13.451184,410.750122,13.444185,410.776352,124
3,2757,178.192719,467.607300,178.184582,467.648481,124
3,2758,111.930786,125.409378,111.921130,125.380309,124
3,2759,177.801254,125.334045,177.792717,125.311058,124
3,2760,112.322227,467.682617,112.307715,467.729972,124
3,2761,233.063034,448.529327,233.059140,448.556137,124
3,2762,57.060356,144.487350,57.053083,144.460535,124
3,2763,232.715073,144.286438,232.706451,144.273516,124
3,2764,57.408295,448.730225,57.393357,448.771563,124
3,2765,320.716400,296.307434,320.697893,296.305677,124
3,2766,13.320664,296.659027,13.330835,296.658006,124
3,2767,320.759888,334.337799,320.745613,334.336353,124
3,2768,13.277157,258.628662,13.287028,258.625399,124
3,2769,320.672913,258.277100,320.655507,258.276472,124
3,2770,13.364171,334.689362,13.371348,334.691793,124
3,2771,265.976562,429.476471,265.973572,429.494922,124
3,2772,24.146851,163.540207,24.143470,163.516598,124
3,2773,265.672119,163.263977,265.662495,163.255724,124
3,2774,200.149551,467.582153,200.144066,467.624510,124
3,2775,89.973923,125.434494,89.963551,125.401422,124
3,2776,199.758087,125.308929,199.750216,125.285171,124
3,2777,331.716583,315.310059,331.703958,315.309176,124
3,2778,2.320510,277.656403,2.330861,277.654251,124
3,2779,331.673096,277.279724,331.658783,277.278358,124
3,2780,2.364017,315.686737,2.372967,315.687951,124
3,2781,35.103497,144.512451,35.095998,144.480869,124
3,2782,254.671936,144.261337,254.665525,144.243877,124
3,2783,68.017067,125.459618,68.005912,125.422010,124
3,2784,221.714920,125.283829,221.708554,125.257552,124
3,2785,144.844208,106.356544,144.833524,106.314200,124
3,2786,144.844208,106.356544,144.833524,106.314200,124
3,2787,309.846741,391.395905,309.843856,391.405588,124
3,2788,2.233496,201.595673,2.237551,201.582086,124
3,2789,309.629242,201.244095,309.619145,201.239004,124
3,2790,2.450972,391.747467,2.448388,391.767008,124
3,2791,320.803406,372.368164,320.798721,372.373985,124
3,2792,13.233708,220.598297,13.240151,220.590503,124
3,2793,320.629395,220.246719,320.618426,220.243125,124
3,2794,13.407678,372.719727,13.408872,372.730201,124
3,2795,13.190202,182.567932,13.190722,182.550127,124
3,2796,298.629089,182.241486,298.621097,182.232982,124
3,2797,13.451184,410.750122,13.444185,410.776352,124
3,2798,122.887405,106.381653,122.875349,106.336966,124
3,2799,166.801071,106.331429,166.791870,106.290123,124
3,2800,2.277003,239.626038,2.285585,239.620035,124
3,2801,331.629578,239.249359,331.619434,239.246170,124
3,2802,2.407465,353.717102,2.411918,353.724497,124
3,2803,287.628937,163.238861,287.623859,163.224308,124
3,2804,188.757904,106.306320,188.750553,106.264503,124
3,2805,243.671753,125.258705,243.668342,125.227994,124
3,2806,13.320664,296.659027,13.330835,296.658006,124
3,2807,13.277157,258.628662,13.287028,258.625399,124
3,2808,98.476479,296.653687,98.482342,296.649765,125
3,2809,109.437408,315.588470,109.441079,315.581544,125
3,2810,87.515594,277.718933,87.522837,277.717638,125
3,2811,109.394058,277.693878,109.398041,277.693061,125
3,2812,87.558952,315.613495,87.565692,315.607472,125
3,2813,120.354912,296.628693,120.356932,296.624579,125
3,2814,76.598015,296.678711,76.606475,296.675058,125
3,2815,98.519829,334.548248,98.524092,334.540098,125
3,2816,98.433128,258.759125,98.438191,258.760662,125
3,2817,98.433128,258.759125,98.438191,258.760662,125
3,2818,98.519829,334.548248,98.524092,334.540098,125
3,2819,131.315796,315.563446,131.315209,315.555882,125
3,2820,65.637131,277.743958,65.646383,277.742166,125
3,2821,131.272461,277.668884,131.272004,277.668466,125
3,2822,65.680489,315.638489,65.689070,315.633625,125
3,2823,120.398262,334.523254,120.399144,334.513713,125
3,2824,76.554665,258.784149,76.562284,258.784487,125
3,2825,120.311584,258.734100,120.312894,258.736693,125
3,2826,76.641365,334.573303,76.647835,334.566895,125
3,2827,142.233322,296.603638,142.230405,296.599477,125
3,2828,54.719551,296.703735,54.729392,296.700449,125
3,2829,109.480705,353.483063,109.481980,353.473712,125
3,2830,87.472244,239.824356,87.477372,239.826713,125
3,2831,109.350708,239.799332,109.352881,239.803453,125
3,2832,87.602242,353.508087,87.605927,353.500902,125
3,2833,153.194229,315.538422,153.188474,315.530494,125
3,2834,43.758671,277.768951,43.768814,277.766699,125
3,2835,153.150894,277.643860,153.145061,277.643802,125
3,2836,43.802025,315.663544,43.811351,315.659987,125
3,2837,142.276672,334.498230,142.273144,334.487781,125
3,2838,54.676197,258.809174,54.685208,258.808171,125
3,2839,142.189987,258.709076,142.186490,258.712496,125
3,2840,54.762901,334.598328,54.770441,334.593969,125
3,2841,131.359146,353.458008,131.356958,353.447060,125
3,2842,65.593781,239.849380,65.600718,239.849711,125
3,2843,131.229111,239.774307,131.227245,239.779855,125
3,2844,65.723778,353.533081,65.728775,353.528552,125
3,2845,164.111786,296.578613,164.103182,296.574524,125
3,2846,32.841087,296.728760,32.851335,296.725958,125
3,2847,98.563179,372.442841,98.563659,372.436424,125
3,2848,98.389832,220.864563,98.391823,220.868119,125
3,2849,98.389832,220.864563,98.391823,220.868119,125
3,2850,98.563179,372.442841,98.563659,372.436424,125
3,2851,164.155136,334.473206,164.146506,334.462366,125
3,2852,32.797737,258.834198,32.807208,258.831808,125
3,2853,164.068451,258.684052,164.059426,258.687992,125
3,2854,32.884438,334.623322,32.892161,334.621264,125
3,2855,175.072693,315.513397,175.061256,315.505470,125
3,2856,21.880266,277.794006,21.890543,277.791296,125
3,2857,175.029358,277.618835,175.017625,277.619048,125
3,2858,21.923618,315.688568,21.932949,315.686452,125
3,2859,153.237579,353.433014,153.231125,353.421103,125
3,2860,43.715321,239.874405,43.723066,239.872534,125
3,2861,153.107544,239.749298,153.100790,239.755823,125
3,2862,43.845318,353.558105,43.850676,353.556546,125
3,2863,120.441612,372.417816,120.439700,372.409047,125
3,2864,76.511368,220.889572,76.515457,220.890599,125
3,2865,120.268234,220.839523,120.267086,220.845187,125
3,2866,76.684715,372.467865,76.686602,372.464442,125
3,2867,142.320023,372.392792,142.314861,372.382415,125
3,2868,54.632904,220.914597,54.638096,220.912787,125
3,2869,142.146637,220.814499,142.141445,220.821700,125
3,2870,54.806252,372.492859,54.808614,372.492953,125
3,2871,185.990219,296.553619,185.975667,296.549697,125
3,2872,10.962681,296.753784,10.972833,296.751515,125
3,2873,109.524055,391.377625,109.521238,391.374249,125
3,2874,87.428894,201.929779,87.429609,201.930155,125
3,2875,109.307358,201.904755,109.305884,201.907926,125
3,2876,87.645592,391.402618,87.644068,391.402386,125
3,2877,186.033569,334.448181,186.019630,334.437496,125
3,2878,10.919331,258.859222,10.928819,258.855499,125
3,2879,185.946884,258.659027,185.932102,258.663192,125
3,2880,11.006033,334.648346,11.013530,334.648686,125
3,2881,175.116043,353.407990,175.104911,353.395897,125
3,2882,21.836914,239.899414,21.844836,239.895302,125
3,2883,174.986008,239.724274,174.973921,239.731265,125
3,2884,21.966911,353.583160,21.972056,353.584782,125
3,2885,196.951126,315.488373,196.934062,315.480811,125
3,2886,0.001803,277.819031,0.012048,277.815930,125
3,2887,196.907791,277.593811,196.890201,277.594156,125
3,2888,0.045155,315.713562,0.054343,315.712993,125
3,2889,164.198486,372.367767,164.189538,372.356708,125
3,2890,32.754440,220.939636,32.760001,220.934810,125
3,2891,164.025101,220.789490,164.015274,220.797564,125
3,2892,32.927788,372.517914,32.929966,372.521825,125
3,2893,131.402466,391.352600,131.397539,391.346954,125
3,2894,65.550430,201.954819,65.552418,201.951906,125
3,2895,131.185760,201.879745,131.181221,201.885077,125
3,2896,65.767128,391.427673,65.766060,391.431218,125
3,2897,153.280899,391.327545,153.273272,391.320631,125
3,2898,43.671970,201.979828,43.674476,201.973339,125
3,2899,153.064194,201.854706,153.055927,201.861435,125
3,2900,43.888668,391.452698,43.887387,391.460497,125
3,2901,207.868652,296.528595,207.848520,296.524999,125
3,2902,10.962681,296.753784,10.972833,296.751515,125
3,2903,98.606529,410.337402,98.601617,410.343158,125
3,2904,98.346481,182.969986,98.343599,182.967565,125
3,2905,98.346481,182.969986,98.343599,182.967565,125
3,2906,98.606529,410.337402,98.601617,410.343158,125
3,2907,196.994476,353.382935,196.978810,353.371493,125
3,2908,196.864441,239.699234,196.847137,239.706130,125
3,2909,0.088448,353.608154,0.093412,353.613065,125
3,2910,207.912003,334.423157,207.893169,334.413279,125
3,2911,10.919331,258.859222,10.928819,258.855499,125
3,2912,207.825317,258.634003,207.805176,258.638027,125
3,2913,11.006033,334.648346,11.013530,334.648686,125
3,2914,186.076920,372.342743,186.064116,372.332006,125
3,2915,10.876036,220.964645,10.881720,220.956806,125
3,2916,185.903534,220.764465,185.888962,220.772667,125
3,2917,11.049384,372.542938,11.051214,372.550823,125
3,2918,120.484940,410.312378,120.479099,410.315187,125
3,2919,76.468018,182.994995,76.466397,182.989118,125
3,2920,120.224884,182.944962,120.219973,182.945328,125
3,2921,76.728065,410.362457,76.723397,410.372018,125
3,2922,218.829559,315.463379,218.807613,315.456543,125
3,2923,0.001803,277.819031,0.012048,277.815930,125
3,2924,218.786224,277.568787,218.763515,277.569165,125
3,2925,0.045155,315.713562,0.054343,315.712993,125
3,2926,175.159363,391.302551,175.148817,391.295480,125
3,2927,21.793564,202.004852,21.796226,201.994667,125
3,2928,174.942657,201.829697,174.930390,201.836898,125
3,2929,22.010262,391.477692,22.008505,391.490042,125
3,2930,142.363342,410.287384,142.356008,410.288277,125
3,2931,54.589554,183.020035,54.588503,183.010217,125
3,2932,142.103287,182.919937,142.095694,182.922255,125
3,2933,54.849606,410.387451,54.844585,410.401491,125
3,2934,164.241806,410.262329,164.232686,410.262579,125
3,2935,32.711090,183.045044,32.710205,183.031051,125
3,2936,163.981750,182.894913,163.971114,182.898149,125
3,2937,32.971142,410.412476,32.965481,410.431366,125
3,2938,229.747086,296.503540,229.722499,296.500407,125
3,2939,10.962681,296.753784,10.972833,296.751515,125
3,2940,109.567406,429.272186,109.559517,429.287553,125
3,2941,87.385544,164.035217,87.380233,164.023722,125
3,2942,109.264008,164.010193,109.257677,164.002051,125
3,2943,87.688942,429.297211,87.680845,429.316142,125
3,2944,218.872910,353.357910,218.853535,353.348018,125
3,2945,218.742874,239.674225,218.721152,239.680370,125
3,2946,0.088448,353.608154,0.093412,353.613065,125
3,2947,207.955353,372.317719,207.939234,372.308378,125
3,2948,10.876036,220.964645,10.881720,220.956806,125
3,2949,207.781967,220.739441,207.763152,220.746907,125
3,2950,11.049384,372.542938,11.051214,372.550823,125
3,2951,229.790436,334.398132,229.767876,334.389731,125
3,2952,10.919331,258.859222,10.928819,258.855499,125
3,2953,229.703766,258.609009,229.679401,258.612459,125
3,2954,11.006033,334.648346,11.013530,334.648686,125
3,2955,197.037796,391.277527,197.024648,391.271602,125
3,2956,196.821091,201.804672,196.805088,201.811320,125
3,2957,0.131800,391.502716,0.129933,391.519626,125
3,2958,131.445816,429.247162,131.437671,429.260063,125
3,2959,65.507080,164.060242,65.502224,164.044742,125
3,2960,131.142441,163.985168,131.134532,163.979516,125
3,2961,65.810486,429.322235,65.801721,429.345528,125
3,2962,240.707993,315.438324,240.682722,315.432660,125
3,2963,0.001803,277.819031,0.012048,277.815930,125
3,2964,240.664673,277.543762,240.638379,277.544032,125
3,2965,0.045155,315.713562,0.054343,315.712993,125
3,2966,186.120239,410.237305,186.109492,410.238315,125
3,2967,10.832685,183.070068,10.832076,183.051886,125
3,2968,185.860184,182.869904,185.846597,182.872888,125
3,2969,11.092735,410.437531,11.086672,410.461411,125
3,2970,153.324249,429.222137,153.315576,429.233867,125
3,2971,43.628616,164.085266,43.623848,164.065343,125
3,2972,153.020874,163.960144,153.011020,163.955884,125
3,2973,43.932018,429.347260,43.922354,429.375473,125
3,2974,98.649826,448.231995,98.638849,448.264358,125
3,2975,98.303131,145.075409,98.294411,145.054908,125
3,2976,98.303131,145.075409,98.294411,145.054908,125
3,2977,98.649826,448.231995,98.638849,448.264358,125
3,2978,229.833786,372.292694,229.815630,372.285969,125
3,2979,10.876036,220.964645,10.881720,220.956806,125
3,2980,229.660400,220.714417,229.638587,220.720220,125
3,2981,11.049384,372.542938,11.051214,372.550823,125
3,2982,240.751343,353.332916,240.729891,353.325506,125
3,2983,240.621307,239.649200,240.596774,239.653902,125
3,2984,0.088448,353.608154,0.093412,353.613065,125
3,2985,218.916229,391.252502,218.901461,391.249111,125
3,2986,218.699524,201.779648,218.680723,201.784625,125
3,2987,0.131800,391.502716,0.129933,391.519626,125
3,2988,175.202713,429.197083,175.193581,429.209136,125
3,2989,21.750212,164.110291,21.745580,164.085821,125
3,2990,174.899338,163.935120,174.887527,163.930995,125
3,2991,22.053614,429.372253,22.043236,429.405685,125
3,2992,120.528290,448.206940,120.518259,448.236369,125
3,2993,76.424667,145.100433,76.416073,145.076138,125
3,2994,120.181564,145.050385,120.172348,145.032814,125
3,2995,76.771362,448.256989,76.759190,448.293343,125
3,2996,251.625549,296.478546,251.598500,296.475982,125
3,2997,10.962681,296.753784,10.972833,296.751515,125
3,2998,251.668900,334.373108,251.644643,334.366865,125
3,2999,10.919331,258.859222,10.928819,258.855499,125
3,3000,251.582214,258.583984,251.555669,258.586456,125
3,3001,11.006033,334.648346,11.013530,334.648686,125
3,3002,207.998672,410.212311,207.987043,410.215602,125
3,3003,10.832685,183.070068,10.832076,183.051886,125
3,3004,207.738617,182.844864,207.722766,182.846309,125
3,3005,11.092735,410.437531,11.086672,410.461411,125
3,3006,142.406693,448.181915,142.397431,448.209703,125
3,3007,54.546204,145.125458,54.537475,145.096803,125
3,3008,142.059967,145.025375,142.049965,145.009634,125
3,3009,54.892899,448.282013,54.879409,448.323060,125
3,3010,262.586456,315.413300,262.560334,315.409241,125
3,3011,0.001803,277.819031,0.012048,277.815930,125
3,3012,262.543121,277.518738,262.515738,277.518743,125
3,3013,0.045155,315.713562,0.054343,315.712993,125
3,3014,197.081146,429.172089,197.072130,429.186109,125
3,3015,196.777771,163.910095,196.764507,163.904652,125
3,3016,0.175151,429.397278,0.164925,429.435849,125
3,3017,164.285156,448.156921,164.276726,448.184573,125
3,3018,32.667740,145.150467,32.658944,145.117174,125
3,3019,163.938431,145.000336,163.927608,144.985112,125
3,3020,33.014435,448.307068,32.999848,448.353219,125
3,3021,87.342247,126.140625,87.330369,126.103706,125
3,3022,109.220711,126.115601,109.209298,126.081905,125
3,3023,251.712250,372.267670,251.694185,372.264828,125
3,3024,10.876036,220.964645,10.881720,220.956806,125
3,3025,251.538864,220.689392,251.516149,220.692552,125
3,3026,11.049384,372.542938,11.051214,372.550823,125
3,3027,240.794662,391.227478,240.780041,391.228082,125
3,3028,240.577957,201.754623,240.558085,201.756689,125
3,3029,0.131800,391.502716,0.129933,391.519626,125
3,3030,262.629791,353.307892,262.608815,353.304012,125
3,3031,262.499786,239.624161,262.474940,239.626692,125
3,3032,0.088448,353.608154,0.093412,353.613065,125
3,3033,229.877106,410.187286,229.866053,410.194571,125
3,3034,10.832685,183.070068,10.832076,183.051886,125
3,3035,229.617050,182.819839,229.600343,182.818305,125
3,3036,11.092735,410.437531,11.086672,410.461411,125
3,3037,65.463783,126.165657,65.451354,126.124741,125
3,3038,131.099091,126.090584,131.088019,126.059055,125
3,3039,10.789333,145.175507,10.781094,145.137598,125
3,3040,185.816864,144.975327,185.805608,144.959072,125
3,3041,273.503967,296.453522,273.477429,296.451697,125
3,3042,10.962681,296.753784,10.972833,296.751515,125
3,3043,10.919331,258.859222,10.928819,258.855499,125
3,3044,273.460663,258.558929,273.434886,258.559959,125
3,3045,11.006033,334.648346,11.013530,334.648686,125
3,3046,218.656204,163.885086,218.642633,163.876733,125
3,3047,0.175151,429.397278,0.164925,429.435849,125
3,3048,43.585323,126.190674,43.572494,126.145320,125
3,3049,152.977524,126.065552,152.966828,126.034859,125
3,3050,0.001803,277.819031,0.012048,277.815930,125
3,3051,0.045155,315.713562,0.054343,315.712993,125
3,3052,10.789333,145.175507,10.781094,145.137598,125
3,3053,10.876036,220.964645,10.881720,220.956806,125
3,3054,10.832685,183.070068,10.832076,183.051886,125
3,3055,727.641174,453.437805,727.921868,453.545037,129
3,3056,733.487366,443.285095,738.267350,435.557387,129
3,3057,739.356812,453.424377,748.667402,453.529538,129
3,3058,387.526031,236.709152,387.505318,236.713950,136
3,3059,397.997986,254.799301,397.976994,254.801491,136
3,3060,377.054108,218.619003,377.035774,218.626249,136
3,3061,397.956573,218.595093,397.936884,218.600346,136
3,3062,377.095490,254.823196,377.077055,254.824210,136
3,3063,408.428528,236.685257,408.408563,236.689310,136
3,3064,366.623535,236.733063,366.607491,236.737901,136
3,3065,387.567444,272.913330,387.548747,272.911411,136
3,3066,387.484619,200.504974,387.467380,200.510259,136
3,3067,387.484619,200.504974,387.467380,200.510259,136
3,3068,387.567444,272.913330,387.548747,272.911411,136
3,3069,418.900482,254.775375,418.883234,254.778566,136
3,3070,356.151581,218.642914,356.139192,218.650979,136
3,3071,418.859100,218.571198,418.844400,218.573233,136
3,3072,356.192993,254.847092,356.181635,254.846766,136
3,3073,408.469910,272.889435,408.451681,272.890425,136
3,3074,366.582123,200.528870,366.567509,200.536943,136
3,3075,408.387146,200.481064,408.372783,200.481859,136
3,3076,366.664978,272.937225,366.651230,272.932744,136
3,3077,429.331024,236.661331,429.319050,236.663926,136
3,3078,345.721039,236.756973,345.713329,236.761214,136
3,3079,398.039398,291.003479,398.023477,291.001061,136
3,3080,377.012695,182.414810,376.999205,182.417545,136
3,3081,397.915161,182.390915,397.903310,182.388330,136
3,3082,377.136902,291.027374,377.122930,291.020661,136
3,3083,439.802979,254.751465,439.797642,254.755476,136
3,3084,335.249054,218.666824,335.245524,218.674582,136
3,3085,439.761566,218.547302,439.760097,218.544858,136
3,3086,335.290466,254.871017,335.289029,254.869206,136
3,3087,429.372437,272.865540,429.361863,272.869789,136
3,3088,345.679626,200.552780,345.671405,200.562010,136
3,3089,429.289612,200.457153,429.285442,200.451709,136
3,3090,345.762451,272.961151,345.757316,272.954452,136
3,3091,418.941895,290.979584,418.930325,290.982337,136
3,3092,356.110168,182.438736,356.099781,182.444621,136
3,3093,418.817657,182.367004,418.813870,182.356864,136
3,3094,356.234375,291.051300,356.226875,291.041148,136
3,3095,450.233551,236.637436,450.238708,236.637828,136
3,3096,324.818542,236.780884,324.821270,236.783919,136
3,3097,387.608826,309.117554,387.597624,309.112115,136
3,3098,387.443207,164.300781,387.435199,164.291255,136
3,3099,387.443207,164.300781,387.435199,164.291255,136
3,3100,387.608826,309.117554,387.597624,309.112115,136
3,3101,450.274933,272.841614,450.281145,272.849476,136
3,3102,324.777130,200.576675,324.777523,200.585519,136
3,3103,450.192139,200.433243,450.207353,200.419734,136
3,3104,324.859955,272.985046,324.865464,272.976482,136
3,3105,460.705475,254.727570,460.722186,254.732188,136
3,3106,314.346588,218.690720,314.353279,218.697140,136
3,3107,460.664062,218.523376,460.685933,218.515175,136
3,3108,314.388000,254.894928,314.397758,254.891499,136
3,3109,439.844391,290.955688,439.845345,290.964505,136
3,3110,335.207642,182.462631,335.203418,182.469629,136
3,3111,439.720184,182.343094,439.732749,182.323093,136
3,3112,335.331879,291.075195,335.333658,291.062447,136
3,3113,408.511353,309.093628,408.502115,309.094756,136
3,3114,366.540741,164.324677,366.531602,164.320897,136
3,3115,408.345734,164.276871,408.344499,164.258921,136
3,3116,366.706360,309.141449,366.698609,309.130833,136
3,3117,429.413849,309.069702,429.413823,309.078844,136
3,3118,345.638214,164.348587,345.631916,164.347984,136
3,3119,429.248199,164.252960,429.261172,164.223831,136
3,3120,345.803833,309.165344,345.803228,309.150900,136
3,3121,471.136017,236.613541,471.169422,236.610975,136
3,3122,303.916046,236.804779,303.929797,236.806052,136
3,3123,398.080811,327.207672,398.076349,327.208648,136
3,3124,376.971252,146.210632,376.967733,146.189332,136
3,3125,397.873779,146.186722,397.876533,146.156532,136
3,3126,377.178314,327.231567,377.173356,327.225080,136
3,3127,471.177429,272.817719,471.211528,272.829548,136
3,3128,303.874634,200.600586,303.884363,200.607596,136
3,3129,303.957458,273.008972,303.974150,272.998862,136
3,3130,460.746918,290.931763,460.770506,290.947554,136
3,3131,314.305176,182.486542,314.308647,182.492713,136
3,3132,314.429413,291.099091,314.441775,291.084565,136
3,3133,293.444092,218.714645,293.460934,218.718761,136
3,3134,293.485504,254.918823,293.506290,254.913703,136
3,3135,324.735718,164.372498,324.734649,164.372618,136
3,3136,324.901337,309.189240,324.909945,309.172277,136
3,3137,418.983276,327.183746,418.985641,327.194115,136
3,3138,356.275818,327.255463,356.274972,327.243387,136
3,3139,353.680237,256.823456,353.635059,256.794070,140
3,3140,364.287292,275.146973,364.229628,275.095305,140
3,3141,343.073151,238.499939,343.041867,238.492903,140
3,3142,364.245331,238.475723,364.188208,238.467636,140
3,3143,343.115112,275.171204,343.083898,275.118645,140
3,3144,374.852386,256.799255,374.782734,256.769618,140
3,3145,332.508026,256.847687,332.490707,256.818198,140
3,3146,353.722137,293.494720,353.678442,293.420084,140
3,3147,353.638275,220.152191,353.595035,220.164779,140
3,3148,353.638275,220.152191,353.595035,220.164779,140
3,3149,353.722137,293.494720,353.678442,293.420084,140
3,3150,385.459442,275.122772,385.379405,275.072087,140
3,3151,321.901001,238.524155,321.898196,238.517391,140
3,3152,385.417511,238.451508,385.338661,238.441563,140
3,3153,321.942963,275.195404,321.940794,275.142058,140
3,3154,374.894348,293.470490,374.826315,293.397976,140
3,3155,332.466095,220.176407,332.449329,220.190431,140
3,3156,374.810455,220.127975,374.744164,220.137871,140
3,3157,332.549957,293.518951,332.533910,293.442713,140
3,3158,396.024536,256.775024,395.935310,256.744791,140
3,3159,311.335907,256.871887,311.348312,256.841971,140
3,3160,364.329224,311.818268,364.275171,311.723915,140
3,3161,343.031219,201.828674,343.002533,201.859747,140
3,3162,364.203400,201.804443,364.151037,201.832408,140
3,3163,343.157043,311.842468,343.128477,311.745305,140
3,3164,406.631592,275.098572,406.534915,275.048961,140
3,3165,300.728821,238.548370,300.755782,238.541139,140
3,3166,406.589661,238.427307,406.494848,238.414633,140
3,3167,300.770782,275.219635,300.798896,275.165579,140
3,3168,396.066498,293.446289,395.979057,293.376458,140
3,3169,311.293945,220.200607,311.305664,220.214907,140
3,3170,395.982605,220.103760,395.898201,220.109665,140
3,3171,311.377838,293.543152,311.391324,293.465879,140
3,3172,385.501343,311.794037,385.425933,311.703539,140
3,3173,321.859039,201.852875,321.856812,201.885437,140
3,3174,385.375549,201.780243,385.303750,201.803368,140
3,3175,321.984863,311.866669,321.984434,311.767679,140
3,3176,417.196716,256.750793,417.094432,256.719542,140
3,3177,290.163727,256.896088,290.206435,256.865449,140
3,3178,353.764099,330.165985,353.725222,330.051238,140
3,3179,353.596313,183.480927,353.558605,183.523897,140
3,3180,353.596313,183.480927,353.558605,183.523897,140
3,3181,353.764099,330.165985,353.725222,330.051238,140
3,3182,417.238647,293.422089,417.138340,293.355511,140
3,3183,290.121765,220.224838,290.162614,220.238311,140
3,3184,417.154785,220.079544,417.058888,220.080126,140
3,3185,290.205627,293.567383,290.249241,293.489593,140
3,3186,427.803772,275.074341,427.697841,275.025921,140
3,3187,279.556671,238.572571,279.613367,238.564215,140
3,3188,427.761841,238.403076,427.658449,238.386789,140
3,3189,279.598633,275.243866,279.656938,275.189246,140
3,3190,406.673553,311.769806,406.582476,311.684178,140
3,3191,300.686890,201.877106,300.712477,201.909599,140
3,3192,406.547729,201.756027,406.462306,201.772531,140
3,3193,300.812714,311.890900,300.841623,311.791030,140
3,3194,374.936249,330.141785,374.874845,330.031567,140
3,3195,332.424133,183.505127,332.410048,183.551305,140
3,3196,374.768524,183.456711,374.710722,183.494373,140
3,3197,332.591919,330.190216,332.578968,330.072384,140
3,3198,396.108459,330.117584,396.029439,330.013390,140
3,3199,311.252014,183.529358,311.263691,183.576732,140
3,3200,395.940674,183.432495,395.867890,183.462670,140
3,3201,311.419769,330.214417,311.434722,330.094897,140
3,3202,438.368866,256.726593,438.261818,256.693913,140
3,3203,268.991547,256.920349,269.063965,256.888695,140
3,3204,364.371185,348.489502,364.324965,348.361940,140
3,3205,342.989288,165.157410,342.966255,165.211166,140
3,3206,364.161469,165.133179,364.118424,165.181507,140
3,3207,343.198975,348.513733,343.175740,348.381341,140
3,3208,438.410828,293.397888,438.305885,293.335147,140
3,3209,268.949615,220.249054,269.019081,220.260675,140
3,3210,438.326935,220.055344,438.227849,220.049203,140
3,3211,269.033478,293.591583,269.106551,293.513787,140
3,3212,427.845703,311.745605,427.746398,311.665911,140
3,3213,279.514709,201.901321,279.568289,201.932324,140
3,3214,427.719879,201.731812,427.628284,201.739868,140
3,3215,279.640564,311.915100,279.698781,311.815263,140
3,3216,448.975952,275.050110,448.869883,275.002940,140
3,3217,258.384491,238.596802,258.469810,238.586699,140
3,3218,448.934021,238.378860,448.831237,238.358063,140
3,3219,258.426453,275.268066,258.513771,275.213012,140
3,3220,417.280579,330.093353,417.190561,329.996719,140
3,3221,290.079803,183.553558,290.118129,183.600274,140
3,3222,417.112823,183.408279,417.031748,183.428684,140
3,3223,290.247589,330.238647,290.291049,330.118744,140
3,3224,385.543304,348.465302,385.478341,348.344490,140
3,3225,321.817108,165.181610,321.817053,165.238357,140
3,3226,385.333588,165.108978,385.274929,165.149291,140
3,3227,322.026825,348.537964,322.029258,348.402569,140
3,3228,406.715485,348.441101,406.637566,348.329022,140
3,3229,300.644958,165.205826,300.669448,165.263247,140
3,3230,406.505798,165.084747,406.437436,165.114391,140
3,3231,300.854675,348.562164,300.884113,348.425574,140
3,3232,459.541046,256.702393,459.439275,256.667867,140
3,3233,247.819366,256.944550,247.919808,256.911692,140
3,3234,353.806061,366.837280,353.775545,366.696000,140
3,3235,353.806061,366.837280,353.775545,366.696000,140
3,3236,449.017853,311.721405,448.919479,311.648730,140
3,3237,448.892059,201.707596,448.803525,201.705308,140
3,3238,459.583008,293.373627,459.483503,293.315346,140
3,3239,459.499115,220.031113,459.406881,220.016852,140
3,3240,438.452759,330.069122,438.360035,329.981644,140
3,3241,374.978210,366.813049,374.928529,366.678880,140
3,3242,332.633881,366.861481,332.626049,366.715444,140
3,3243,352.916260,256.939331,352.872671,256.941088,141
3,3244,363.703125,275.573425,363.648231,275.554586,141
3,3245,342.129425,238.305283,342.098372,238.327659,141
3,3246,363.660461,238.280640,363.606428,238.301855,141
3,3247,342.172089,275.598053,342.140736,275.578623,141
3,3248,374.447266,256.914734,374.381944,256.916032,141
3,3249,331.385254,256.963989,331.366434,256.965848,141
3,3250,352.958893,294.232147,352.916273,294.192248,141
3,3251,352.873596,219.646576,352.832150,219.686948,141
3,3252,352.873596,219.646576,352.832150,219.686948,141
3,3253,352.958893,294.232147,352.916273,294.192248,141
3,3254,385.234070,275.548798,385.159374,275.530633,141
3,3255,320.598450,238.329910,320.592806,238.352778,141
3,3256,385.191437,238.256027,385.118192,238.275345,141
3,3257,320.641113,275.622681,320.635692,275.602694,141
3,3258,374.489929,294.207489,374.425677,294.169311,141
3,3259,331.342590,219.671188,331.324722,219.713130,141
3,3260,374.404633,219.621933,374.342704,219.659672,141
3,3261,331.427887,294.256744,331.409925,294.215598,141
3,3262,395.978271,256.890106,395.895602,256.890634,141
3,3263,309.854279,256.988617,309.862083,256.990279,141
3,3264,363.745758,312.866211,363.693762,312.807905,141
3,3265,342.086761,201.012497,342.058533,201.070210,141
3,3266,363.617798,200.987854,363.568467,201.042515,141
3,3267,342.214722,312.890839,342.185490,312.830150,141
3,3268,406.765076,275.524170,406.675614,275.506732,141
3,3269,299.067444,238.354523,299.088518,238.377241,141
3,3270,406.722443,238.231415,406.635049,238.248083,141
3,3271,299.110107,275.647308,299.131884,275.626833,141
3,3272,396.020935,294.182861,395.939433,294.146854,141
3,3273,309.811615,219.695801,309.819251,219.738291,141
3,3274,395.935608,219.597305,395.857638,219.631271,141
3,3275,309.896912,294.281372,309.905453,294.239380,141
3,3276,385.276703,312.841614,385.205699,312.786497,141
3,3277,320.555786,201.037109,320.551184,201.096480,141
3,3278,385.148773,200.963242,385.082190,201.013355,141
3,3279,320.683746,312.915466,320.679690,312.853206,141
3,3280,417.509247,256.865448,417.415043,256.864848,141
3,3281,288.323273,257.013214,288.358371,257.014435,141
3,3282,353.001556,331.524902,352.962996,331.447538,141
3,3283,352.830933,182.353790,352.794914,182.422792,141
3,3284,352.830933,182.353790,352.794914,182.422792,141
3,3285,353.001556,331.524902,352.962996,331.447538,141
3,3286,417.551910,294.158264,417.458968,294.124856,141
3,3287,288.280609,219.720444,288.314501,219.762522,141
3,3288,417.466614,219.572693,417.378452,219.601718,141
3,3289,288.365906,294.306030,288.401607,294.263610,141
3,3290,428.296082,275.499573,428.198383,275.482880,141
3,3291,277.536438,238.379150,277.584436,238.401110,141
3,3292,428.253418,238.206772,428.158426,238.220018,141
3,3293,277.579102,275.671936,277.628230,275.651076,141
3,3294,406.807739,312.816956,406.722778,312.765919,141
3,3295,299.024780,201.061737,299.045224,201.121431,141
3,3296,406.679810,200.938614,406.601102,200.982644,141
3,3297,299.152740,312.940094,299.175147,312.877073,141
3,3298,374.532562,331.500305,374.473838,331.426806,141
3,3299,331.299927,182.378403,331.285023,182.450598,141
3,3300,374.361969,182.329147,374.308044,182.393165,141
3,3301,331.470551,331.549561,331.455227,331.469503,141
3,3302,396.063599,331.475677,395.989129,331.407317,141
3,3303,309.768951,182.403030,309.777225,182.476701,141
3,3304,395.892975,182.304535,395.825680,182.361668,141
3,3305,309.939575,331.574188,309.949386,331.492600,141
3,3306,439.040253,256.840851,438.941727,256.838721,141
3,3307,266.792267,257.037872,266.854363,257.038375,141
3,3308,363.788422,350.158997,363.743138,350.068972,141
3,3309,342.044128,163.719711,342.021527,163.799512,141
3,3310,363.575165,163.695068,363.534611,163.769717,141
3,3311,342.257385,350.183624,342.232760,350.089403,141
3,3312,439.082916,294.133636,438.985745,294.103327,141
3,3313,266.749603,219.745071,266.809548,219.785841,141
3,3314,438.997620,219.548065,438.906513,219.570968,141
3,3315,266.834900,294.330627,266.897451,294.288219,141
3,3316,428.338715,312.792328,428.246343,312.746249,141
3,3317,277.493774,201.086380,277.539594,201.145137,141
3,3318,428.210754,200.913986,428.126531,200.950364,141
3,3319,277.621735,312.964722,277.670783,312.901661,141
3,3320,449.827087,275.474915,449.729112,275.459048,141
3,3321,256.005432,238.403778,256.079578,238.424455,141
3,3322,449.784454,238.182144,449.689834,238.191185,141
3,3323,256.048096,275.696564,256.123744,275.675376,141
3,3324,417.594543,331.451019,417.510176,331.389074,141
3,3325,288.237946,182.427643,288.270300,182.501177,141
3,3326,417.423950,182.279907,417.349220,182.328209,141
3,3327,288.408569,331.598785,288.444229,331.516807,141
3,3328,385.319366,350.134369,385.257251,350.050177,141
3,3329,320.513153,163.744324,320.511181,163.827188,141
3,3330,385.106110,163.670456,385.051587,163.737731,141
3,3331,320.726410,350.208252,320.724929,350.111355,141
3,3332,406.850403,350.109741,406.776563,350.033038,141
3,3333,298.982147,163.768951,299.002402,163.852888,141
3,3334,406.637146,163.645828,406.573890,163.703444,141
3,3335,299.195404,350.232880,299.218444,350.134794,141
3,3336,460.571259,256.816223,460.477192,256.812216,141
3,3337,245.261246,257.062500,245.349112,257.062076,141
3,3338,353.044220,368.817719,353.012957,368.714134,141
3,3339,352.788300,145.061005,352.761329,145.142054,141
3,3340,352.788300,145.061005,352.761329,145.142054,141
3,3341,353.044220,368.817719,353.012957,368.714134,141
3,3342,449.869720,312.767731,449.777909,312.727473,141
3,3343,255.962769,201.110992,256.033330,201.167687,141
3,3344,449.741791,200.889359,449.660057,200.916451,141
3,3345,256.090729,312.989319,256.165611,312.926963,141
3,3346,460.613922,294.109009,460.521303,294.082246,141
3,3347,245.218582,219.769684,245.303459,219.808358,141
3,3348,460.528595,219.523438,460.443347,219.538982,141
3,3349,245.303879,294.355255,245.392036,294.313220,141
3,3350,439.125580,331.426422,439.038549,331.372164,141
3,3351,266.706940,182.452286,266.763347,182.524170,141
3,3352,438.954987,182.255264,438.880122,182.292752,141
3,3353,266.877563,331.623413,266.938827,331.542069,141
3,3354,374.575226,368.793091,374.526610,368.695696,141
3,3355,331.257294,145.085617,331.247767,145.171761,141
3,3356,374.319305,145.036362,374.278274,145.109839,141
3,3357,331.513214,368.842316,331.502476,368.734521,141
3,3358,471.358093,275.450287,471.269363,275.435292,141
3,3359,234.474442,238.428406,234.573186,238.447323,141
3,3360,471.315430,238.157532,471.230714,238.161545,141
3,3361,234.517105,275.721191,234.617658,275.699772,141
3,3362,428.381378,350.085144,428.302409,350.017597,141
3,3363,277.451141,163.793594,277.494155,163.876730,141
3,3364,428.168091,163.621201,428.102796,163.666814,141
3,3365,277.664398,350.257507,277.712235,350.159672,141
3,3366,396.106232,368.768433,396.044768,368.679247,141
3,3367,309.726318,145.110245,309.736493,145.199113,141
3,3368,395.850311,145.011749,395.799924,145.075039,141
3,3369,309.982239,368.866943,309.994037,368.756779,141
3,3370,417.637207,368.743835,417.568812,368.664900,141
3,3371,288.195312,145.134857,288.226321,145.224225,141
3,3372,417.381287,144.987122,417.327537,145.037536,141
3,3373,288.451233,368.891602,288.486411,368.780848,141
3,3374,482.102264,256.791595,482.022930,256.785327,141
3,3375,223.730255,257.087097,223.841929,257.085604,141
3,3376,363.831055,387.451782,363.796513,387.344898,141
3,3377,342.001465,126.426910,341.987757,126.509322,141
3,3378,363.532501,126.402275,363.505190,126.477121,141
3,3379,342.300018,387.476410,342.282727,387.363282,141
3,3380,471.400757,312.743103,471.319037,312.709606,141
3,3381,234.431778,201.135620,234.525691,201.189221,141
3,3382,234.559738,313.013977,234.658870,312.952967,141
3,3383,460.656586,331.401794,460.575700,331.356580,141
3,3384,245.175919,182.476898,245.255452,182.545785,141
3,3385,245.346542,331.648071,245.432236,331.568352,141
3,3386,223.687592,219.794312,223.795555,219.830179,141
3,3387,223.772888,294.379913,223.884670,294.338627,141
3,3388,449.912384,350.060486,449.836295,350.003860,141
3,3389,255.920135,163.818207,255.985502,163.898847,141
3,3390,256.133392,350.282135,256.205330,350.185853,141
3,3391,385.362030,387.427185,385.314179,387.328866,141
3,3392,320.769043,387.501038,320.771625,387.383959,141
3,3393,212.943436,238.453018,213.064569,238.469767,141
3,3394,212.986099,275.745789,213.109276,275.724276,141
3,3395,266.920227,368.916199,266.978683,368.806572,141
3,3396,299.238037,387.525665,299.262022,387.406771,141
3,3397,422.062744,255.671204,422.717214,256.191578,7
3,3398,432.170593,273.132355,433.631261,275.043403,7
3,3399,411.954926,238.210114,411.805187,237.340542,7
3,3400,432.130615,238.187027,433.587878,237.314583,7
3,3401,411.994904,273.155426,411.848914,275.066815,7
3,3402,442.238434,255.648132,444.501890,256.166802,7
3,3403,401.887085,255.694305,400.936878,256.216167,7
3,3404,422.102722,290.616547,422.762969,293.918887,7
3,3405,422.022797,220.725906,422.675863,218.462411,7
3,3406,422.022797,220.725906,422.675863,218.462411,7
3,3407,422.102722,290.616547,422.762969,293.918887,7
3,3408,452.346283,273.109253,455.418533,275.020097,7
3,3409,391.779266,238.233185,390.026243,237.365917,7
3,3410,452.306335,238.163956,455.375565,237.288081,7
3,3411,391.819214,273.178497,390.070324,275.090362,7
3,3412,442.278412,290.593475,444.547879,293.896973,7
3,3413,401.847107,220.748962,400.894538,218.489167,7
3,3414,442.198486,220.702835,444.461531,218.434746,7
3,3415,401.927063,290.639618,400.982395,293.941287,7
3,3416,462.414154,255.625076,466.292181,256.141803,7
3,3417,381.711395,255.717361,379.159684,256.240522,7
3,3418,432.210541,308.077667,433.679595,312.773433,7
3,3419,411.914978,203.264786,411.765267,199.609292,7
3,3420,432.090637,203.241714,433.549505,199.580786,7
3,3421,412.034882,308.100739,411.896430,312.794332,7
3,3422,472.521973,273.086182,477.212029,274.996954,7
3,3423,371.603577,238.256256,368.249883,237.390763,7
3,3424,472.481995,238.140884,477.169430,237.260993,7
3,3425,371.643555,273.201569,368.294321,275.114046,7
3,3426,462.454132,290.570374,466.338405,293.875524,7
3,3427,381.671448,220.772049,379.116452,218.515062,7
3,3428,462.374176,220.679749,466.252811,218.406135,7
3,3429,381.751373,290.662659,379.204960,293.964165,7
3,3430,452.386230,308.054596,455.467725,312.753378,7
3,3431,391.739288,203.287857,389.984772,199.636585,7
3,3432,452.266357,203.218628,455.338811,199.551001,7
3,3433,391.859161,308.123810,390.116979,312.816087,7
3,3434,482.589844,255.602005,488.089318,256.116573,7
3,3435,361.535706,255.740433,357.384497,256.264689,7
3,3436,421.982819,185.780579,422.638941,180.725218,7
3,3437,421.982819,185.780579,422.638941,180.725218,7
3,3438,361.495728,220.795135,357.340365,218.540118,7
3,3439,361.575653,290.685760,357.429499,293.987538,7
3,3440,351.427856,238.279327,346.474982,237.415123,7
3,3441,351.467834,273.224640,346.519719,275.137900,7
3,3442,371.563599,203.310928,368.206953,199.662682,7
3,3443,401.807159,185.803665,400.855512,180.754282,7
3,3444,442.158539,185.757507,444.426832,180.694574,7
3,3445,121.845177,297.218658,121.849747,297.214452,1
3,3446,132.875916,316.274109,132.878123,316.266022,1
3,3447,110.814461,278.163177,110.820686,278.162444,1
3,3448,132.832321,278.138000,132.834312,278.137936,1
3,3449,110.858093,316.299286,110.864421,316.291660,1
3,3450,143.863022,297.193451,143.862840,297.189380,1
3,3451,99.827293,297.243835,99.835541,297.239556,1
3,3452,121.888802,335.354736,121.892552,335.343870,1
3,3453,121.801575,259.082550,121.805004,259.085568,1
3,3454,121.801575,259.082550,121.805004,259.085568,1
3,3455,121.888802,335.354736,121.892552,335.343870,1
3,3456,154.893799,316.248901,154.890914,316.240575,1
3,3457,88.796547,278.188385,88.805866,278.186912,1
3,3458,154.850204,278.112823,154.846995,278.113331,1
3,3459,88.840179,316.324463,88.849500,316.317489,1
3,3460,143.906662,335.329559,143.906028,335.317871,1
3,3461,99.783661,259.107697,99.790643,259.109425,1
3,3462,143.819427,259.057373,143.818267,259.061485,1
3,3463,99.870918,335.379913,99.878015,335.370218,1
3,3464,165.880936,297.168274,165.875152,297.164400,1
3,3465,77.809380,297.269012,77.820137,297.264719,1
3,3466,132.919540,354.410217,132.920302,354.396881,1
3,3467,110.770836,240.027084,110.774774,240.031665,1
3,3468,132.788696,240.001907,132.788798,240.008207,1
3,3469,110.901657,354.435394,110.905935,354.423592,1
3,3470,176.911713,316.223724,176.903085,316.215405,1
3,3471,66.778641,278.213562,66.789914,278.211308,1
3,3472,176.868118,278.087646,176.859055,278.088606,1
3,3473,66.822266,316.349640,66.833452,316.343476,1
3,3474,165.924561,335.304382,165.918770,335.292274,1
3,3475,77.765755,259.132904,77.775163,259.133140,1
3,3476,165.837341,259.032166,165.830790,259.037095,1
3,3477,77.853004,335.405121,77.862338,335.396884,1
3,3478,154.937424,354.385040,154.933796,354.370728,1
3,3479,88.752922,240.052261,88.759654,240.054813,1
3,3480,154.806564,239.976730,154.801969,239.984342,1
3,3481,88.883751,354.460571,88.890514,354.450717,1
3,3482,187.898819,297.143097,187.886987,297.139485,1
3,3483,55.791466,297.294189,55.803660,297.289940,1
3,3484,121.932426,373.490875,121.933550,373.478250,1
3,3485,121.757950,220.946426,121.758396,220.952892,1
3,3486,121.757950,220.946426,121.758396,220.952892,1
3,3487,121.932426,373.490875,121.933550,373.478250,1
3,3488,187.942444,335.279205,187.931077,335.267101,1
3,3489,55.747841,259.158081,55.758664,259.156718,1
3,3490,187.855225,259.006989,187.842874,259.012409,1
3,3491,55.835094,335.430298,55.845653,335.423741,1
3,3492,198.929596,316.198547,198.915035,316.190504,1
3,3493,44.760727,278.238708,44.773020,278.235693,1
3,3494,198.886002,278.062439,198.870893,278.063711,1
3,3495,44.804352,316.374847,44.816468,316.369613,1
3,3496,176.955338,354.359863,176.946757,354.345181,1
3,3497,66.735008,240.077454,66.743508,240.077727,1
3,3498,176.824478,239.951538,176.814598,239.959982,1
3,3499,66.865837,354.485748,66.874083,354.478191,1
3,3500,143.950287,373.465668,143.947949,373.451425,1
3,3501,99.740097,220.971619,99.743524,220.975685,1
3,3502,143.775803,220.921249,143.772372,220.929599,1
3,3503,99.914543,373.516052,99.918241,373.505665,1
3,3504,165.968201,373.440491,165.961750,373.425357,1
3,3505,77.722183,220.996796,77.727632,220.998078,1
3,3506,165.793716,220.896072,165.785736,220.905715,1
3,3507,77.896637,373.541199,77.901959,373.533580,1
3,3508,209.916702,297.117920,209.898896,297.114633,1
3,3509,33.773556,297.319397,33.786401,297.315243,1
3,3510,132.963135,392.546326,132.961087,392.534947,1
3,3511,110.727203,201.890976,110.726976,201.895063,1
3,3512,132.745056,201.865799,132.741877,201.872409,1
3,3513,110.945290,392.571503,110.945668,392.562420,1
3,3514,209.960327,335.254028,209.943497,335.242452,1
3,3515,33.729927,259.183258,33.741439,259.180253,1
3,3516,209.873108,258.981812,209.855066,258.987356,1
3,3517,33.817184,335.455475,33.828256,335.450747,1
3,3518,198.973221,354.334656,198.959575,354.320280,1
3,3519,44.717098,240.102631,44.726538,240.100488,1
3,3520,198.842361,239.926361,198.827078,239.935075,1
3,3521,44.847923,354.510925,44.856846,354.505910,1
3,3522,220.947479,316.173401,220.927376,316.165894,1
3,3523,22.742872,278.263916,22.755639,278.260129,1
3,3524,220.903885,278.037262,220.883119,278.038682,1
3,3525,22.786499,316.400024,22.799005,316.395804,1
3,3526,187.986084,373.415314,187.975238,373.400115,1
3,3527,55.704269,221.021988,55.710890,221.020225,1
3,3528,187.811600,220.870895,187.798779,220.881131,1
3,3529,55.878723,373.566376,55.884851,373.561863,1
3,3530,154.981018,392.521118,154.975853,392.508260,1
3,3531,88.709297,201.916168,88.711181,201.917174,1
3,3532,154.762939,201.840607,154.756108,201.849046,1
3,3533,88.927376,392.596680,88.929376,392.590564,1
3,3534,176.998932,392.495941,176.990259,392.482544,1
3,3535,66.691383,201.941360,66.694581,201.938880,1
3,3536,176.780853,201.815445,176.769963,201.824877,1
3,3537,66.909462,392.621887,66.912306,392.619250,1
3,3538,231.934586,297.092712,231.911521,297.089817,1
3,3539,11.755701,297.344543,11.768920,297.340567,1
3,3540,121.976028,411.626953,121.973173,411.621701,1
3,3541,121.714317,182.810333,121.710382,182.812228,1
3,3542,121.714317,182.810333,121.710382,182.812228,1
3,3543,121.976028,411.626953,121.973173,411.621701,1
3,3544,220.991104,354.309479,220.972853,354.296144,1
3,3545,22.699245,240.127808,22.709206,240.123217,1
3,3546,220.860245,239.901184,220.840012,239.909573,1
3,3547,22.830070,354.536133,22.839269,354.533790,1
3,3548,231.978210,335.228851,231.956664,335.218337,1
3,3549,11.712073,259.208466,11.724053,259.203845,1
3,3550,231.890991,258.956635,231.868003,258.961897,1
3,3551,11.799329,335.480652,11.810715,335.477822,1
3,3552,210.003967,373.390106,209.988949,373.375757,1
3,3553,33.686356,221.047180,33.693609,221.042249,1
3,3554,209.829483,220.845703,209.812035,220.855745,1
3,3555,33.860809,373.591583,33.867231,373.590400,1
3,3556,143.993881,411.601776,143.988994,411.594434,1
3,3557,99.696465,182.835510,99.694536,182.834287,1
3,3558,143.732178,182.785156,143.725574,182.789438,1
3,3559,99.958176,411.652130,99.956721,411.649827,1
3,3560,242.965363,316.148193,242.940800,316.141565,1
3,3561,0.724960,278.289093,0.738268,278.284591,1
3,3562,242.921768,278.012085,242.896426,278.013474,1
3,3563,0.768588,316.425201,0.781561,316.422032,1
3,3564,199.016815,392.470764,199.004676,392.457888,1
3,3565,44.673470,201.966522,44.677396,201.960332,1
3,3566,198.798737,201.790253,198.783818,201.799758,1
3,3567,44.891552,392.647034,44.894684,392.648250,1
3,3568,166.011795,411.576569,166.004445,411.568160,1
3,3569,77.678551,182.860687,77.677935,182.855762,1
3,3570,165.750092,182.759964,165.740375,182.765729,1
3,3571,77.940262,411.677338,77.939545,411.678661,1
3,3572,188.029678,411.551392,188.019788,411.543087,1
3,3573,55.660641,182.885880,55.660775,182.876872,1
3,3574,187.767975,182.734787,187.755052,182.740985,1
3,3575,55.922352,411.702515,55.921847,411.707947,1
3,3576,253.952499,297.067566,253.925632,297.065095,1
3,3577,11.755701,297.344543,11.768920,297.340567,1
3,3578,133.006775,430.682404,133.001123,430.684241,1
3,3579,110.683578,163.754868,110.677900,163.748728,1
3,3580,132.701462,163.729691,132.694133,163.726462,1
3,3581,110.988914,430.707581,110.984204,430.712075,1
3,3582,243.008987,354.284302,242.987275,354.272800,1
3,3583,0.681332,240.153000,0.692021,240.146042,1
3,3584,242.878128,239.875992,242.854085,239.883394,1
3,3585,0.812158,354.561310,0.821866,354.561650,1
3,3586,232.021851,373.364929,232.003505,373.352419,1
3,3587,11.668503,221.072342,11.676367,221.064283,1
3,3588,231.847366,220.820526,231.826130,220.829497,1
3,3589,11.842957,373.616760,11.849683,373.618975,1
3,3590,253.996124,335.203644,253.971349,335.194761,1
3,3591,11.712073,259.208466,11.724053,259.203845,1
3,3592,253.908905,258.931458,253.882453,258.935999,1
3,3593,11.799329,335.480652,11.810715,335.477822,1
3,3594,221.034698,392.445587,221.019691,392.434394,1
3,3595,22.655617,201.991714,22.660110,201.981736,1
3,3596,220.816620,201.765076,220.798261,201.773618,1
3,3597,22.873697,392.672211,22.876999,392.677403,1
3,3598,155.024658,430.657227,155.017679,430.657468,1
3,3599,88.665665,163.780060,88.661108,163.770257,1
3,3600,154.719345,163.704514,154.709946,163.703234,1
3,3601,88.971001,430.732788,88.966729,430.740797,1
3,3602,264.983276,316.123016,264.956125,316.117589,1
3,3603,0.724960,278.289093,0.738268,278.284591,1
3,3604,264.939667,277.986908,264.911634,277.988070,1
3,3605,0.768588,316.425201,0.781561,316.422032,1
3,3606,210.047562,411.526215,210.035536,411.519317,1
3,3607,33.642731,182.911057,33.643391,182.897796,1
3,3608,209.785858,182.709610,209.770121,182.715047,1
3,3609,33.904438,411.727692,33.903967,411.737497,1
3,3610,177.042572,430.632019,177.034134,430.631909,1
3,3611,66.647758,163.805252,66.643847,163.791250,1
3,3612,176.737259,163.679337,176.725637,163.678894,1
3,3613,66.953094,430.757965,66.948825,430.770126,1
3,3614,122.019653,449.763031,122.012252,449.778017,1
3,3615,121.670723,144.674225,121.661726,144.659785,1
3,3616,121.670723,144.674225,121.661726,144.659785,1
3,3617,122.019653,449.763031,122.012252,449.778017,1
3,3618,254.039764,373.339752,254.019665,373.330141,1
3,3619,11.668503,221.072342,11.676367,221.064283,1
3,3620,253.865280,220.795349,253.841822,220.802331,1
3,3621,11.842957,373.616760,11.849683,373.618975,1
3,3622,265.026886,354.259125,265.003653,354.250296,1
3,3623,0.681332,240.153000,0.692021,240.146042,1
3,3624,264.896057,239.850800,264.870110,239.856503,1
3,3625,0.812158,354.561310,0.821866,354.561650,1
3,3626,243.052582,392.420380,243.035973,392.412127,1
3,3627,0.637704,202.016891,0.643249,202.003258,1
3,3628,242.834503,201.739883,242.813962,201.746335,1
3,3629,0.855785,392.697388,0.859787,392.706507,1
3,3630,199.060440,430.606873,199.050836,430.607787,1
3,3631,44.629845,163.830429,44.626368,163.811927,1
3,3632,198.755142,163.654144,198.741555,163.653252,1
3,3633,44.935181,430.783142,44.930750,430.799850,1
3,3634,144.037506,449.737854,144.029928,449.750776,1
3,3635,99.652840,144.699417,99.644539,144.681640,1
3,3636,143.688568,144.649048,143.678575,144.636999,1
3,3637,100.001747,449.788239,99.994243,449.806338,1
3,3638,275.970398,297.042389,275.942009,297.040437,1
3,3639,11.755701,297.344543,11.768920,297.340567,1
3,3640,276.014008,335.178467,275.988325,335.171813,1
3,3641,11.712073,259.208466,11.724053,259.203845,1
3,3642,275.926788,258.906250,275.899192,258.909602,1
3,3643,11.799329,335.480652,11.810715,335.477822,1
3,3644,232.065445,411.501038,232.052294,411.496969,1
3,3645,11.624876,182.936249,11.626386,182.918788,1
3,3646,231.803741,182.684418,231.786187,182.687813,1
3,3647,11.886583,411.752869,11.886519,411.767105,1
3,3648,166.055420,449.712708,166.047555,449.724808,1
3,3649,77.634926,144.724594,77.627003,144.702773,1
3,3650,165.706482,144.623856,165.695345,144.613037,1
3,3651,77.983833,449.813416,77.975958,449.835438,1
3,3652,287.001160,316.097839,286.974169,316.093951,1
3,3653,0.724960,278.289093,0.738268,278.284591,1
3,3654,286.957550,277.961731,286.929559,277.962426,1
3,3655,0.768588,316.425201,0.781561,316.422032,1
3,3656,221.078323,430.581696,221.068344,430.585221,1
3,3657,22.611988,163.855606,22.609183,163.832569,1
3,3658,220.773026,163.628967,220.758264,163.626192,1
3,3659,22.917324,430.808319,22.913026,430.829705,1
3,3660,188.073303,449.687531,188.065366,449.700312,1
3,3661,55.617016,144.749771,55.609321,144.723470,1
3,3662,187.724365,144.598694,187.712274,144.587734,1
3,3663,55.965919,449.838593,55.957578,449.865078,1
3,3664,133.050400,468.818512,133.041279,468.848360,1
3,3665,110.640007,125.618752,110.628539,125.589226,1
3,3666,132.657837,125.593582,132.646365,125.566748,1
3,3667,111.032539,468.843689,111.022522,468.875967,1
3,3668,276.057648,373.314575,276.038192,373.308983,1
3,3669,11.668503,221.072342,11.676367,221.064283,1
3,3670,275.883148,220.770172,275.859875,220.774172,1
3,3671,11.842957,373.616760,11.849683,373.618975,1
3,3672,265.070496,392.395203,265.054320,392.391225,1
3,3673,0.637704,202.016891,0.643249,202.003258,1
3,3674,264.852417,201.714706,264.831720,201.717857,1
3,3675,0.855785,392.697388,0.859787,392.706507,1
3,3676,287.044769,354.233917,287.022798,354.228644,1
3,3677,0.681332,240.153000,0.692021,240.146042,1
3,3678,286.913940,239.825623,286.888899,239.828873,1
3,3679,0.812158,354.561310,0.821866,354.561650,1
3,3680,254.083359,411.475891,254.070801,411.476147,1
3,3681,11.624876,182.936249,11.626386,182.918788,1
3,3682,253.821655,182.659241,253.803992,182.659193,1
3,3683,11.886583,411.752869,11.886519,411.767105,1
3,3684,155.068283,468.793335,155.060063,468.822034,1
3,3685,88.622101,125.643944,88.610513,125.610827,1
3,3686,154.675720,125.568390,154.664207,125.543107,1
3,3687,89.014633,468.868866,89.003639,468.904534,1
3,3688,210.091187,449.662354,210.083842,449.677468,1
3,3689,33.599102,144.774948,33.591861,144.743984,1
3,3690,209.742249,144.573502,209.729848,144.560884,1
3,3691,33.948009,449.863800,33.939483,449.894998,1
3,3692,297.988281,297.017181,297.961623,297.015813,1
3,3693,11.755701,297.344543,11.768920,297.340567,1
3,3694,298.031921,335.153290,298.008561,335.149488,1
3,3695,11.712073,259.208466,11.724053,259.203845,1
3,3696,297.944702,258.881073,297.919190,258.882737,1
3,3697,11.799329,335.480652,11.810715,335.477822,1
3,3698,243.096207,430.556488,243.087305,430.564313,1
3,3699,0.594077,163.880783,0.592850,163.853423,1
3,3700,242.790909,163.603790,242.776413,163.597555,1
3,3701,0.899413,430.833496,0.896223,430.859406,1
3,3702,177.086197,468.768158,177.079098,468.797200,1
3,3703,66.604187,125.669128,66.592472,125.631816,1
3,3704,176.693634,125.543213,176.682270,125.518100,1
3,3705,66.996719,468.894043,66.984797,468.933802,1
3,3706,309.019043,316.072632,308.995913,316.070635,1
3,3707,0.724960,278.289093,0.738268,278.284591,1
3,3708,308.975433,277.936554,308.951183,277.936587,1
3,3709,0.768588,316.425201,0.781561,316.422032,1
3,3710,232.109070,449.637146,232.103559,449.656409,1
3,3711,11.581247,144.800140,11.575263,144.764645,1
3,3712,231.760132,144.548309,231.748647,144.532342,1
3,3713,11.930154,449.888977,11.922322,449.924826,1
3,3714,199.104080,468.742950,199.098695,468.774045,1
3,3715,44.586273,125.694305,44.574706,125.652485,1
3,3716,198.711517,125.518028,198.700868,125.491485,1
3,3717,44.978806,468.919250,44.966296,468.963484,1
3,3718,122.063286,487.899170,122.051867,487.950353,1
3,3719,121.627090,106.538124,121.613434,106.492385,1
3,3720,121.627090,106.538124,121.613434,106.492385,1
3,3721,122.063286,487.899170,122.051867,487.950353,1
3,3722,287.088379,392.370056,287.075529,392.371731,1
3,3723,0.637704,202.016891,0.643249,202.003258,1
3,3724,286.870300,201.689529,286.852333,201.688084,1
3,3725,0.855785,392.697388,0.859787,392.706507,1
3,3726,298.075562,373.289368,298.060047,373.288970,1
3,3727,11.668503,221.072342,11.676367,221.064283,1
3,3728,297.901062,220.744965,297.881250,220.744938,1
3,3729,11.842957,373.616760,11.849683,373.618975,1
3,3730,276.101227,411.450684,276.091802,411.456916,1
3,3731,11.624876,182.936249,11.626386,182.918788,1
3,3732,275.839539,182.634048,275.824282,182.629066,1
3,3733,11.886583,411.752869,11.886519,411.767105,1
3,3734,144.081131,487.873993,144.071735,487.923824,1
3,3735,99.609207,106.563309,99.594691,106.514763,1
3,3736,143.644943,106.512947,143.632288,106.468938,1
3,3737,100.045372,487.924377,100.032131,487.978090,1
3,3738,309.062653,354.208740,309.045685,354.207940,1
3,3739,0.681332,240.153000,0.692021,240.146042,1
3,3740,308.931824,239.800446,308.911424,239.800452,1
3,3741,0.812158,354.561310,0.821866,354.561650,1
3,3742,265.114136,430.531311,265.108496,430.545237,1
3,3743,0.594077,163.880783,0.592850,163.853423,1
3,3744,264.808807,163.578613,264.796779,163.567255,1
3,3745,0.899413,430.833496,0.896223,430.859406,1
3,3746,166.099045,487.848816,166.091975,487.898754,1
3,3747,78.027458,487.949524,78.012627,488.006639,1
3,3748,221.121964,468.717804,221.119384,468.752847,1
3,3749,320.006165,296.992004,319.985375,296.991282,1
3,3750,11.755701,297.344543,11.768920,297.340567,1
3,3751,320.049774,335.128113,320.032955,335.127810,1
3,3752,11.712073,259.208466,11.724053,259.203845,1
3,3753,319.962555,258.855896,319.943341,258.855353,1
3,3754,11.799329,335.480652,11.810715,335.477822,1
3,3755,254.126984,449.611969,254.125232,449.637333,1
3,3756,11.581247,144.800140,11.575263,144.764645,1
3,3757,11.930154,449.888977,11.922322,449.924826,1
3,3758,188.116928,487.823608,188.112778,487.875371,1
3,3759,0.724960,278.289093,0.738268,278.284591,1
3,3760,0.768588,316.425201,0.781561,316.422032,1
3,3761,0.637704,202.016891,0.643249,202.003258,1
3,3762,0.855785,392.697388,0.859787,392.706507,1
3,3763,11.624876,182.936249,11.626386,182.918788,1
3,3764,11.886583,411.752869,11.886519,411.767105,1
3,3765,11.842957,373.616760,11.849683,373.618975,1
3,3766,0.899413,430.833496,0.896223,430.859406,1
3,3767,433.597809,237.105942,433.576731,237.109043,91
3,3768,443.798248,254.727066,443.778413,254.729087,91
3,3769,423.397369,219.484818,423.378743,219.489364,91
3,3770,443.757935,219.461533,443.740673,219.462458,91
3,3771,423.437683,254.750336,423.418069,254.750795,91
3,3772,453.958405,237.082657,453.942371,237.084287,91
3,3773,413.237244,237.129242,413.220058,237.132912,91
3,3774,433.638153,272.371490,433.619789,272.370344,91
3,3775,433.557465,201.840408,433.542687,201.839768,91
3,3776,433.557465,201.840408,433.542687,201.839768,91
3,3777,433.638153,272.371490,433.619789,272.370344,91
3,3778,464.158844,254.703781,464.148847,254.707100,91
3,3779,403.036774,219.508087,403.024642,219.514746,91
3,3780,464.118500,219.438232,464.112712,219.433971,91
3,3781,403.077118,254.773651,403.065525,254.772265,91
3,3782,453.998718,272.348175,453.984915,272.351370,91
3,3783,413.196930,201.863693,413.183393,201.868240,91
3,3784,453.918060,201.817108,453.911051,201.809110,91
3,3785,413.277557,272.394775,413.263550,272.389662,91
3,3786,474.318939,237.059372,474.319196,237.058594,91
3,3787,392.876678,237.152527,392.870112,237.155875,91
3,3788,443.838593,289.992615,443.826270,289.993375,91
3,3789,423.357025,184.219269,423.347393,184.214435,91
3,3790,443.717621,184.195969,443.713126,184.182181,91
3,3791,423.478027,290.015900,423.465282,290.009932,91
3,3792,484.519409,254.680511,484.531659,254.684826,91
3,3793,382.676239,219.531387,382.676295,219.538673,91
3,3794,484.479095,219.414948,484.497211,219.403884,91
3,3795,382.716553,254.796936,382.718610,254.793462,91
3,3796,474.359283,272.324921,474.361263,272.332798,91
3,3797,392.836334,201.886978,392.830865,201.894618,91
3,3798,474.278625,201.793839,474.290683,201.776242,91
3,3799,392.916992,272.418060,392.914031,272.409352,91
3,3800,464.199188,289.969330,464.197350,289.977816,91
3,3801,402.996460,184.242554,402.989656,184.243941,91
3,3802,464.078186,184.172699,464.089027,184.147120,91
3,3803,403.117462,290.039185,403.112092,290.027498,91
3,3804,494.679535,237.036087,494.709679,237.031934,91
3,3805,372.516113,237.175797,372.524780,237.177999,91
3,3806,433.678467,307.637024,433.671779,307.634984,91
3,3807,433.517120,166.574860,433.517847,166.551506,91
3,3808,433.517120,166.574860,433.517847,166.551506,91
3,3809,433.678467,307.637024,433.671779,307.634984,91
3,3810,494.719879,272.301636,494.751233,272.314604,91
3,3811,372.475769,201.910263,372.483092,201.918958,91
3,3812,372.556458,272.441345,372.569112,272.429415,91
3,3813,362.315643,219.554672,362.331549,219.561198,91
3,3814,362.355988,254.820206,362.375266,254.814438,91
3,3815,484.559753,289.946045,484.580808,289.963324,91
3,3816,382.635895,184.265839,382.637757,184.270778,91
3,3817,382.756897,290.062469,382.764528,290.046056,91
3,3818,454.039032,307.613739,454.038682,307.621847,91
3,3819,413.317902,307.660309,413.313815,307.649782,91
3,3820,392.957306,307.683624,392.962545,307.666234,91
3,3821,352.155518,237.199097,352.182045,237.199347,91
3,3822,377.107941,255.753204,376.842932,256.046420,89
3,3823,387.298065,273.356476,387.726777,274.847002,89
3,3824,366.917847,238.149918,365.960446,237.246246,89
3,3825,387.257782,238.126663,387.683248,237.220915,89
3,3826,366.958130,273.379730,366.004323,274.870578,89
3,3827,397.447876,255.729950,398.567082,256.021879,89
3,3828,356.768005,255.776459,355.121804,256.070777,89
3,3829,377.148254,290.983002,376.888174,293.671495,89
3,3830,377.067657,220.523376,376.800777,218.419644,89
3,3831,377.067657,220.523376,376.800777,218.419644,89
3,3832,377.148254,290.983002,376.888174,293.671495,89
3,3833,407.638000,273.333221,409.452874,274.823588,89
3,3834,346.577850,238.173187,344.240079,237.271077,89
3,3835,407.597717,238.103409,409.409685,237.195043,89
3,3836,346.618164,273.403015,344.284249,274.894345,89
3,3837,397.488190,290.959747,398.612609,293.649045,89
3,3838,356.727692,220.546646,355.078727,218.445463,89
3,3839,397.407593,220.500107,398.525840,218.392956,89
3,3840,356.808289,291.006287,355.166733,293.694481,89
3,3841,417.787842,255.706665,420.295465,255.997111,89
3,3842,336.428040,255.799744,333.402534,256.094994,89
3,3843,387.338318,308.586304,387.773961,312.474620,89
3,3844,366.877533,202.920090,365.919084,199.617097,89
3,3845,387.217468,202.896835,387.643399,199.589929,89
3,3846,366.998413,308.609558,366.050617,312.496447,89
3,3847,427.977966,273.309967,431.183854,274.800334,89
3,3848,326.237915,238.196457,322.521110,237.295424,89
3,3849,427.937653,238.080124,431.140994,237.168580,89
3,3850,326.278229,273.426270,322.565541,274.918248,89
3,3851,417.828125,290.936493,420.341274,293.627115,89
3,3852,336.387726,220.569901,333.358615,218.470442,89
3,3853,417.747559,220.476852,420.255229,218.365378,89
3,3854,336.468292,291.029541,333.447172,293.717937,89
3,3855,407.678284,308.563049,409.500994,312.453631,89
3,3856,346.537567,202.943359,344.197278,199.643104,89
3,3857,407.557434,202.873566,409.371438,199.561518,89
3,3858,346.658447,308.632812,344.329673,312.519116,89
3,3859,438.127777,255.683411,442.029347,255.972166,89
3,3860,316.088104,255.822998,311.684151,256.119033,89
3,3861,377.027374,185.293549,376.761780,180.784923,89
3,3862,377.027374,185.293549,376.761780,180.784923,89
3,3863,438.168060,290.913239,442.075439,293.605714,89
3,3864,316.047821,220.593155,311.639452,218.494645,89
3,3865,438.087494,220.453598,441.990117,218.336866,89
3,3866,448.317902,273.286682,452.920956,274.777212,89
3,3867,448.277618,238.056870,452.878493,237.141566,89
3,3868,428.018250,308.539764,431.232868,312.433557,89
3,3869,326.197632,202.966614,322.476955,199.667980,89
3,3870,427.897369,202.850311,431.104340,199.531850,89
3,3871,356.687408,185.316818,355.037680,180.812322,89
3,3872,397.367310,185.270294,398.489010,180.756007,89
3,3873,417.707245,185.247025,420.220580,180.725487,89
3,3874,377.107941,255.753204,376.842932,256.046420,87
3,3875,387.298065,273.356476,387.726777,274.847002,87
3,3876,366.917847,238.149918,365.960446,237.246246,87
3,3877,387.257782,238.126663,387.683248,237.220915,87
3,3878,366.958130,273.379730,366.004323,274.870578,87
3,3879,397.447876,255.729950,398.567082,256.021879,87
3,3880,356.768005,255.776459,355.121804,256.070777,87
3,3881,377.148254,290.983002,376.888174,293.671495,87
3,3882,377.067657,220.523376,376.800777,218.419644,87
3,3883,377.067657,220.523376,376.800777,218.419644,87
3,3884,377.148254,290.983002,376.888174,293.671495,87
3,3885,407.638000,273.333221,409.452874,274.823588,87
3,3886,346.577850,238.173187,344.240079,237.271077,87
3,3887,407.597717,238.103409,409.409685,237.195043,87
3,3888,346.618164,273.403015,344.284249,274.894345,87
3,3889,397.488190,290.959747,398.612609,293.649045,87
3,3890,356.727692,220.546646,355.078727,218.445463,87
3,3891,397.407593,220.500107,398.525840,218.392956,87
3,3892,356.808289,291.006287,355.166733,293.694481,87
3,3893,417.787842,255.706665,420.295465,255.997111,87
3,3894,336.428040,255.799744,333.402534,256.094994,87
3,3895,387.338318,308.586304,387.773961,312.474620,87
3,3896,366.877533,202.920090,365.919084,199.617097,87
3,3897,387.217468,202.896835,387.643399,199.589929,87
3,3898,366.998413,308.609558,366.050617,312.496447,87
3,3899,427.977966,273.309967,431.183854,274.800334,87
3,3900,326.237915,238.196457,322.521110,237.295424,87
3,3901,427.937653,238.080124,431.140994,237.168580,87
3,3902,326.278229,273.426270,322.565541,274.918248,87
3,3903,417.828125,290.936493,420.341274,293.627115,87
3,3904,336.387726,220.569901,333.358615,218.470442,87
3,3905,417.747559,220.476852,420.255229,218.365378,87
3,3906,336.468292,291.029541,333.447172,293.717937,87
3,3907,407.678284,308.563049,409.500994,312.453631,87
3,3908,346.537567,202.943359,344.197278,199.643104,87
3,3909,407.557434,202.873566,409.371438,199.561518,87
3,3910,346.658447,308.632812,344.329673,312.519116,87
3,3911,438.127777,255.683411,442.029347,255.972166,87
3,3912,316.088104,255.822998,311.684151,256.119033,87
3,3913,377.027374,185.293549,376.761780,180.784923,87
3,3914,377.027374,185.293549,376.761780,180.784923,87
3,3915,438.168060,290.913239,442.075439,293.605714,87
3,3916,316.047821,220.593155,311.639452,218.494645,87
3,3917,438.087494,220.453598,441.990117,218.336866,87
3,3918,448.317902,273.286682,452.920956,274.777212,87
3,3919,448.277618,238.056870,452.878493,237.141566,87
3,3920,428.018250,308.539764,431.232868,312.433557,87
3,3921,326.197632,202.966614,322.476955,199.667980,87
3,3922,427.897369,202.850311,431.104340,199.531850,87
3,3923,356.687408,185.316818,355.037680,180.812322,87
3,3924,397.367310,185.270294,398.489010,180.756007,87
3,3925,417.707245,185.247025,420.220580,180.725487,87
3,3926,168.148331,296.682312,168.149674,296.678404,49
3,3927,179.104294,315.608551,179.103048,315.600655,49
3,3928,157.192398,277.756073,157.195819,277.756041,49
3,3929,179.061005,277.731079,179.059852,277.731368,49
3,3930,157.235687,315.633575,157.238821,315.626201,49
3,3931,190.016907,296.657318,190.013292,296.653350,49
3,3932,146.279724,296.707336,146.285132,296.703570,49
3,3933,168.191666,334.559845,168.192045,334.549343,49
3,3934,168.105026,258.804810,168.105812,258.808652,49
3,3935,168.105026,258.804810,168.105812,258.808652,49
3,3936,168.191666,334.559845,168.192045,334.549343,49
3,3937,200.972885,315.583557,200.966594,315.575438,49
3,3938,135.323807,277.781067,135.330734,277.780635,49
3,3939,200.929581,277.706055,200.923194,277.706568,49
3,3940,135.367111,315.658600,135.373551,315.652074,49
3,3941,190.060242,334.534790,190.056237,334.523620,49
3,3942,146.236420,258.829834,146.241130,258.832792,49
3,3943,189.973602,258.779816,189.969605,258.784251,49
3,3944,146.323059,334.584839,146.326984,334.575550,49
3,3945,211.885483,296.632324,211.876506,296.628413,49
3,3946,124.411179,296.732361,124.419408,296.728873,49
3,3947,179.147629,353.486084,179.145167,353.473770,49
3,3948,157.149063,239.878586,157.150946,239.884531,49
3,3949,179.017670,239.853577,179.015487,239.860652,49
3,3950,157.279022,353.511078,157.280044,353.500097,49
3,3951,222.841461,315.558563,222.830052,315.550578,49
3,3952,113.455261,277.806091,113.464339,277.805174,49
3,3953,222.798157,277.681030,222.786439,277.681676,49
3,3954,113.498596,315.683594,113.507012,315.678180,49
3,3955,211.928818,334.509796,211.920076,334.498493,49
3,3956,124.367874,258.854828,124.375307,258.856664,49
3,3957,211.842178,258.754791,211.833029,258.759515,49
3,3958,124.454506,334.609833,124.460804,334.602209,49
3,3959,201.016205,353.461029,201.009707,353.448163,49
3,3960,135.280487,239.903595,135.285440,239.907947,49
3,3961,200.886246,239.828552,200.879417,239.836251,49
3,3962,135.410446,353.536072,135.413987,353.527088,49
3,3963,233.754059,296.607269,233.739949,296.603568,49
3,3964,102.542595,296.757355,102.552245,296.754248,49
3,3965,168.235001,372.437317,168.233071,372.426545,49
3,3966,168.061691,220.927322,168.060508,220.934997,49
3,3967,168.061691,220.927322,168.060508,220.934997,49
3,3968,168.235001,372.437317,168.233071,372.426545,49
3,3969,233.797394,334.484802,233.784189,334.473983,49
3,3970,102.499268,258.879852,102.508061,258.880352,49
3,3971,233.710770,258.729797,233.696710,258.734404,49
3,3972,102.585930,334.634857,102.593253,334.629253,49
3,3973,244.710037,315.533508,244.694113,315.526072,49
3,3974,91.586655,277.831116,91.596468,277.829713,49
3,3975,244.666733,277.656036,244.650280,277.656649,49
3,3976,91.629990,315.708588,91.638981,315.704511,49
3,3977,222.884796,353.436035,222.874244,353.423410,49
3,3978,113.411934,239.928604,113.418720,239.930997,49
3,3979,222.754822,239.803558,222.743319,239.811275,49
3,3980,113.541870,353.561127,113.546722,353.554679,49
3,3981,190.103577,372.412323,190.098572,372.400375,49
3,3982,146.193085,220.952316,146.195039,220.958205,49
3,3983,189.930267,220.902313,189.925216,220.911112,49
3,3984,146.366394,372.462311,146.366849,372.453612,49
3,3985,211.972153,372.387268,211.963855,372.375179,49
3,3986,124.324539,220.977341,124.328573,220.980856,49
3,3987,211.798859,220.877304,211.789671,220.886438,49
3,3988,124.497841,372.487366,124.499675,372.481486,49
3,3989,255.622665,296.582275,255.604404,296.578877,49
3,3990,80.673988,296.782349,80.683660,296.779717,49
3,3991,179.190933,391.363556,179.186454,391.355755,49
3,3992,157.105728,202.001083,157.104491,202.006676,49
3,3993,178.974335,201.976074,178.970219,201.983396,49
3,3994,157.322327,391.388550,157.319764,391.382608,49
3,3995,255.666000,334.459747,255.649354,334.450105,49
3,3996,80.630661,258.904877,80.639468,258.903945,49
3,3997,255.579376,258.704803,255.561429,258.708879,49
3,3998,80.717323,334.659882,80.724356,334.656635,49
3,3999,244.753372,353.411041,244.739464,353.399550,49
3,4000,91.543327,239.953613,91.550629,239.953785,49
3,4001,244.623398,239.778534,244.607881,239.785635,49
3,4002,91.673264,353.586121,91.678155,353.582707,49
3,4003,266.578644,315.508514,266.559614,315.501998,49
3,4004,69.718048,277.856110,69.727296,277.854221,49
3,4005,266.535339,277.631042,266.515556,277.631468,49
3,4006,69.761383,315.733612,69.769664,315.731024,49
3,4007,233.840729,372.362274,233.829533,372.351108,49
3,4008,102.455994,221.002365,102.460898,221.003053,49
3,4009,233.667435,220.852280,233.654489,220.860905,49
3,4010,102.629265,372.512360,102.631312,372.509980,49
3,4011,201.059509,391.338562,201.052748,391.330046,49
3,4012,135.237152,202.026093,135.237984,202.029175,49
3,4013,200.842911,201.951050,200.835503,201.959176,49
3,4014,135.453751,391.413605,135.452347,391.410496,49
3,4015,222.928085,391.313538,222.919208,391.305607,49
3,4016,113.368599,202.051102,113.370466,202.051005,49
3,4017,222.711487,201.926056,222.700911,201.933932,49
3,4018,113.585205,391.438599,113.583980,391.439206,49
3,4019,277.491241,296.557281,277.470674,296.554312,49
3,4020,58.805386,296.807373,58.813902,296.805271,49
3,4021,168.278305,410.314789,168.273184,410.314924,49
3,4022,168.018372,183.049820,168.014179,183.052472,49
3,4023,168.018372,183.049820,168.014179,183.052472,49
3,4024,168.278305,410.314789,168.273184,410.314924,49
3,4025,266.621979,353.386017,266.606193,353.376642,49
3,4026,69.674721,239.978638,69.681352,239.976395,49
3,4027,266.492004,239.753510,266.473933,239.759292,49
3,4028,69.804657,353.611115,69.808445,353.611089,49
3,4029,277.534576,334.434753,277.516370,334.426954,49
3,4030,58.762054,258.929871,58.769756,258.927451,49
3,4031,277.447937,258.679749,277.427986,258.682881,49
3,4032,58.848717,334.684875,58.854370,334.684216,49
3,4033,255.709335,372.337280,255.696370,372.328219,49
3,4034,80.587387,221.027359,80.591992,221.024909,49
3,4035,255.536041,220.827271,255.520437,220.834448,49
3,4036,80.760658,372.537354,80.761804,372.538980,49
3,4037,190.146881,410.289795,190.140688,410.288600,49
3,4038,146.149765,183.074844,146.147317,183.075112,49
3,4039,189.886948,183.024811,189.880505,183.028810,49
3,4040,146.409698,410.339844,146.405205,410.342524,49
3,4041,288.447205,315.483521,288.427409,315.478347,49
3,4042,47.849445,277.881134,47.857156,277.878758,49
3,4043,288.403931,277.605988,288.383117,277.606092,49
3,4044,47.892776,315.758636,47.899395,315.757699,49
3,4045,244.796677,391.288513,244.786499,391.282521,49
3,4046,91.499992,202.076111,91.501803,202.072351,49
3,4047,244.580063,201.901031,244.567111,201.907530,49
3,4048,91.716599,391.463593,91.714535,391.468598,49
3,4049,212.015457,410.264801,212.008195,410.263681,49
3,4050,124.281212,183.099838,124.279704,183.096865,49
3,4051,211.755524,182.999802,211.746780,183.003949,49
3,4052,124.541145,410.364838,124.536544,410.371167,49
3,4053,233.884033,410.239807,233.876295,410.240311,49
3,4054,102.412659,183.124863,102.411155,183.117940,49
3,4055,233.624100,182.974777,233.613597,182.977771,49
3,4056,102.672592,410.389832,102.667024,410.400686,49
3,4057,299.359863,296.532227,299.339774,296.529848,49
3,4058,36.936779,296.832397,36.943420,296.830932,49
3,4059,179.234268,429.241058,179.227549,429.251414,49
3,4060,157.062424,164.123581,157.057044,164.117854,49
3,4061,178.931030,164.098572,178.924586,164.094767,49
3,4062,157.365662,429.266083,157.358677,429.278399,49
3,4063,288.490540,353.360992,288.475277,353.354712,49
3,4064,47.806114,240.003632,47.811231,239.998919,49
3,4065,288.360596,239.728516,288.342319,239.732211,49
3,4066,47.936050,353.636139,47.937942,353.639699,49
3,4067,277.577911,372.312286,277.565153,372.306587,49
3,4068,58.718781,221.052383,58.722154,221.046592,49
3,4069,277.404602,220.802277,277.388304,220.806985,49
3,4070,58.892048,372.562378,58.891427,372.568328,49
3,4071,299.403198,334.409760,299.386248,334.404536,49
3,4072,36.893448,258.954895,36.899375,258.950969,49
3,4073,299.316559,258.654755,299.297393,258.656436,49
3,4074,36.980110,334.709869,36.983751,334.711935,49
3,4075,266.665283,391.263519,266.655435,391.260945,49
3,4076,69.631386,202.101135,69.632199,202.093366,49
3,4077,266.448669,201.876038,266.434920,201.879906,49
3,4078,69.847992,391.488647,69.844223,391.498513,49
3,4079,201.102844,429.216034,201.096304,429.225958,49
3,4080,135.193848,164.148590,135.189009,164.139850,49
3,4081,200.799606,164.073563,200.791942,164.070376,49
3,4082,135.497086,429.291077,135.489389,429.306659,49
3,4083,310.315796,315.458466,310.298525,315.455107,49
3,4084,25.980896,277.906158,25.986672,277.903382,49
3,4085,310.272491,277.580994,310.253994,277.580565,49
3,4086,26.024227,315.783630,26.028800,315.784427,49
3,4087,255.752640,410.214783,255.745729,410.218615,49
3,4088,80.544052,183.149857,80.541673,183.138504,49
3,4089,255.492706,182.949783,255.481705,182.950171,49
3,4090,80.803986,410.414886,80.796658,410.430897,49
3,4091,222.971420,429.191040,222.965476,429.202179,49
3,4092,113.325272,164.173599,113.320251,164.160929,49
3,4093,222.668182,164.048553,222.659654,164.044545,49
3,4094,113.628532,429.316071,113.619492,429.336008,49
3,4095,168.321625,448.192322,168.313206,448.218949,49
3,4096,167.975067,145.172318,167.967540,145.156571,49
3,4097,167.975067,145.172318,167.967540,145.156571,49
3,4098,168.321625,448.192322,168.313206,448.218949,49
3,4099,299.446533,372.287231,299.436883,372.286249,49
3,4100,36.850174,221.077393,36.851850,221.068240,49
3,4101,299.273224,220.777237,299.259092,220.778426,49
3,4102,37.023441,372.587402,37.020655,372.597883,49
3,4103,310.359131,353.335999,310.347736,353.333862,49
3,4104,25.937563,240.028641,25.940901,240.021487,49
3,4105,310.229156,239.703506,310.214063,239.704337,49
3,4106,26.067501,353.661163,26.067286,353.668430,49
3,4107,288.533844,391.238525,288.526842,391.240937,49
3,4108,47.762779,202.126144,47.762018,202.114222,49
3,4109,288.317261,201.851013,288.305169,201.850950,49
3,4110,47.979382,391.513641,47.973420,391.528691,49
3,4111,244.839996,429.166016,244.835705,429.180205,49
3,4112,91.456665,164.198624,91.450722,164.181340,49
3,4113,244.536758,164.023529,244.528367,164.017096,49
3,4114,91.759926,429.341125,91.748893,429.366234,49
3,4115,190.190201,448.167328,190.183336,448.192959,49
3,4116,146.106461,145.197342,146.098743,145.179128,49
3,4117,189.843643,145.147308,189.836122,145.132679,49
3,4118,146.453018,448.217316,146.442946,448.246487,49
3,4119,321.228394,296.507233,321.212659,296.505544,49
3,4120,15.068229,296.857391,15.072960,296.856629,49
3,4121,321.271729,334.384735,321.259939,334.382879,49
3,4122,15.024897,258.979919,15.029076,258.974604,49
3,4123,321.185089,258.629761,321.170601,258.629492,49
3,4124,15.111561,334.734894,15.113253,334.739695,49
3,4125,277.621216,410.189758,277.617267,410.198678,49
3,4126,58.675446,183.174881,58.671583,183.158802,49
3,4127,277.361298,182.924759,277.351875,182.921015,49
3,4128,58.935379,410.439880,58.925781,410.461509,49
3,4129,212.058792,448.142303,212.053780,448.168730,49
3,4130,124.237907,145.222336,124.229551,145.200544,49
3,4131,211.712219,145.122299,211.704941,145.107221,49
3,4132,124.584473,448.242310,124.572385,448.275336,49
3,4133,332.184387,315.433472,332.174039,315.432350,49
3,4134,4.112288,277.931152,4.116547,277.928072,49
3,4135,332.141083,277.556000,332.129264,277.554848,49
3,4136,4.155621,315.808655,4.158586,315.811182,49
3,4137,266.708618,429.140991,266.707777,429.160233,49
3,4138,69.588058,164.223633,69.580630,164.201314,49
3,4139,266.405365,163.998535,266.398871,163.987926,49
3,4140,69.891319,429.366119,69.877840,429.397022,49
3,4141,233.927368,448.117279,233.925095,448.146427,49
3,4142,102.369331,145.247360,102.359785,145.221092,49
3,4143,233.580795,145.097275,233.574563,145.080031,49
3,4144,102.715866,448.267365,102.701327,448.305265,49
3,4145,179.277603,467.118561,179.269302,467.164992,49
3,4146,157.019089,126.246063,157.009426,126.213898,49
3,4147,178.887695,126.221062,178.879329,126.190439,49
3,4148,321.315063,372.262238,321.312498,372.267319,49
3,4149,14.981623,221.102402,14.981848,221.090001,49
3,4150,321.141785,220.752243,321.133743,220.748777,49
3,4151,310.402435,391.213501,310.401728,391.222575,49
3,4152,25.894230,202.151154,25.891915,202.135147,49
3,4153,310.185822,201.825989,310.178865,201.820605,49
3,4154,332.227722,353.311005,332.224641,353.314105,49
3,4155,332.097748,239.678497,332.090235,239.675619,49
3,4156,299.489838,410.164764,299.491888,410.180656,49
3,4157,299.229889,182.899750,299.225089,182.890238,49
3,4158,135.150513,126.271080,135.139422,126.236011,49
3,4159,200.756271,126.196045,200.749398,126.165365,49
3,4160,80.500725,145.272369,80.489540,145.241012,49
3,4161,255.449402,145.072281,255.445706,145.050961,49
3,4162,343.097015,296.482239,343.090556,296.481373,49
3,4163,15.068229,296.857391,15.072960,296.856629,49
3,4164,343.140350,334.359711,343.138668,334.361980,49
3,4165,15.024897,258.979919,15.029076,258.974604,49
3,4166,343.053711,258.604706,343.048835,258.601997,49
3,4167,15.111561,334.734894,15.113253,334.739695,49
3,4168,288.273956,163.973511,288.271976,163.956890,49
3,4169,222.624847,126.171036,222.620140,126.138486,49
3,4170,4.112288,277.931152,4.116547,277.928072,49
3,4171,4.155621,315.808655,4.158586,315.811182,49
