6,0,561.470154,295.769470,561.464835,295.777479,148
6,1,570.766418,311.828613,570.765467,311.840895,148
6,2,552.173889,279.710327,552.165629,279.711806,148
6,3,570.729675,279.689117,570.729911,279.689075,148
6,4,552.210693,311.849854,552.203813,311.860535,148
6,5,580.025879,295.748260,580.030485,295.755548,148
6,6,542.914429,295.790710,542.904598,295.797915,148
6,7,561.506897,327.908966,561.504401,327.920909,148
6,8,561.433411,263.630005,561.430717,263.620337,148
6,9,561.433411,263.630005,561.430717,263.620337,148
6,10,561.506897,327.908966,561.504401,327.920909,148
6,11,589.322144,311.807373,589.332440,311.819763,148
6,12,533.618164,279.731567,533.606707,279.733042,148
6,13,589.285400,279.667908,589.299528,279.664815,148
6,14,533.654907,311.871063,533.647505,311.878644,148
6,15,580.062683,327.887756,580.067426,327.902087,148
6,16,542.877686,263.651215,542.867799,263.643871,148
6,17,579.989136,263.608765,579.998966,263.595271,148
6,18,542.951172,327.930176,542.946775,327.938225,148
6,19,598.581665,295.727051,598.601524,295.732091,148
6,20,524.358643,295.811920,524.349652,295.816818,148
6,21,273.432190,514.252808,273.501038,514.242880,258
6,22,265.958740,501.342529,266.050062,501.370501,258
6,23,280.876099,501.325470,280.924003,501.352684,258
6,24,288.349548,514.235779,288.376920,514.226150,258
6,25,258.514801,514.269897,258.632493,514.257605,258
6,26,548.572388,115.368813,550.377845,115.405589,81
6,27,558.415466,132.372604,561.230418,134.152047,81
6,28,538.729309,98.365028,539.525806,96.658259,81
6,29,558.376587,98.342560,561.187744,96.633033,81
6,30,538.768188,132.395081,539.569467,134.176040,81
6,31,568.219666,115.346336,572.040304,115.380669,81
6,32,528.925110,115.391273,528.717415,115.429901,81
6,33,548.611328,149.398880,550.422108,152.921295,81
6,34,548.533508,81.338753,550.335719,77.884462,81
6,35,548.533508,81.338753,550.335719,77.884462,81
6,36,548.611328,149.398880,550.422108,152.921295,81
6,37,578.062744,132.350128,582.893456,134.127446,81
6,38,519.082031,98.387505,517.865894,96.682904,81
6,39,578.023865,98.320084,582.851833,96.607194,81
6,40,519.120972,132.417557,517.910652,134.199458,81
6,41,568.258545,149.376404,572.083524,152.897605,81
6,42,528.886230,81.361244,528.674243,77.910038,81
6,43,568.180786,81.316284,571.999287,77.858316,81
6,44,528.964050,149.421341,528.762715,152.944382,81
6,45,587.866943,115.323875,593.704915,115.355166,81
6,46,509.277893,115.413750,507.059089,115.453636,81
6,47,558.454407,166.402664,561.275224,171.665654,81
6,48,538.690430,64.334991,539.484229,59.135055,81
6,49,558.337646,64.312531,561.147221,59.108586,81
6,50,538.807129,166.425125,539.615309,171.688426,81
6,51,499.434784,98.409966,496.208057,96.706943,81
6,52,499.473724,132.440018,496.253847,134.222275,81
6,53,509.238983,81.383705,507.014906,77.934989,81
6,54,587.828003,81.293823,593.664900,77.831567,81
6,55,509.316803,149.443817,507.105421,152.966898,81
6,56,519.043152,64.357452,517.823270,59.160924,81
6,57,519.159912,166.447601,517.957524,171.710627,81
6,58,489.630646,115.436234,485.402830,115.476784,81
6,59,667.168823,154.995209,667.157047,155.008983,162
6,60,677.695435,173.179810,677.684792,173.193759,162
6,61,656.642212,136.810593,656.630040,136.822973,162
6,62,677.653809,136.786575,677.642765,136.798732,162
6,63,656.683777,173.203842,656.673470,173.216281,162
6,64,688.180420,154.971191,688.170501,154.985186,162
6,65,646.157166,155.019241,646.146454,155.031962,162
6,66,667.210449,191.388458,667.201278,191.399411,162
6,67,667.127197,118.601952,667.115770,118.611050,162
6,68,667.127197,118.601952,667.115770,118.611050,162
6,69,667.210449,191.388458,667.201278,191.399411,162
6,70,698.707092,173.155777,698.699033,173.170391,162
6,71,635.630493,136.834625,635.620175,136.846395,162
6,72,698.665466,136.762527,698.658475,136.773638,162
6,73,635.672180,173.227875,635.665111,173.237991,162
6,74,688.222046,191.364426,688.213275,191.377330,162
6,75,646.115540,118.625992,646.103717,118.635752,162
6,76,688.138855,118.577927,688.130750,118.585523,162
6,77,646.198792,191.412491,646.192134,191.420682,162
6,78,709.192078,154.947144,709.186943,154.960538,162
6,79,625.145508,155.043274,625.138821,155.054099,162
6,80,677.737061,209.573059,677.729767,209.581315,162
6,81,656.600586,100.417343,656.589516,100.422153,162
6,82,677.612183,100.393326,677.603714,100.396177,162
6,83,656.725403,209.597076,656.719892,209.602133,162
6,84,719.718750,173.131760,719.716154,173.146201,162
6,85,614.618835,136.858673,614.613210,136.868988,162
6,86,719.677124,136.738510,719.677072,136.747714,162
6,87,614.660461,173.251907,614.659588,173.258879,162
6,88,709.233765,191.340393,709.228251,191.354404,162
6,89,625.103882,118.650009,625.094631,118.659605,162
6,90,709.150452,118.553886,709.148615,118.559137,162
6,91,625.187134,191.436523,625.185886,191.441118,162
6,92,698.748718,209.549042,698.742498,209.559673,162
6,93,635.588867,100.441383,635.578188,100.447302,162
6,94,698.623840,100.369286,698.620904,100.369341,162
6,95,635.713806,209.621124,635.712970,209.622146,162
6,96,730.203796,154.923126,730.206330,154.935062,162
6,97,604.133850,155.067307,604.134022,155.075427,162
6,98,667.252014,227.781708,667.248383,227.782404,162
6,99,667.085571,82.208702,667.077476,82.205582,162
6,100,667.085571,82.208702,667.077476,82.205582,162
6,101,667.252014,227.781708,667.248383,227.782404,162
6,102,730.245361,191.316376,730.246108,191.330658,162
6,103,604.092224,118.674049,604.088388,118.682641,162
6,104,730.162170,118.529869,730.169490,118.531915,162
6,105,604.175476,191.460556,604.182574,191.460753,162
6,106,740.730408,173.107712,740.736278,173.121157,162
6,107,593.607239,136.882690,593.609188,136.890744,162
6,108,740.688782,136.714462,740.698682,136.720928,162
6,109,593.648865,173.275940,593.657000,173.278938,162
6,110,719.760376,209.524994,719.758210,209.537188,162
6,111,614.577209,100.465424,614.569768,100.471615,162
6,112,719.635498,100.345261,719.641046,100.341668,162
6,113,614.702148,209.645157,614.708877,209.641345,162
6,114,688.263672,227.757660,688.258991,227.762009,162
6,115,646.073914,82.232727,646.064003,82.232008,162
6,116,688.097229,82.184685,688.093938,82.178309,162
6,117,646.240417,227.805740,646.240731,227.801982,162
6,118,709.275391,227.733643,709.272514,227.740805,162
6,119,625.062256,82.256783,625.053397,82.257620,162
6,120,709.108826,82.160660,709.113295,82.150184,162
6,121,625.228760,227.829758,625.235910,227.820732,162
6,122,751.215393,154.899094,751.228622,154.908724,162
6,123,583.122192,155.091339,583.132100,155.095924,162
6,124,677.778687,245.966293,677.777664,245.961444,162
6,125,656.558899,64.024132,656.551981,64.013790,162
6,126,677.570618,64.000076,677.567718,63.986037,162
6,127,656.767029,245.990341,656.769224,245.980600,162
6,128,751.257019,191.292328,751.266972,191.306057,162
6,129,583.080566,118.698074,583.085030,118.704839,162
6,130,751.173767,118.505829,751.193278,118.503824,162
6,131,583.163818,191.484573,583.182074,191.479563,162
6,132,740.772034,209.500961,740.776861,209.513869,162
6,133,593.565613,100.489449,593.564300,100.495083,162
6,134,740.647156,100.321220,740.664099,100.313125,162
6,135,761.742004,173.083694,761.759310,173.095279,162
6,136,761.700439,136.690445,761.723264,136.693302,162
6,137,730.286987,227.709610,730.288909,227.718774,162
6,138,604.050598,82.280807,604.045697,82.282366,162
6,139,730.120483,82.136604,730.135670,82.121173,162
6,140,698.790344,245.942261,698.788953,245.941498,162
6,141,635.547241,64.048149,635.539176,64.040668,162
6,142,698.582214,63.976051,698.586347,63.957458,162
6,143,719.593872,63.952030,719.607992,63.928020,162
6,144,772.227051,154.875046,772.253944,154.881534,162
6,145,761.658813,100.297203,761.690189,100.283735,162
6,146,772.185425,118.481789,772.220106,118.474874,162
6,147,751.132202,82.112579,751.161024,82.091328,162
6,148,667.168823,154.995209,667.157047,155.008983,163
6,149,677.695435,173.179810,677.684792,173.193759,163
6,150,656.642212,136.810593,656.630040,136.822973,163
6,151,677.653809,136.786575,677.642765,136.798732,163
6,152,656.683777,173.203842,656.673470,173.216281,163
6,153,688.180420,154.971191,688.170501,154.985186,163
6,154,646.157166,155.019241,646.146454,155.031962,163
6,155,667.210449,191.388458,667.201278,191.399411,163
6,156,667.127197,118.601952,667.115770,118.611050,163
6,157,667.127197,118.601952,667.115770,118.611050,163
6,158,667.210449,191.388458,667.201278,191.399411,163
6,159,698.707092,173.155777,698.699033,173.170391,163
6,160,635.630493,136.834625,635.620175,136.846395,163
6,161,698.665466,136.762527,698.658475,136.773638,163
6,162,635.672180,173.227875,635.665111,173.237991,163
6,163,688.222046,191.364426,688.213275,191.377330,163
6,164,646.115540,118.625992,646.103717,118.635752,163
6,165,688.138855,118.577927,688.130750,118.585523,163
6,166,646.198792,191.412491,646.192134,191.420682,163
6,167,709.192078,154.947144,709.186943,154.960538,163
6,168,625.145508,155.043274,625.138821,155.054099,163
6,169,677.737061,209.573059,677.729767,209.581315,163
6,170,656.600586,100.417343,656.589516,100.422153,163
6,171,677.612183,100.393326,677.603714,100.396177,163
6,172,656.725403,209.597076,656.719892,209.602133,163
6,173,719.718750,173.131760,719.716154,173.146201,163
6,174,614.618835,136.858673,614.613210,136.868988,163
6,175,719.677124,136.738510,719.677072,136.747714,163
6,176,614.660461,173.251907,614.659588,173.258879,163
6,177,709.233765,191.340393,709.228251,191.354404,163
6,178,625.103882,118.650009,625.094631,118.659605,163
6,179,709.150452,118.553886,709.148615,118.559137,163
6,180,625.187134,191.436523,625.185886,191.441118,163
6,181,698.748718,209.549042,698.742498,209.559673,163
6,182,635.588867,100.441383,635.578188,100.447302,163
6,183,698.623840,100.369286,698.620904,100.369341,163
6,184,635.713806,209.621124,635.712970,209.622146,163
6,185,730.203796,154.923126,730.206330,154.935062,163
6,186,604.133850,155.067307,604.134022,155.075427,163
6,187,667.252014,227.781708,667.248383,227.782404,163
6,188,667.085571,82.208702,667.077476,82.205582,163
6,189,667.085571,82.208702,667.077476,82.205582,163
6,190,667.252014,227.781708,667.248383,227.782404,163
6,191,730.245361,191.316376,730.246108,191.330658,163
6,192,604.092224,118.674049,604.088388,118.682641,163
6,193,730.162170,118.529869,730.169490,118.531915,163
6,194,604.175476,191.460556,604.182574,191.460753,163
6,195,740.730408,173.107712,740.736278,173.121157,163
6,196,593.607239,136.882690,593.609188,136.890744,163
6,197,740.688782,136.714462,740.698682,136.720928,163
6,198,593.648865,173.275940,593.657000,173.278938,163
6,199,719.760376,209.524994,719.758210,209.537188,163
6,200,614.577209,100.465424,614.569768,100.471615,163
6,201,719.635498,100.345261,719.641046,100.341668,163
6,202,614.702148,209.645157,614.708877,209.641345,163
6,203,688.263672,227.757660,688.258991,227.762009,163
6,204,646.073914,82.232727,646.064003,82.232008,163
6,205,688.097229,82.184685,688.093938,82.178309,163
6,206,646.240417,227.805740,646.240731,227.801982,163
6,207,709.275391,227.733643,709.272514,227.740805,163
6,208,625.062256,82.256783,625.053397,82.257620,163
6,209,709.108826,82.160660,709.113295,82.150184,163
6,210,625.228760,227.829758,625.235910,227.820732,163
6,211,751.215393,154.899094,751.228622,154.908724,163
6,212,583.122192,155.091339,583.132100,155.095924,163
6,213,677.778687,245.966293,677.777664,245.961444,163
6,214,656.558899,64.024132,656.551981,64.013790,163
6,215,677.570618,64.000076,677.567718,63.986037,163
6,216,656.767029,245.990341,656.769224,245.980600,163
6,217,751.257019,191.292328,751.266972,191.306057,163
6,218,583.080566,118.698074,583.085030,118.704839,163
6,219,751.173767,118.505829,751.193278,118.503824,163
6,220,583.163818,191.484573,583.182074,191.479563,163
6,221,740.772034,209.500961,740.776861,209.513869,163
6,222,593.565613,100.489449,593.564300,100.495083,163
6,223,740.647156,100.321220,740.664099,100.313125,163
6,224,761.742004,173.083694,761.759310,173.095279,163
6,225,761.700439,136.690445,761.723264,136.693302,163
6,226,730.286987,227.709610,730.288909,227.718774,163
6,227,604.050598,82.280807,604.045697,82.282366,163
6,228,730.120483,82.136604,730.135670,82.121173,163
6,229,698.790344,245.942261,698.788953,245.941498,163
6,230,635.547241,64.048149,635.539176,64.040668,163
6,231,698.582214,63.976051,698.586347,63.957458,163
6,232,719.593872,63.952030,719.607992,63.928020,163
6,233,772.227051,154.875046,772.253944,154.881534,163
6,234,761.658813,100.297203,761.690189,100.283735,163
6,235,772.185425,118.481789,772.220106,118.474874,163
6,236,751.132202,82.112579,751.161024,82.091328,163
6,237,609.166382,174.971542,609.000745,174.923597,186
6,238,618.599304,191.266830,618.434306,191.216953,186
6,239,599.733398,158.676239,599.568506,158.628056,186
6,240,618.562073,158.654709,618.397296,158.605591,186
6,241,599.770752,191.288376,599.608149,191.236368,186
6,242,627.994995,174.949997,627.830837,174.901920,186
6,243,590.337769,174.993073,590.175891,174.943784,186
6,244,609.203674,207.583664,609.041725,207.526764,186
6,245,609.129089,142.359406,608.965031,142.307068,186
6,246,609.129089,142.359406,608.965031,142.307068,186
6,247,609.203674,207.583664,609.041725,207.526764,186
6,248,637.427979,191.245300,637.265705,191.196075,186
6,249,580.904785,158.697769,580.744900,158.649030,186
6,250,637.390625,158.633179,637.231245,158.581650,186
6,251,580.942078,191.309906,580.787112,191.254305,186
6,252,628.032349,207.562134,627.869237,207.508131,186
6,253,590.300476,142.380936,590.137589,142.330311,186
6,254,627.957703,142.337875,627.797726,142.282322,186
6,255,590.375061,207.605194,590.219387,207.543921,186
6,256,646.823608,174.928452,646.666093,174.878758,186
6,257,571.509155,175.014603,571.356151,174.962515,186
6,258,618.524780,126.042564,618.365537,125.980790,186
6,259,656.219299,158.611633,656.070476,158.556201,186
6,260,646.786316,142.316330,646.635650,142.256077,186
6,261,688.380371,194.564560,688.381747,194.586191,209
6,262,697.403198,210.151367,697.399787,210.160561,209
6,263,679.357544,178.977753,679.365215,179.009325,209
6,264,697.367554,178.957138,697.365477,178.987095,209
6,265,679.393250,210.171951,679.402546,210.179277,209
6,266,706.390381,194.543961,706.383505,194.564864,209
6,267,670.370422,194.585159,670.386002,194.605804,209
6,268,688.416077,225.758759,688.420595,225.750275,209
6,269,688.344727,163.370346,688.348914,163.406856,209
6,270,688.344727,163.370346,688.348914,163.406856,209
6,271,688.416077,225.758759,688.420595,225.750275,209
6,272,661.347534,178.998337,661.370916,179.029838,209
6,273,715.377502,178.936554,715.371681,178.963163,209
6,274,661.383240,210.192551,661.411201,210.196303,209
6,275,670.334717,163.390945,670.350193,163.429979,209
6,276,706.354675,163.349747,706.353668,163.382005,209
6,277,652.360413,194.605759,652.396149,194.623738,209
6,278,769.536560,95.130997,769.539276,95.121923,37
6,279,779.425171,112.213493,779.425726,112.198092,37
6,280,759.647888,78.048477,759.653937,78.043891,37
6,281,779.386108,78.025909,779.388341,78.019711,37
6,282,759.686951,112.236076,759.693563,112.219656,37
6,283,789.274719,95.108421,789.274724,95.098410,37
6,284,749.798279,95.153564,749.808209,95.144150,37
6,285,769.575623,129.318588,769.580075,129.293346,37
6,286,769.497437,60.943405,769.502967,60.939168,37
6,287,769.497437,60.943405,769.502967,60.939168,37
6,288,769.575623,129.318588,769.580075,129.293346,37
6,289,799.163391,112.190926,799.162324,112.175269,37
6,290,739.909668,78.071045,739.923960,78.066796,37
6,291,799.124329,78.003319,799.127142,77.994223,37
6,292,739.948730,112.258652,739.965867,112.239958,37
6,293,789.313843,129.296021,789.313284,129.272455,37
6,294,749.759155,60.966000,749.769655,60.964056,37
6,295,789.235657,60.920837,789.240725,60.913022,37
6,296,749.837402,129.341156,749.851233,129.312962,37
6,297,809.012939,95.085854,809.014677,95.073629,37
6,298,730.060120,95.176147,730.081603,95.165125,37
6,299,779.464294,146.401108,779.467642,146.365199,37
6,300,759.608765,43.860870,759.618758,43.856749,37
6,301,779.346985,43.838303,779.355424,43.829917,37
6,302,759.726074,146.423676,759.737701,146.384158,37
6,303,818.901672,112.168343,818.903380,112.151155,37
6,304,720.171387,78.093643,720.198390,78.088460,37
6,305,818.862549,77.980751,818.870467,77.967470,37
6,306,720.210510,112.281219,720.242511,112.258990,37
6,307,809.052063,129.273453,809.050985,129.250308,37
6,308,730.020996,60.988567,730.040818,60.987641,37
6,309,808.973816,60.898270,808.982898,60.885584,37
6,310,730.099182,129.363739,730.126787,129.331337,37
6,311,739.870544,43.883438,739.886534,43.882294,37
6,312,739.987854,146.446259,740.012214,146.401865,37
6,313,710.321899,95.198715,710.359334,95.184830,37
6,314,549.472595,116.336014,549.470801,116.342699,116
6,315,559.178955,133.103653,559.182482,133.117855,116
6,316,539.766235,99.568390,539.760308,99.565579,116
6,317,559.140564,99.546234,559.146222,99.541480,116
6,318,539.804565,133.125793,539.798843,133.139210,116
6,319,568.846924,116.313850,568.857873,116.319299,116
6,320,530.098206,116.358162,530.088321,116.364762,116
6,321,549.510986,149.893433,549.510601,149.911691,116
6,322,549.434204,82.778587,549.435762,82.761639,116
6,323,549.434204,82.778587,549.435762,82.761639,116
6,324,549.510986,149.893433,549.510601,149.911691,116
6,325,578.553345,133.081482,578.570767,133.095165,116
6,326,520.391785,99.590553,520.378983,99.588366,116
6,327,578.514954,99.524071,578.536847,99.516034,116
6,328,520.430176,133.147964,520.419882,133.159265,116
6,329,568.885315,149.871262,568.895350,149.891029,116
6,330,530.059814,82.800766,530.050953,82.786478,116
6,331,568.808594,82.756439,568.825228,82.735489,116
6,332,530.136597,149.915588,530.130430,149.931028,116
6,333,588.221313,116.291695,588.249661,116.294580,116
6,334,510.723816,116.380325,510.710488,116.385523,116
6,335,559.217346,166.661057,559.223492,166.682196,116
6,336,539.842957,166.683212,539.842160,166.700831,116
6,337,501.017426,99.612709,501.002275,99.609822,116
6,338,501.055817,133.170120,501.045472,133.177999,116
6,339,588.259705,149.849121,588.284802,149.869060,116
6,340,510.685455,82.822922,510.670829,82.809964,116
6,341,510.762207,149.937744,510.754893,149.949073,116
6,342,520.468567,166.705368,520.465490,166.718176,116
6,343,609.195557,136.462891,609.563241,136.261092,224
6,344,618.582947,152.679459,620.010867,154.308839,224
6,345,599.808167,120.246300,599.116456,118.212028,224
6,346,618.545837,120.224861,619.969926,118.187477,224
6,347,599.845276,152.700897,599.158941,154.331567,224
6,348,627.933228,136.441452,630.417482,136.237014,224
6,349,590.457886,136.484314,588.712140,136.284276,224
6,350,609.232666,168.917465,609.606524,172.377547,224
6,351,609.158386,104.008301,609.523103,100.136660,224
6,352,609.158386,104.008301,609.523103,100.136660,224
6,353,609.232666,168.917465,609.606524,172.377547,224
6,354,637.320618,152.658035,640.865826,154.285245,224
6,355,581.070496,120.267723,578.266068,118.235683,224
6,356,637.283447,120.203438,640.826440,118.162054,224
6,357,581.107605,152.722321,578.310088,154.353408,224
6,358,627.970337,168.896027,630.459223,172.355287,224
6,359,590.420776,104.029724,588.670456,100.161670,224
6,360,627.896057,103.986862,630.378900,100.110748,224
6,361,590.495056,168.938889,588.756956,172.398920,224
6,362,646.670898,136.420013,651.274824,136.212050,224
6,363,571.720215,136.505753,567.864056,136.306598,224
6,364,609.195557,136.462891,609.563241,136.261092,225
6,365,618.582947,152.679459,620.010867,154.308839,225
6,366,599.808167,120.246300,599.116456,118.212028,225
6,367,618.545837,120.224861,619.969926,118.187477,225
6,368,599.845276,152.700897,599.158941,154.331567,225
6,369,627.933228,136.441452,630.417482,136.237014,225
6,370,590.457886,136.484314,588.712140,136.284276,225
6,371,609.232666,168.917465,609.606524,172.377547,225
6,372,609.158386,104.008301,609.523103,100.136660,225
6,373,609.158386,104.008301,609.523103,100.136660,225
6,374,609.232666,168.917465,609.606524,172.377547,225
6,375,637.320618,152.658035,640.865826,154.285245,225
6,376,581.070496,120.267723,578.266068,118.235683,225
6,377,637.283447,120.203438,640.826440,118.162054,225
6,378,581.107605,152.722321,578.310088,154.353408,225
6,379,627.970337,168.896027,630.459223,172.355287,225
6,380,590.420776,104.029724,588.670456,100.161670,225
6,381,627.896057,103.986862,630.378900,100.110748,225
6,382,590.495056,168.938889,588.756956,172.398920,225
6,383,646.670898,136.420013,651.274824,136.212050,225
6,384,571.720215,136.505753,567.864056,136.306598,225
6,385,257.620575,536.564026,257.311120,536.466989,3
6,386,250.283798,523.889893,249.799210,523.489106,3
6,387,264.928314,523.873108,264.797750,523.469399,3
6,388,250.312820,549.254883,249.829866,549.457309,3
6,389,242.976059,536.580750,242.317949,536.483572,3
6,390,1184.098022,615.840088,1194.493596,616.029271,107
6,391,1178.173950,605.606323,1183.303617,596.696937,107
6,392,1172.273315,615.853577,1172.163209,616.051603,107
6,393,688.818665,155.599991,688.831701,155.622307,226
6,394,699.254211,173.627136,699.264578,173.643132,226
6,395,678.383179,137.572815,678.399676,137.600138,226
6,396,699.212891,137.548981,699.224506,137.575158,226
6,397,678.424438,173.650955,678.441329,173.666251,226
6,398,709.648376,155.576157,709.657319,155.597808,226
6,399,667.988953,155.623795,668.009294,155.645890,226
6,400,688.859924,191.678131,688.874159,191.685313,226
6,401,688.777405,119.521820,688.792494,119.551199,226
6,402,688.777405,119.521820,688.792494,119.551199,226
6,403,688.859924,191.678131,688.874159,191.685313,226
6,404,720.083862,173.603317,720.090933,173.619125,226
6,405,657.553467,137.596619,657.578055,137.624200,226
6,406,720.042603,137.525162,720.052451,137.549283,226
6,407,657.594666,173.674774,657.621225,173.688460,226
6,408,709.689697,191.654312,709.698199,191.662670,226
6,409,667.947693,119.545631,667.968449,119.576646,226
6,410,709.607117,119.497986,709.619650,119.524827,226
6,411,668.030212,191.701950,668.053322,191.707047,226
6,412,730.478149,155.552338,730.486111,155.572415,226
6,413,647.159180,155.647629,647.189975,155.668590,226
6,414,699.295410,209.705292,699.307784,209.703052,226
6,415,678.341919,101.494659,678.361227,101.525913,226
6,416,699.171631,101.470825,699.187652,101.499056,226
6,417,678.465698,209.729111,678.486157,209.724313,226
6,418,740.913635,173.579483,740.920518,173.594199,226
6,419,636.723694,137.620453,636.759519,137.647377,226
6,420,740.872375,137.501328,740.883637,137.522480,226
6,421,636.765015,173.698608,636.804305,173.709793,226
6,422,730.519348,191.630493,730.525347,191.639141,226
6,423,647.117920,119.569466,647.147557,119.601203,226
6,424,730.436890,119.474174,730.450044,119.497553,226
6,425,647.200500,191.725784,647.235563,191.727906,226
6,426,720.125183,209.681473,720.132617,209.680885,226
6,427,657.512207,101.518471,657.538021,101.551844,226
6,428,720.001404,101.447006,720.017256,101.471296,226
6,429,657.635986,209.752930,657.667611,209.744686,226
6,430,751.307861,155.528503,751.318035,155.546095,226
6,431,626.329529,155.671448,626.373838,155.690384,226
6,432,688.901184,227.756271,688.919785,227.740276,226
6,433,688.736145,83.443665,688.756457,83.471953,226
6,434,688.736145,83.443665,688.756457,83.471953,226
6,435,688.901184,227.756271,688.919785,227.740276,226
6,436,751.349121,191.606659,751.355729,191.614694,226
6,437,626.288208,119.593277,626.329855,119.624846,226
6,438,751.266602,119.450340,751.283580,119.469344,226
6,439,626.370728,191.749603,626.420922,191.747867,226
6,440,761.743347,173.555664,761.753239,173.568374,226
6,441,615.893982,137.644287,615.944107,137.669662,226
6,442,761.702148,137.477524,761.718022,137.494771,226
6,443,615.935242,173.722443,615.990447,173.730240,226
6,444,740.954895,209.657639,740.960617,209.657818,226
6,445,636.682434,101.542297,636.717908,101.576882,226
6,446,740.831116,101.423180,740.850001,101.442600,226
6,447,636.806274,209.776764,636.852240,209.764190,226
6,448,709.730957,227.732452,709.742260,227.719488,226
6,449,667.906433,83.467484,667.930816,83.499282,226
6,450,709.565857,83.419846,709.585220,83.443706,226
6,451,668.071472,227.780106,668.100450,227.760192,226
6,452,730.560669,227.708649,730.567834,227.697807,226
6,453,647.076721,83.491295,647.108390,83.525698,226
6,454,730.395630,83.396004,730.417230,83.414507,226
6,455,647.241760,227.803940,647.284292,227.779226,226
6,456,772.137634,155.504684,772.153218,155.518857,226
6,457,605.499756,155.695267,605.560759,155.711305,226
6,458,699.336670,245.783432,699.354207,245.754940,226
6,459,678.300659,65.416504,678.326065,65.443514,226
6,460,699.130371,65.392685,699.154044,65.414777,226
6,461,678.506958,245.807251,678.534133,245.774373,226
6,462,605.458496,119.617111,605.515221,119.647608,226
6,463,605.541016,191.773422,605.609439,191.766964,226
6,464,615.852661,101.566132,615.900930,101.601020,226
6,465,615.976501,209.800583,616.039921,209.782817,226
6,466,595.064270,137.668106,595.131859,137.691045,226
6,467,595.105530,173.746246,595.179743,173.749794,226
6,468,626.246948,83.515137,626.289056,83.551234,226
6,469,626.411987,227.827744,626.471189,227.797371,226
6,470,657.470947,65.440346,657.501205,65.471358,226
6,471,606.749512,177.387268,607.102406,177.143295,227
6,472,615.681152,192.816635,616.592634,193.536147,227
6,473,597.817810,161.957916,597.613474,160.748301,227
6,474,615.645874,161.937515,616.558058,160.724191,227
6,475,597.853149,192.837021,597.650637,193.557263,227
6,476,624.577576,177.366882,626.048267,177.119959,227
6,477,588.921448,177.407654,588.161685,177.165168,227
6,478,606.784790,208.266388,607.140882,209.947211,227
6,479,606.784790,208.266388,607.140882,209.947211,227
6,480,633.509277,192.796249,635.539777,193.513593,227
6,481,579.989746,161.978302,578.673976,160.770945,227
6,482,580.025024,192.857407,578.713659,193.576928,227
6,483,624.612915,208.245987,626.084210,209.926860,227
6,484,588.956726,208.286774,588.202628,209.966111,227
6,485,571.093384,177.428055,569.225979,177.185612,227
6,486,767.989197,216.847488,769.086644,219.399283,123
6,487,775.872864,230.466263,777.550988,234.020920,123
6,488,760.105652,203.228714,760.624070,204.774819,123
6,489,775.841675,203.210709,777.522363,204.751649,123
6,490,760.136841,230.484268,760.656116,234.040062,123
6,491,783.725220,216.829483,785.986660,219.377147,123
6,492,752.253235,216.865479,752.193538,219.419442,123
6,493,539.798218,257.754089,539.787242,257.802063,100
6,494,549.231201,274.049377,549.205099,274.070795,100
6,495,530.365295,241.458801,530.370708,241.531155,100
6,496,549.193848,241.437271,549.169614,241.507872,100
6,497,530.402527,274.070953,530.408676,274.091099,100
6,498,558.626892,257.732574,558.587505,257.779555,100
6,499,520.969604,257.775635,520.992126,257.823137,100
6,500,539.835571,290.366241,539.826595,290.356891,100
6,501,539.760925,225.141968,539.753100,225.233991,100
6,502,539.760925,225.141968,539.753100,225.233991,100
6,503,539.835571,290.366241,539.826595,290.356891,100
6,504,568.059814,274.027863,568.006674,274.049058,100
6,505,511.536652,241.480347,511.576895,241.552988,100
6,506,568.022522,241.415741,567.973738,241.483120,100
6,507,511.573944,274.092468,511.617433,274.109929,100
6,508,558.664124,290.344696,558.624279,290.337354,100
6,509,520.932312,225.163498,520.955447,225.258062,100
6,510,558.589539,225.120422,558.555915,225.208448,100
6,511,521.006897,290.387756,521.033995,290.374956,100
6,512,577.455444,257.711029,577.392892,257.755578,100
6,513,502.140991,257.797180,502.202160,257.842735,100
6,514,549.268494,306.661530,549.245783,306.620521,100
6,515,530.439880,306.683044,530.451873,306.637822,100
6,516,586.888428,274.006348,586.813377,274.025855,100
6,517,577.492798,290.323151,577.427170,290.316387,100
6,518,571.039734,557.488953,574.868427,559.651839,17
6,519,579.561340,572.209839,583.959177,575.355637,17
6,520,562.518188,542.768127,565.779183,543.945698,17
6,521,579.527588,542.748657,583.925429,543.922829,17
6,522,562.551880,572.229248,565.815617,575.375250,17
6,523,588.049133,557.469482,593.016157,559.629783,17
6,524,554.030334,557.508423,556.726399,559.672307,17
6,525,545.508728,542.787537,547.638636,543.966929,17
6,526,545.542419,572.248718,547.677693,575.393333,17
6,527,724.261108,93.980049,724.276631,93.959534,15
6,528,734.377563,111.456161,734.393750,111.433497,15
6,529,714.144531,76.503937,714.160440,76.483943,15
6,530,734.337585,76.480827,734.353605,76.460325,15
6,531,714.184570,111.479256,714.202556,111.454776,15
6,532,744.454041,93.956947,744.470709,93.936528,15
6,533,704.068054,94.003136,704.086403,93.981408,15
6,534,724.301025,128.955383,724.319687,128.926536,15
6,535,724.221069,59.004738,724.237485,58.982527,15
6,536,724.221069,59.004738,724.237485,58.982527,15
6,537,724.301025,128.955383,724.319687,128.926536,15
6,538,754.570557,111.433060,754.588798,111.411089,15
6,539,693.951538,76.527023,693.971228,76.506415,15
6,540,754.530579,76.457733,754.550688,76.435606,15
6,541,693.991577,111.502350,694.015303,111.474958,15
6,542,744.494080,128.932281,744.511851,128.905839,15
6,543,704.028015,59.027824,704.045283,59.006720,15
6,544,744.414062,58.981651,744.433548,58.957206,15
6,545,704.108093,128.978470,704.131469,128.946112,15
6,546,764.647095,93.933861,764.668763,93.912411,15
6,547,683.875000,94.026237,683.900060,94.002184,15
6,548,734.417603,146.431503,734.437850,146.396681,15
6,549,714.104553,41.528599,714.122349,41.503038,15
6,550,734.297546,41.505486,734.317449,41.477085,15
6,551,714.224548,146.454590,714.248609,146.415666,15
6,552,774.763611,111.409966,774.787825,111.387558,15
6,553,673.758545,76.550117,673.785844,76.527774,15
6,554,774.723633,76.434647,774.751710,76.409754,15
6,555,673.798523,111.525444,673.831867,111.494023,15
6,556,764.687134,128.909195,764.707924,128.884040,15
6,557,683.835083,59.050915,683.857032,59.029792,15
6,558,764.607117,58.958534,764.633599,58.930723,15
6,559,683.915039,129.001572,683.947070,128.964600,15
6,560,754.610596,146.408401,754.630932,146.376576,15
6,561,693.911560,41.551685,693.931108,41.527834,15
6,562,754.490601,41.482395,754.516532,41.450022,15
6,563,694.031555,146.477692,694.063245,146.433565,15
6,564,784.840088,93.910759,784.870705,93.887148,15
6,565,663.682007,94.049332,663.717635,94.021842,15
6,566,724.181091,24.029398,724.202337,23.995399,15
6,567,724.181091,24.029398,724.202337,23.995399,15
6,568,663.642029,59.074028,663.672604,59.051776,15
6,569,784.800110,58.935448,784.837603,58.903125,15
6,570,653.565552,76.573204,653.604376,76.548027,15
6,571,794.916626,76.411537,794.956635,76.382736,15
6,572,673.718506,41.574776,673.743760,41.551507,15
6,573,774.683655,41.459309,774.719566,41.421816,15
6,574,703.988037,24.052486,704.008145,24.021931,15
6,575,744.374084,24.006310,744.400456,23.967728,15
6,576,563.529175,178.169128,563.479191,176.971061,241
6,577,572.415283,193.519760,574.167860,195.436218,241
6,578,554.643005,162.818481,552.791158,158.504851,241
6,579,572.380127,162.798187,574.126018,158.479812,241
6,580,554.678162,193.540054,552.834237,195.459794,241
6,581,581.266296,178.148834,584.814732,176.946401,241
6,582,545.791992,178.189407,542.146136,176.995000,241
6,583,563.564270,208.890686,563.522916,213.923510,241
6,584,563.564270,208.890686,563.522916,213.923510,241
6,585,590.152405,193.499481,595.504028,195.411948,241
6,586,590.117249,162.777908,595.463429,158.454074,241
6,587,536.941040,193.560333,531.503034,195.482654,241
6,588,581.301392,208.870407,584.857166,213.900323,241
6,589,545.827148,208.910965,542.191088,213.946010,241
6,590,599.003357,178.128555,606.152714,176.921042,241
6,591,280.170441,535.173096,280.731324,535.378828,1
6,592,272.879272,522.577698,273.083232,522.166495,1
6,593,287.432800,522.561035,288.352932,522.146907,1
6,594,272.908112,547.785156,273.115041,548.603622,1
6,595,265.616913,535.189758,265.466925,535.395413,1
6,596,280.170441,535.173096,280.636940,535.274823,0
6,597,272.879272,522.577698,272.990645,522.065699,0
6,598,287.432800,522.561035,288.256745,522.046121,0
6,599,272.908112,547.785156,273.022461,548.496395,0
6,600,265.616913,535.189758,265.376142,535.291395,0
5,0,387.823486,276.916718,387.818019,276.925828,77
5,1,398.076721,294.628998,398.072495,294.638986,77
5,2,377.570282,259.204437,377.564458,259.211205,77
5,3,398.036163,259.181030,398.033224,259.186554,77
5,4,377.610840,294.652405,377.605394,294.661657,77
5,5,408.289368,276.893311,408.287656,276.901688,77
5,6,367.357635,276.940125,367.351815,276.949008,77
5,7,387.864014,312.364685,387.859830,312.372875,77
5,8,387.782959,241.468765,387.779682,241.469949,77
5,9,387.782959,241.468765,387.779682,241.469949,77
5,10,387.864014,312.364685,387.859830,312.372875,77
5,11,418.542603,294.605591,418.543006,294.615356,77
5,12,357.104401,259.227844,357.099095,259.234895,77
5,13,418.502045,259.157623,418.505408,259.160909,77
5,14,357.144928,294.675812,357.141659,294.683402,77
5,15,408.329926,312.341278,408.327832,312.350684,77
5,16,367.317078,241.492157,367.311785,241.495113,77
5,17,408.248840,241.445358,408.250995,241.443817,77
5,18,367.398132,312.388092,367.395279,312.394088,77
5,19,428.755280,276.869904,428.760742,276.876582,77
5,20,346.891693,276.963531,346.888948,276.971260,77
5,21,398.117279,330.076965,398.115233,330.082612,77
5,22,377.529755,223.756470,377.527031,223.751857,77
5,23,397.995605,223.733063,397.997448,223.725196,77
5,24,377.651367,330.100372,377.649755,330.103320,77
5,25,439.008484,294.582184,439.016942,294.590761,77
5,26,336.638489,259.251251,336.637093,259.257656,77
5,27,438.967926,259.134216,438.981028,259.134318,77
5,28,336.678986,294.699219,336.681303,294.704173,77
5,29,428.795807,312.317871,428.799220,312.327562,77
5,30,346.851166,241.515579,346.847260,241.519328,77
5,31,428.714722,241.421936,428.725740,241.416684,77
5,32,346.932220,312.411499,346.934055,312.414354,77
5,33,418.583130,330.053558,418.584058,330.060926,77
5,34,357.063843,223.779877,357.059972,223.777549,77
5,35,418.461517,223.709656,418.471348,223.697573,77
5,36,357.185455,330.123779,357.187688,330.123083,77
5,37,449.221161,276.846497,449.237239,276.850479,77
5,38,326.425812,276.986938,326.429483,276.992536,77
5,39,387.904572,347.812653,387.905114,347.811103,77
5,40,387.742401,206.020798,387.744821,206.005135,77
5,41,387.742401,206.020798,387.744821,206.005135,77
5,42,387.904572,347.812653,387.905114,347.811103,77
5,43,449.261688,312.294464,449.274035,312.303477,77
5,44,326.385254,241.538986,326.386148,241.542586,77
5,45,449.180634,241.398529,449.203959,241.388599,77
5,46,326.466339,312.434906,326.476225,312.433678,77
5,47,459.474396,294.558777,459.494346,294.565170,77
5,48,316.172607,259.274658,316.178517,259.279439,77
5,49,459.433838,259.110809,459.460124,259.106750,77
5,50,316.213135,294.722626,316.224363,294.724000,77
5,51,439.049042,330.030151,439.056351,330.038311,77
5,52,336.597931,223.803284,336.596311,223.802264,77
5,53,438.927399,223.686264,438.948665,223.668969,77
5,54,336.719543,330.147186,336.728964,330.141933,77
5,55,408.370483,347.789246,408.371468,347.790898,77
5,56,367.276520,206.044189,367.275243,206.032300,77
5,57,408.208313,205.997375,408.217852,205.976980,77
5,58,367.438690,347.836060,367.442201,347.830365,77
5,59,346.972778,347.859467,346.982607,347.848714,77
5,60,305.959930,277.010345,305.973379,277.012868,77
5,61,467.431854,333.391235,469.109863,334.279135,148
5,62,459.912811,320.402252,460.165952,318.828544,148
5,63,474.921143,320.385071,478.019868,318.807253,148
5,64,452.423523,333.408417,451.260304,334.297903,148
5,65,260.703796,134.368301,260.703533,134.380223,76
5,66,270.364624,151.057220,270.369651,151.074579,76
5,67,251.042969,117.679390,251.038610,117.683869,76
5,68,270.326416,117.657349,270.331164,117.661257,76
5,69,251.081177,151.079269,251.079346,151.094519,76
5,70,279.987213,134.346252,279.997210,134.358296,76
5,71,241.420364,134.390350,241.414376,134.400857,76
5,72,260.741974,167.768173,260.745482,167.786177,76
5,73,260.665588,100.968445,260.666290,100.962211,76
5,74,260.665588,100.968445,260.666290,100.962211,76
5,75,260.741974,167.768173,260.745482,167.786177,76
5,76,289.648041,151.035156,289.664479,151.053347,76
5,77,231.759552,117.701454,231.750621,117.705212,76
5,78,289.609833,117.635284,289.628254,117.637342,76
5,79,231.797775,151.101334,231.793594,151.113200,76
5,80,280.025391,167.746109,280.036912,167.766917,76
5,81,241.382141,100.990494,241.374880,100.985523,76
5,82,279.949005,100.946381,279.962232,100.937594,76
5,83,241.458542,167.790222,241.458558,167.804155,76
5,84,299.270660,134.324203,299.295477,134.335093,76
5,85,222.136948,134.412415,222.129768,134.420230,76
5,86,251.004761,84.279533,251.002614,84.261140,76
5,87,270.288208,84.257484,270.297437,84.235832,76
5,88,212.476151,117.723503,212.467153,117.725267,76
5,89,308.893250,117.613228,308.929926,117.612130,76
5,90,222.098740,101.012550,222.088032,101.007564,76
5,91,299.232452,100.924339,299.262778,100.911691,76
5,92,231.721344,84.301582,231.712370,84.285155,76
5,93,289.571625,84.235435,289.596809,84.209223,76
5,94,433.936066,155.433136,433.921575,155.447917,81
5,95,444.736145,174.090042,444.722339,174.104202,81
5,96,423.136017,136.776184,423.121432,136.790666,81
5,97,444.693451,136.751526,444.680035,136.765437,81
5,98,423.178741,174.114716,423.164818,174.128150,81
5,99,455.493469,155.408463,455.480726,155.423021,81
5,100,412.378693,155.457779,412.364659,155.472182,81
5,101,433.978760,192.771652,433.965539,192.783199,81
5,102,433.893372,118.094589,433.879880,118.106927,81
5,103,433.893372,118.094589,433.879880,118.106927,81
5,104,433.978760,192.771652,433.965539,192.783199,81
5,105,466.293549,174.065399,466.282012,174.079652,81
5,106,401.578644,136.800842,401.565063,136.815277,81
5,107,466.250854,136.726883,466.240824,136.739601,81
5,108,401.621338,174.139374,401.609497,174.151486,81
5,109,455.536194,192.746994,455.523609,192.759581,81
5,110,412.335968,118.119240,412.321853,118.132475,81
5,111,455.450775,118.069931,455.440093,118.080741,81
5,112,412.421387,192.796310,412.409697,192.806191,81
5,113,477.050873,155.383820,477.042038,155.397518,81
5,114,390.821259,155.482437,390.809856,155.495847,81
5,115,444.778839,211.428589,444.766850,211.437302,81
5,116,423.093292,99.437660,423.080292,99.447472,81
5,117,444.650726,99.413002,444.639986,99.420951,81
5,118,423.221436,211.453232,423.210430,211.459966,81
5,119,487.850952,174.040741,487.843876,174.054467,81
5,120,380.021210,136.825500,380.010805,136.839259,81
5,121,487.808228,136.702209,487.803755,136.713125,81
5,122,380.063934,174.164017,380.056336,174.174198,81
5,123,477.093597,192.722351,477.083835,192.735361,81
5,124,390.778534,118.143906,390.765972,118.157419,81
5,125,477.008209,118.045280,477.002530,118.053944,81
5,126,390.863983,192.820969,390.855962,192.828589,81
5,127,466.336243,211.403931,466.325444,211.414013,81
5,128,401.535919,99.462326,401.522838,99.473369,81
5,129,466.208160,99.388351,466.201873,99.393817,81
5,130,401.664001,211.477890,401.656147,211.482023,81
5,131,498.608307,155.359161,498.605578,155.371377,81
5,132,369.263885,155.507095,369.257269,155.518888,81
5,133,434.021484,230.110168,434.011724,230.112814,81
5,134,433.850677,80.756065,433.840446,80.760212,81
5,135,433.850677,80.756065,433.840446,80.760212,81
5,136,434.021484,230.110168,434.011724,230.112814,81
5,137,498.651001,192.697678,498.646253,192.710508,81
5,138,369.221161,118.168549,369.212314,118.181733,81
5,139,498.565613,118.020622,498.567144,118.026503,81
5,140,369.306580,192.845612,369.304409,192.850368,81
5,141,509.408386,174.016098,509.407971,174.028674,81
5,142,358.463806,136.850159,358.458732,136.862645,81
5,143,509.365662,136.677567,509.368950,136.686035,81
5,144,358.506500,174.188690,358.505298,174.196318,81
5,145,487.893677,211.379257,487.886252,211.390109,81
5,146,379.978485,99.486969,379.967501,99.498633,81
5,147,487.765533,99.363693,487.765908,99.366038,81
5,148,380.106628,211.502548,380.104076,211.503489,81
5,149,455.578918,230.085526,455.568723,230.090477,81
5,150,412.293243,80.780716,412.281297,80.787056,81
5,151,455.408081,80.731422,455.401758,80.732741,81
5,152,412.464081,230.134842,412.456920,230.134572,81
5,153,477.136292,230.060867,477.127843,230.067529,81
5,154,390.735840,80.805367,390.724359,80.813275,81
5,155,476.965485,80.706741,476.965272,80.704610,81
5,156,390.906677,230.159485,390.904272,230.155699,81
5,157,520.165710,155.334503,520.171300,155.344607,81
5,158,347.706451,155.531754,347.706774,155.541337,81
5,159,444.821533,248.767105,444.813578,248.764736,81
5,160,423.050598,62.099136,423.041445,62.098523,81
5,161,444.608002,62.074490,444.602212,62.070713,81
5,162,423.264130,248.791748,423.258222,248.786141,81
5,163,520.208435,192.673019,520.210904,192.685033,81
5,164,347.663727,118.193214,347.660753,118.205450,81
5,165,520.122986,117.995956,520.133974,117.998428,81
5,166,347.749146,192.870270,347.754969,192.871559,81
5,167,509.451050,211.354614,509.449198,211.365600,81
5,168,358.421082,99.511635,358.414355,99.523294,81
5,169,509.322968,99.339043,509.332214,99.337640,81
5,170,358.549225,211.527206,358.554093,211.524355,81
5,171,530.965759,173.991425,530.974220,174.002239,81
5,172,336.906372,136.874802,336.908777,136.885408,81
5,173,530.923035,136.652908,530.936307,136.658297,81
5,174,336.949066,174.213333,336.956402,174.217821,81
5,175,498.693726,230.036209,498.689206,230.043954,81
5,176,369.178436,80.830040,369.169591,80.838902,81
5,177,498.522919,80.682098,498.531026,80.675872,81
5,178,369.349274,230.184143,369.353771,230.176227,81
5,179,466.378967,248.742447,466.371131,248.742725,81
5,180,401.493195,62.123814,401.482869,62.125733,81
5,181,466.165436,62.049843,466.165206,62.042271,81
5,182,401.706726,248.816422,401.705025,248.806972,81
5,183,487.936371,248.717804,487.930834,248.720105,81
5,184,379.935822,62.148460,379.926472,62.152289,81
5,185,487.722839,62.025192,487.730383,62.013193,81
5,186,380.149323,248.841064,380.153977,248.827176,81
5,187,541.723145,155.309845,541.739270,155.317221,81
5,188,326.149048,155.556396,326.158446,155.563168,81
5,189,434.064209,267.448700,434.060112,267.436846,81
5,190,433.807953,43.417530,433.803263,43.407703,81
5,191,433.807953,43.417530,433.803263,43.407703,81
5,192,434.064209,267.448700,434.060112,267.436846,81
5,193,531.008484,211.329956,531.014406,211.340457,81
5,194,336.863678,99.536278,336.863334,99.547328,81
5,195,530.880371,99.314377,530.900744,99.308589,81
5,196,336.991791,211.551849,337.006245,211.544609,81
5,197,541.765869,192.648376,541.777768,192.658945,81
5,198,326.106323,118.217857,326.111367,118.228543,81
5,199,541.680420,117.971313,541.703059,117.969731,81
5,200,326.191742,192.894928,326.207692,192.892138,81
5,201,520.251160,230.011551,520.252767,230.019761,81
5,202,347.621033,80.854691,347.616957,80.863883,81
5,203,520.080261,80.657448,520.098947,80.646495,81
5,204,347.791840,230.208801,347.805379,230.196171,81
5,205,455.621613,267.424042,455.616021,267.415737,81
5,206,412.250580,43.442177,412.243041,43.435852,81
5,207,455.365387,43.392879,455.365712,43.378920,81
5,208,412.506775,267.473358,412.506335,267.457325,81
5,209,552.523193,173.966782,552.542748,173.975187,81
5,210,315.348999,136.899475,315.361017,136.907582,81
5,211,552.480469,136.628250,552.505949,136.629938,81
5,212,315.391693,174.237991,315.409693,174.238740,81
5,213,509.493774,248.693161,509.492726,248.696872,81
5,214,358.378418,62.173107,358.372244,62.178223,81
5,215,509.280243,62.000519,509.297781,61.983446,81
5,216,358.591919,248.865723,358.605068,248.846784,81
5,217,477.179016,267.399384,477.174100,267.394051,81
5,218,390.693176,43.466824,390.685006,43.463372,81
5,219,476.922760,43.368206,476.930313,43.349472,81
5,220,390.949371,267.498016,390.954738,267.477206,81
5,221,498.736420,267.374725,498.734389,267.371756,81
5,222,369.135773,43.491501,369.129149,43.490294,81
5,223,498.480194,43.343555,498.497189,43.319411,81
5,224,369.391998,267.522644,369.405310,267.496492,81
5,225,563.280518,155.285187,563.309414,155.289184,81
5,226,304.591644,155.581055,304.612248,155.584413,81
5,227,444.864258,286.105652,444.862532,286.086604,81
5,228,423.007935,24.760597,423.004884,24.743763,81
5,229,444.565338,24.735950,444.566761,24.714639,81
5,230,423.306854,286.130280,423.308231,286.106760,81
5,231,315.306305,99.560944,315.314513,99.570768,81
5,232,552.437744,99.289734,552.471453,99.278910,81
5,233,315.434418,211.576508,315.460579,211.564270,81
5,234,326.063629,80.879333,326.066502,80.888250,81
5,235,541.637695,80.632774,541.669157,80.616447,81
5,236,326.234467,230.233459,326.259143,230.215523,81
5,237,304.548950,118.242523,304.564116,118.251047,81
5,238,563.237793,117.946648,563.274325,117.940378,81
5,239,304.634338,192.919586,304.662538,192.912136,81
5,240,336.820984,62.197784,336.820147,62.203568,81
5,241,530.837646,61.975868,530.867438,61.953084,81
5,242,337.034485,248.890396,337.058259,248.865828,81
5,243,401.450500,24.785275,401.445175,24.772282,81
5,244,466.122711,24.711302,466.130844,24.684876,81
5,245,293.791565,136.924118,293.815328,136.929141,81
5,246,293.834259,174.262634,293.865049,174.259049,81
5,247,347.578339,43.516148,347.575431,43.516566,81
5,248,520.037598,43.318909,520.066238,43.288706,81
5,249,379.893127,24.809921,379.887709,24.800141,81
5,250,487.680145,24.686653,487.697172,24.654472,81
5,251,582.591248,176.065033,582.732613,175.658430,162
5,252,591.249512,191.022079,593.169643,193.685725,162
5,253,573.932922,161.108002,572.296322,157.629839,162
5,254,591.215271,161.088242,593.130536,157.604314,162
5,255,573.967163,191.041840,572.336974,193.709427,162
5,256,599.873535,176.045273,603.567553,175.633376,162
5,257,565.308960,176.084808,561.900723,175.682615,162
5,258,582.625427,205.998871,582.774015,211.734936,162
5,259,582.625427,205.998871,582.774015,211.734936,162
5,260,556.650696,161.127777,551.465264,157.654493,162
5,261,556.684937,191.061615,551.507452,193.732266,162
5,262,548.026611,176.104568,541.071924,175.705907,162
5,263,582.591248,176.065033,582.732613,175.658430,163
5,264,591.249512,191.022079,593.169643,193.685725,163
5,265,573.932922,161.108002,572.296322,157.629839,163
5,266,591.215271,161.088242,593.130536,157.604314,163
5,267,573.967163,191.041840,572.336974,193.709427,163
5,268,599.873535,176.045273,603.567553,175.633376,163
5,269,565.308960,176.084808,561.900723,175.682615,163
5,270,582.625427,205.998871,582.774015,211.734936,163
5,271,582.625427,205.998871,582.774015,211.734936,163
5,272,556.650696,161.127777,551.465264,157.654493,163
5,273,556.684937,191.061615,551.507452,193.732266,163
5,274,548.026611,176.104568,541.071924,175.705907,163
5,275,260.831024,134.477982,260.830705,134.489656,69
5,276,270.446289,151.088181,270.451614,151.106036,69
5,277,251.215775,117.867790,251.211013,117.871240,69
5,278,270.408264,117.845848,270.413336,117.848701,69
5,279,251.253799,151.110123,251.251581,151.125854,69
5,280,280.023468,134.456024,280.034173,134.467814,69
5,281,241.638550,134.499924,241.631841,134.510180,69
5,282,260.869019,167.720306,260.872508,167.739488,69
5,283,260.792999,101.235672,260.793694,101.227543,69
5,284,260.792999,101.235672,260.793694,101.227543,69
5,285,260.869019,167.720306,260.872508,167.739488,69
5,286,289.638733,151.066223,289.656254,151.084904,69
5,287,232.023315,117.889748,232.013338,117.892486,69
5,288,289.600708,117.823891,289.620279,117.824835,69
5,289,232.061356,151.132080,232.056184,151.144389,69
5,290,280.061493,167.698349,280.073688,167.720362,69
5,291,241.600525,101.257614,241.592536,101.250796,69
5,292,279.985443,101.213715,279.999468,101.202963,69
5,293,241.676559,167.742249,241.675918,167.757308,69
5,294,299.215973,134.434082,299.242314,134.444674,69
5,295,222.446091,134.521881,222.437608,134.529420,69
5,296,251.177750,84.625481,251.175272,84.604325,69
5,297,270.370209,84.603531,270.379906,84.579040,69
5,298,212.830872,117.911697,212.820266,117.912420,69
5,299,308.793152,117.801941,308.831888,117.799649,69
5,300,222.408066,101.279572,222.396022,101.272753,69
5,301,299.177917,101.191772,299.209929,101.177073,69
5,302,1223.592773,633.806824,1223.630134,633.699250,107
5,303,1217.754028,623.720642,1212.460294,614.406956,107
5,304,1229.408325,623.707336,1234.753630,614.382799,107
5,305,400.751648,296.002533,400.745610,296.010724,169
5,306,410.868164,313.478638,410.864802,313.489544,169
5,307,390.635132,278.526398,390.627353,278.530322,169
5,308,410.828125,278.503326,410.824624,278.506763,169
5,309,390.675110,313.501740,390.669304,313.510987,169
5,310,420.944672,295.979431,420.943828,295.987719,169
5,311,380.558655,296.025604,380.551085,296.032691,169
5,312,400.791656,330.977875,400.788562,330.987678,169
5,313,400.711639,261.027222,400.706412,261.024217,169
5,314,400.711639,261.027222,400.706412,261.024217,169
5,315,400.791656,330.977875,400.788562,330.987678,169
5,316,431.061157,313.455536,431.063969,313.467089,169
5,317,370.442139,278.549500,370.433798,278.552839,169
5,318,431.021179,278.480225,431.025628,278.482157,169
5,319,370.482147,313.524841,370.477539,313.531371,169
5,320,420.984650,330.954742,420.984955,330.966784,169
5,321,380.518646,261.050293,380.510085,261.048330,169
5,322,420.904663,261.004089,420.906442,260.999029,169
5,323,380.598633,331.000946,380.595797,331.007516,169
5,324,441.137665,295.956360,441.145755,295.963668,169
5,325,360.365601,296.048737,360.360209,296.053650,169
5,326,410.908173,348.453979,410.908725,348.462797,169
5,327,390.595154,243.551102,390.589164,243.540077,169
5,328,410.788147,243.528015,410.788251,243.514357,169
5,329,390.715118,348.477051,390.715012,348.482089,169
5,330,451.254150,313.432465,451.266849,313.443591,169
5,331,350.249115,278.572601,350.243862,278.574349,169
5,332,451.214172,278.457123,451.230329,278.456473,169
5,333,350.289093,313.547913,350.289383,313.550729,169
5,334,441.177673,330.931671,441.185101,330.944879,169
5,335,360.325623,261.073395,360.317443,261.071402,169
5,336,441.097656,260.981018,441.110193,260.972813,169
5,337,360.405609,331.024048,360.406725,331.026328,169
5,338,431.101166,348.430878,431.106097,348.442475,169
5,339,370.402130,243.574188,370.393778,243.564747,169
5,340,430.981171,243.504898,430.991053,243.487556,169
5,341,370.522156,348.500153,370.525021,348.500357,169
5,342,461.330688,295.933228,461.351436,295.938539,169
5,343,340.172577,296.071808,340.172993,296.073555,169
5,344,400.671631,226.051865,400.670999,226.028032,169
5,345,400.671631,226.051865,400.670999,226.028032,169
5,346,461.370728,330.908569,461.388964,330.921932,169
5,347,461.290680,260.957916,461.317707,260.945537,169
5,348,471.447205,313.409363,471.473486,313.419043,169
5,349,471.407196,278.434021,471.438770,278.429756,169
5,350,451.174194,243.481812,451.197617,243.459720,169
5,351,380.478638,226.074966,380.472881,226.054324,169
5,352,420.864655,226.028778,420.872884,226.000696,169
5,353,248.933945,77.065819,248.933407,77.072002,179
5,354,258.640350,93.833450,258.644504,93.847040,179
5,355,239.227585,60.298218,239.223511,60.295026,179
5,356,258.601990,60.276043,258.607982,60.271095,179
5,357,239.265945,93.855606,239.262260,93.868302,179
5,358,268.308350,77.043663,268.318998,77.048788,179
5,359,229.559570,77.087967,229.552309,77.093952,179
5,360,248.972336,110.623222,248.973407,110.640671,179
5,361,248.895584,43.508396,248.898117,43.491393,179
5,362,248.895584,43.508396,248.898117,43.491393,179
5,363,248.972336,110.623222,248.973407,110.640671,179
5,364,278.014709,93.811287,278.031193,93.824504,179
5,365,219.853210,60.320374,219.843528,60.317667,179
5,366,277.976349,60.253891,277.996911,60.245917,179
5,367,219.891571,93.877769,219.884493,93.888322,179
5,368,268.346741,110.601074,268.356774,110.620096,179
5,369,229.521210,43.530548,229.514788,43.515993,179
5,370,268.269989,43.486244,268.285952,43.465518,179
5,371,229.597961,110.645386,229.594521,110.660007,179
5,372,287.682709,77.021515,287.709052,77.024304,179
5,373,210.185196,77.110146,210.175658,77.114671,179
5,374,258.678741,127.390862,258.685725,127.411092,179
5,375,239.304337,127.413010,239.305690,127.429731,179
5,376,297.389099,93.789131,297.422400,93.800712,179
5,377,297.350739,60.231739,297.390371,60.219458,179
5,378,200.517197,93.899933,200.511157,93.907093,179
5,379,287.721100,110.578911,287.744591,110.598248,179
5,380,210.223587,110.667542,210.220069,110.678083,179
5,381,278.053101,127.368698,278.070193,127.391188,179
5,382,219.929962,127.435173,219.930119,127.447140,179
5,383,249.995407,116.824944,249.993236,116.831649,182
5,384,259.656250,133.513855,259.658420,133.527245,182
5,385,240.334595,100.136040,240.329246,100.134062,182
5,386,259.618011,100.113991,259.621183,100.110745,182
5,387,240.372803,133.535904,240.368737,133.547884,182
5,388,269.278839,116.802895,269.286317,116.809032,182
5,389,230.712006,116.847000,230.704722,116.852997,182
5,390,250.033615,150.224823,250.033968,150.240788,182
5,391,249.957199,83.425079,249.957247,83.410433,182
5,392,249.957199,83.425079,249.957247,83.410433,182
5,393,250.033615,150.224823,250.033968,150.240788,182
5,394,278.939636,133.491791,278.952624,133.505313,182
5,395,221.051178,100.158104,221.041873,100.156107,182
5,396,278.901428,100.091934,278.917653,100.086124,182
5,397,221.089386,133.557968,221.083605,133.567262,182
5,398,269.317047,150.202774,269.324799,150.220843,182
5,399,230.673782,83.447128,230.666476,83.434452,182
5,400,269.240631,83.403030,269.252597,83.385120,182
5,401,230.750214,150.246872,230.747692,150.259473,182
5,402,288.562256,116.780830,288.583936,116.785113,182
5,403,211.428589,116.869049,211.420731,116.873056,182
5,404,259.694427,166.913712,259.700365,166.931688,182
5,405,240.410980,166.935760,240.412916,166.949671,182
5,406,298.223083,133.469742,298.251421,133.482106,182
5,407,298.184875,100.069885,298.218728,100.060216,182
5,408,288.600464,150.180710,288.620155,150.199607,182
5,409,288.524048,83.380981,288.552498,83.358507,182
5,410,278.977844,166.891663,278.992322,166.912423,182
5,411,307.845673,116.758774,307.886138,116.759896,182
5,412,505.091461,197.074341,505.294822,197.128118,186
5,413,514.159851,212.739868,514.409952,212.873299,186
5,414,496.023071,181.408798,496.181148,181.380515,186
5,415,514.124023,181.388107,514.375327,181.358064,186
5,416,496.058929,212.760559,496.218622,212.892432,186
5,417,523.192444,197.053635,523.490429,197.106514,186
5,418,486.990509,197.095047,487.104895,197.148117,186
5,419,505.127319,228.426102,505.333776,228.634370,186
5,420,505.055603,165.722580,505.261662,165.607194,186
5,421,505.055603,165.722580,505.261662,165.607194,186
5,422,505.127319,228.426102,505.333776,228.634370,186
5,423,532.260803,212.719162,532.606992,212.852551,186
5,424,477.922119,181.429504,477.992644,181.401370,186
5,425,532.224976,181.367401,532.575136,181.333985,186
5,426,477.957977,212.781265,478.032879,212.909984,186
5,427,523.228271,228.405380,523.526586,228.616076,186
5,428,523.156555,165.701874,523.460066,165.582252,186
5,429,487.026367,228.446808,487.146606,228.651072,186
5,430,541.293396,197.032928,541.691719,197.083308,186
5,431,307.239014,134.749451,307.238202,134.760378,205
5,432,316.854248,151.359634,316.858781,151.376549,205
5,433,297.623749,118.139267,297.618816,118.142157,205
5,434,316.816223,118.117310,316.820724,118.119479,205
5,435,297.661774,151.381592,297.659181,151.396487,205
5,436,326.431427,134.727493,326.441259,134.738415,205
5,437,288.046539,134.771408,288.039751,134.781014,205
5,438,307.277008,167.991776,307.279801,168.009918,205
5,439,307.200989,101.507141,307.201411,101.498524,205
5,440,307.200989,101.507141,307.201411,101.498524,205
5,441,307.277008,167.991776,307.279801,168.009918,205
5,442,336.046692,151.337692,336.063041,151.355311,205
5,443,278.431305,118.161224,278.421560,118.163519,205
5,444,336.008667,118.095367,336.027305,118.095490,205
5,445,278.469330,151.403549,278.464221,151.415119,205
5,446,326.469452,167.969818,326.480553,167.990688,205
5,447,288.008514,101.529083,288.000648,101.521906,205
5,448,326.393402,101.485184,326.406792,101.473804,205
5,449,288.084534,168.013718,288.083642,168.027831,205
5,450,345.623932,134.705551,345.649044,134.715142,205
5,451,268.854065,134.793350,268.845960,134.800355,205
5,452,297.585724,84.896965,297.583295,84.875506,205
5,453,316.778168,84.874992,316.787531,84.850052,205
5,454,355.201141,118.073410,355.238607,118.070157,205
5,455,268.816040,101.551041,268.804559,101.543983,205
5,456,345.585876,101.463242,345.616915,101.447763,205
5,457,585.371704,215.887817,585.115321,215.467229,209
5,458,593.073059,229.191711,593.687990,230.272907,209
5,459,577.670410,202.583923,576.544369,200.658806,209
5,460,593.042603,202.566345,593.655377,200.637519,209
5,461,577.700867,229.209305,576.580221,230.290377,209
5,462,600.743896,215.870239,602.227980,215.446930,209
5,463,569.999573,215.905396,568.009247,215.485669,209
5,464,376.900391,297.328339,376.892258,297.336672,218
5,465,387.244720,315.198090,387.237944,315.208177,218
5,466,366.556061,279.458618,366.547380,279.463819,218
5,467,387.203827,279.434998,387.198120,279.439118,218
5,468,366.596954,315.221680,366.588762,315.231023,218
5,469,397.548218,297.304718,397.543845,297.312451,218
5,470,356.252563,297.351959,356.243841,297.360021,218
5,471,376.941284,333.091400,376.934488,333.100654,218
5,472,376.859497,261.565277,376.853258,261.564406,218
5,473,376.859497,261.565277,376.853258,261.564406,218
5,474,376.941284,333.091400,376.934488,333.100654,218
5,475,407.892548,315.174438,407.890381,315.184406,218
5,476,345.908234,279.482239,345.899780,279.487646,218
5,477,407.851654,279.411407,407.852096,279.413511,218
5,478,345.949127,315.245300,345.942712,315.252974,218
5,479,397.589111,333.067810,397.584547,333.078284,218
5,480,356.211700,261.588898,356.203309,261.589587,218
5,481,397.507294,261.541687,397.506414,261.538317,218
5,482,356.293488,333.115021,356.287646,333.122132,218
5,483,418.196014,297.281128,418.198645,297.287323,218
5,484,335.604736,297.375580,335.598608,297.382447,218
5,485,387.285645,350.961121,387.281046,350.968919,218
5,486,366.515137,243.695572,366.509234,243.688308,218
5,487,387.162964,243.671967,387.161572,243.661736,218
5,488,366.637848,350.984741,366.633409,350.989925,218
5,489,428.540375,315.150848,428.546006,315.159757,218
5,490,325.260406,279.505859,325.255388,279.510548,218
5,491,428.499481,279.387787,428.509324,279.386991,218
5,492,325.301300,315.268890,325.299860,315.274036,218
5,493,418.236908,333.044159,418.237754,333.054988,218
5,494,335.563843,261.612518,335.556524,261.613892,218
5,495,418.155090,261.518036,418.162792,261.511287,218
5,496,335.645660,333.138641,335.643950,333.142749,218
5,497,407.933472,350.937531,407.931930,350.947022,218
5,498,345.867310,243.719193,345.860072,243.713984,218
5,499,407.810760,243.648346,407.817129,243.634250,218
5,500,345.990021,351.008362,345.988895,351.010071,218
5,501,438.843811,297.257507,438.856671,297.261285,218
5,502,314.956970,297.399170,314.956597,297.403983,218
5,503,376.982208,368.854492,376.979975,368.856384,218
5,504,376.818604,225.802231,376.817570,225.783751,218
5,505,376.818604,225.802231,376.817570,225.783751,218
5,506,376.982208,368.854492,376.979975,368.856384,218
5,507,438.884735,333.020569,438.894234,333.030816,218
5,508,314.916077,261.636139,314.912970,261.637272,218
5,509,438.802917,261.494446,438.822405,261.483367,218
5,510,314.997864,333.162262,315.003469,333.162456,218
5,511,449.188171,315.127228,449.204861,315.134198,218
5,512,304.612610,279.529449,304.614161,279.532559,218
5,513,449.147278,279.364166,449.169763,279.359528,218
5,514,304.653503,315.292542,304.660165,315.294241,218
5,515,428.581268,350.913910,428.585992,350.924228,218
5,516,325.219513,243.742813,325.214126,243.738756,218
5,517,428.458557,243.624710,428.475918,243.605816,218
5,518,325.342224,351.031982,325.347570,351.029308,218
5,519,397.630005,368.830841,397.628464,368.835822,218
5,520,356.170776,225.825851,356.166020,225.810821,218
5,521,397.466370,225.778610,397.472281,225.755766,218
5,522,356.334412,368.878082,356.334667,368.876033,218
5,523,418.277802,368.807220,418.280147,368.814397,218
5,524,418.114227,225.755005,418.130277,225.726873,218
5,525,335.686554,368.901703,335.692496,368.894802,218
5,526,459.491669,297.233887,459.517967,297.234304,218
5,527,294.309143,297.422821,294.317686,297.424661,218
5,528,387.326538,386.724182,387.327371,386.721459,218
5,529,366.678741,386.747803,366.681239,386.740640,218
5,530,459.532562,332.996948,459.553947,333.005736,218
5,531,449.229065,350.890259,449.243275,350.900505,218
5,532,318.932556,438.599640,318.905637,438.597286,33
5,533,328.456665,455.052368,328.448588,455.081753,33
5,534,309.408478,422.146881,309.363934,422.110782,33
5,535,328.418976,422.125153,328.412718,422.087229,33
5,536,309.446136,455.074097,309.402071,455.102592,33
5,537,337.943085,438.577881,337.955684,438.574428,33
5,538,299.922028,438.621368,299.860332,438.618818,33
5,539,318.970245,471.526825,318.945030,471.584337,33
5,540,318.894897,405.672424,318.871029,405.597985,33
5,541,318.894897,405.672424,318.871029,405.597985,33
5,542,318.970245,471.526825,318.945030,471.584337,33
5,543,347.467224,455.030640,347.499901,455.059589,33
5,544,290.397919,422.168640,290.319837,422.133008,33
5,545,347.429535,422.103394,347.466310,422.062315,33
5,546,290.435577,455.095856,290.360229,455.122139,33
5,547,337.980774,471.505096,337.992813,471.564188,33
5,548,299.884369,405.694153,299.823454,405.622236,33
5,549,337.905426,405.650665,337.923358,405.572371,33
5,550,299.959686,471.548615,299.901976,471.603196,33
5,551,356.953644,438.556122,357.010518,438.550212,33
5,552,280.911499,438.643097,280.819747,438.639030,33
5,553,328.494324,487.979584,328.489233,488.064058,33
5,554,309.483795,488.001343,309.444964,488.082231,33
5,555,366.477783,455.008881,366.555982,455.036068,33
5,556,356.991333,471.483368,357.045371,471.542715,33
5,557,280.949158,471.570343,280.863630,471.620722,33
5,558,514.775879,175.458054,514.765096,175.470169,224
5,559,525.120239,193.327774,525.110264,193.338992,224
5,560,504.431488,157.588333,504.420744,157.599950,224
5,561,525.079285,157.564713,525.070295,157.575292,224
5,562,504.472382,193.351395,504.462314,193.361725,224
5,563,535.423645,175.434433,535.415446,175.446010,224
5,564,494.128021,175.481659,494.117971,175.493384,224
5,565,514.816711,211.221115,514.807497,211.228661,224
5,566,514.734924,139.694992,514.725991,139.703173,224
5,567,514.734924,139.694992,514.725991,139.703173,224
5,568,514.816711,211.221115,514.807497,211.228661,224
5,569,545.768066,193.304153,545.761496,193.315343,224
5,570,483.783661,157.611954,483.774442,157.623676,224
5,571,545.727112,157.541107,545.723166,157.549709,224
5,572,483.824585,193.375015,483.817659,193.383533,224
5,573,535.464539,211.197479,535.456274,211.206423,224
5,574,494.087128,139.718597,494.077235,139.728318,224
5,575,535.382751,139.671371,535.377981,139.677075,224
5,576,494.168945,211.244720,494.162044,211.249963,224
5,577,556.071472,175.410812,556.069145,175.420927,224
5,578,473.480225,175.505280,473.474139,175.515687,224
5,579,525.161133,229.090820,525.153574,229.094211,224
5,580,504.390594,121.825256,504.382504,121.829634,224
5,581,525.038391,121.801636,525.033699,121.803033,224
5,582,504.513306,229.114441,504.507239,229.115034,224
5,583,566.415833,193.280533,566.415973,193.290746,224
5,584,463.135864,157.635559,463.131429,157.646462,224
5,585,566.374939,157.517487,566.379291,157.523170,224
5,586,463.176758,193.398621,463.176256,193.404409,224
5,587,556.112366,211.173859,556.108338,211.183256,224
5,588,473.439331,139.742218,473.431808,139.752543,224
5,589,556.030579,139.647766,556.033331,139.650046,224
5,590,473.521118,211.268341,473.519792,211.270360,224
5,591,545.808899,229.067215,545.803128,229.072479,224
5,592,483.742767,121.848877,483.734596,121.855294,224
5,593,545.686218,121.778030,545.688222,121.775500,224
5,594,483.865448,229.138077,483.864163,229.134941,224
5,595,576.719299,175.387192,576.726156,175.394889,224
5,596,452.832428,175.528885,452.833555,175.537057,224
5,597,514.857666,246.984177,514.853273,246.978725,224
5,598,514.694031,103.931931,514.690265,103.927607,224
5,599,514.694031,103.931931,514.690265,103.927607,224
5,600,514.857666,246.984177,514.853273,246.978725,224
5,601,576.760193,211.150253,576.763648,211.159169,224
5,602,452.791504,139.765823,452.789585,139.775826,224
5,603,576.678406,139.624146,576.692002,139.622054,224
5,604,452.873322,211.291962,452.880807,211.289845,224
5,605,587.063660,193.256927,587.073817,193.265221,224
5,606,442.488037,157.659180,442.491635,157.668340,224
5,607,587.022766,157.493866,587.038793,157.495695,224
5,608,442.528931,193.422241,442.538063,193.424385,224
5,609,566.456726,229.043610,566.456025,229.049820,224
5,610,463.094940,121.872482,463.089932,121.880006,224
5,611,566.333984,121.754410,566.346009,121.747001,224
5,612,463.217682,229.161682,463.224383,229.153924,224
5,613,535.505493,246.960541,535.500438,246.958378,224
5,614,494.046204,103.955536,494.039864,103.954698,224
5,615,535.341858,103.908310,535.343965,103.899554,224
5,616,494.209839,247.007782,494.209396,246.998129,224
5,617,473.398438,103.979156,473.392800,103.980862,224
5,618,555.989624,103.884705,556.000925,103.870562,224
5,619,473.562042,247.031403,473.568765,247.016624,224
5,620,432.184601,175.552505,432.196179,175.557524,224
5,621,504.349701,86.062195,504.347679,86.050737,224
5,622,432.143677,139.789444,432.150605,139.798200,224
5,623,432.225494,211.315567,432.245047,211.308410,224
5,624,442.447144,121.896111,442.448551,121.903802,224
5,625,514.775879,175.458054,514.765096,175.470169,225
5,626,525.120239,193.327774,525.110264,193.338992,225
5,627,504.431488,157.588333,504.420744,157.599950,225
5,628,525.079285,157.564713,525.070295,157.575292,225
5,629,504.472382,193.351395,504.462314,193.361725,225
5,630,535.423645,175.434433,535.415446,175.446010,225
5,631,494.128021,175.481659,494.117971,175.493384,225
5,632,514.816711,211.221115,514.807497,211.228661,225
5,633,514.734924,139.694992,514.725991,139.703173,225
5,634,514.734924,139.694992,514.725991,139.703173,225
5,635,514.816711,211.221115,514.807497,211.228661,225
5,636,545.768066,193.304153,545.761496,193.315343,225
5,637,483.783661,157.611954,483.774442,157.623676,225
5,638,545.727112,157.541107,545.723166,157.549709,225
5,639,483.824585,193.375015,483.817659,193.383533,225
5,640,535.464539,211.197479,535.456274,211.206423,225
5,641,494.087128,139.718597,494.077235,139.728318,225
5,642,535.382751,139.671371,535.377981,139.677075,225
5,643,494.168945,211.244720,494.162044,211.249963,225
5,644,556.071472,175.410812,556.069145,175.420927,225
5,645,473.480225,175.505280,473.474139,175.515687,225
5,646,525.161133,229.090820,525.153574,229.094211,225
5,647,504.390594,121.825256,504.382504,121.829634,225
5,648,525.038391,121.801636,525.033699,121.803033,225
5,649,504.513306,229.114441,504.507239,229.115034,225
5,650,566.415833,193.280533,566.415973,193.290746,225
5,651,463.135864,157.635559,463.131429,157.646462,225
5,652,566.374939,157.517487,566.379291,157.523170,225
5,653,463.176758,193.398621,463.176256,193.404409,225
5,654,556.112366,211.173859,556.108338,211.183256,225
5,655,473.439331,139.742218,473.431808,139.752543,225
5,656,556.030579,139.647766,556.033331,139.650046,225
5,657,473.521118,211.268341,473.519792,211.270360,225
5,658,545.808899,229.067215,545.803128,229.072479,225
5,659,483.742767,121.848877,483.734596,121.855294,225
5,660,545.686218,121.778030,545.688222,121.775500,225
5,661,483.865448,229.138077,483.864163,229.134941,225
5,662,576.719299,175.387192,576.726156,175.394889,225
5,663,452.832428,175.528885,452.833555,175.537057,225
5,664,514.857666,246.984177,514.853273,246.978725,225
5,665,514.694031,103.931931,514.690265,103.927607,225
5,666,514.694031,103.931931,514.690265,103.927607,225
5,667,514.857666,246.984177,514.853273,246.978725,225
5,668,576.760193,211.150253,576.763648,211.159169,225
5,669,452.791504,139.765823,452.789585,139.775826,225
5,670,576.678406,139.624146,576.692002,139.622054,225
5,671,452.873322,211.291962,452.880807,211.289845,225
5,672,587.063660,193.256927,587.073817,193.265221,225
5,673,442.488037,157.659180,442.491635,157.668340,225
5,674,587.022766,157.493866,587.038793,157.495695,225
5,675,442.528931,193.422241,442.538063,193.424385,225
5,676,566.456726,229.043610,566.456025,229.049820,225
5,677,463.094940,121.872482,463.089932,121.880006,225
5,678,566.333984,121.754410,566.346009,121.747001,225
5,679,463.217682,229.161682,463.224383,229.153924,225
5,680,535.505493,246.960541,535.500438,246.958378,225
5,681,494.046204,103.955536,494.039864,103.954698,225
5,682,535.341858,103.908310,535.343965,103.899554,225
5,683,494.209839,247.007782,494.209396,246.998129,225
5,684,473.398438,103.979156,473.392800,103.980862,225
5,685,555.989624,103.884705,556.000925,103.870562,225
5,686,473.562042,247.031403,473.568765,247.016624,225
5,687,432.184601,175.552505,432.196179,175.557524,225
5,688,504.349701,86.062195,504.347679,86.050737,225
5,689,432.143677,139.789444,432.150605,139.798200,225
5,690,432.225494,211.315567,432.245047,211.308410,225
5,691,442.447144,121.896111,442.448551,121.903802,225
5,692,584.850342,176.885468,583.579167,176.307230,226
5,693,594.784607,194.046707,593.906589,194.146096,226
5,694,574.916077,159.724243,573.252548,158.466961,226
5,695,594.745300,159.701569,593.867911,158.441646,226
5,696,574.955383,194.069382,573.292896,194.169440,226
5,697,604.679504,176.862793,604.195318,176.282423,226
5,698,565.021179,176.908157,562.966316,176.331094,226
5,699,584.889587,211.230606,583.620330,212.006376,226
5,700,584.811096,142.540329,583.541363,140.599434,226
5,701,584.811096,142.540329,583.541363,140.599434,226
5,702,584.889587,211.230606,583.620330,212.006376,226
5,703,614.613708,194.024033,614.523585,194.121783,226
5,704,555.086975,159.746933,552.640590,158.491334,226
5,705,614.574463,159.678894,614.486640,158.415355,226
5,706,555.126221,194.092072,552.682598,194.191851,226
5,707,604.718811,211.207947,604.234867,211.983536,226
5,708,564.981873,142.563019,562.926840,140.625273,226
5,709,604.640198,142.517654,604.159196,140.572644,226
5,710,565.060486,211.253281,563.009190,212.028270,226
5,711,624.508728,176.840118,624.814893,176.256643,226
5,712,545.191956,176.930832,542.356802,176.353996,226
5,713,594.823853,228.391861,593.948672,229.841920,226
5,714,574.876831,125.379089,573.215621,122.755796,226
5,715,594.705994,125.356415,593.832668,122.728492,226
5,716,574.994690,228.414536,573.336634,229.863325,226
5,717,634.442932,194.001358,635.144007,194.096525,226
5,718,535.257751,159.769608,532.031913,158.514743,226
5,719,634.403625,159.656219,635.108698,158.388110,226
5,720,535.297058,194.114746,532.075571,194.213305,226
5,721,624.547974,211.185257,624.852765,211.959730,226
5,722,545.152710,142.585693,542.315664,140.650142,226
5,723,624.469421,142.494980,624.780462,140.544872,226
5,724,545.231262,211.275970,542.401325,212.049235,226
5,725,614.653015,228.369171,614.564002,229.819569,226
5,726,555.165466,228.437210,552.727928,229.883776,226
5,727,644.337830,176.817429,645.437799,176.229896,226
5,728,525.362854,176.953506,521.750665,176.375968,226
5,729,494.137329,215.658325,494.133326,215.649346,227
5,730,503.342438,231.560028,503.320579,231.517821,227
5,731,484.932190,199.756638,484.947472,199.778542,227
5,732,503.306030,199.735626,503.284295,199.756699,227
5,733,484.968597,231.581039,484.986458,231.536433,227
5,734,512.511108,215.637314,512.471523,215.628351,227
5,735,475.763489,215.679337,475.800602,215.668789,227
5,736,494.173706,247.482727,494.173756,247.401722,227
5,737,494.100922,183.833923,494.098495,183.882672,227
5,738,494.100922,183.833923,494.098495,183.882672,227
5,739,494.173706,247.482727,494.173756,247.401722,227
5,740,521.716248,231.539001,521.660227,231.497648,227
5,741,466.558380,199.777649,466.616166,199.798806,227
5,742,521.679871,199.714600,521.626685,199.733281,227
5,743,466.594788,231.602051,466.657886,231.553481,227
5,744,512.547546,247.461716,512.509255,247.383950,227
5,745,475.727112,183.854950,475.763066,183.905353,227
5,746,512.474792,183.812912,512.439487,183.858425,227
5,747,530.884949,215.616287,530.815316,215.605771,227
5,748,667.263611,239.110687,667.215019,239.023169,123
5,749,675.056091,252.572006,675.026049,252.515921,123
5,750,675.025269,225.631561,674.998330,225.506468,123
5,751,659.502014,252.589798,659.437385,252.532332,123
5,752,682.817749,239.092880,682.809308,239.003499,123
5,753,651.709595,239.128479,651.628293,239.040695,123
5,754,465.968079,335.487152,466.191780,336.088366,19
5,755,459.314880,323.993835,456.568969,319.464904,19
5,756,459.341187,346.995636,456.606791,352.731230,19
5,757,452.687988,335.502319,446.984018,336.110464,19
5,758,505.970825,597.024719,505.928902,597.010539,17
5,759,514.629150,611.981689,514.601806,611.989841,17
5,760,497.312561,582.067627,497.257613,582.028556,17
5,761,514.594849,582.047913,514.567755,582.007743,17
5,762,497.346802,612.001465,497.294595,612.007191,17
5,763,523.253113,597.004944,523.240664,596.990569,17
5,764,488.688507,597.044434,488.623333,597.028727,17
5,765,505.936584,567.090881,505.896442,567.022318,17
5,766,505.936584,567.090881,505.896442,567.022318,17
5,767,531.911377,611.961975,531.915193,611.970803,17
5,768,531.877136,582.028137,531.884089,581.985135,17
5,769,523.218872,567.071106,523.211155,566.998816,17
5,770,540.535461,596.985168,540.558694,596.968852,17
5,771,469.141968,216.690826,469.131068,216.702009,241
5,772,479.759735,235.032898,479.749910,235.045251,241
5,773,458.524200,198.348785,458.512903,198.357660,241
5,774,479.717773,198.324554,479.709035,198.332403,241
5,775,458.566193,235.057129,458.555100,235.068975,241
5,776,490.335541,216.666580,490.327892,216.677134,241
5,777,447.948395,216.715073,447.936893,216.726141,241
5,778,469.183960,253.399170,469.173954,253.410694,241
5,779,469.100006,179.982498,469.090885,179.986519,241
5,780,469.100006,179.982498,469.090885,179.986519,241
5,781,469.183960,253.399170,469.173954,253.410694,241
5,782,500.953308,235.008652,500.947401,235.020772,241
5,783,437.330597,198.373032,437.319362,198.382188,241
5,784,500.911316,198.300308,500.907798,198.306383,241
5,785,437.372589,235.081360,437.362845,235.091962,241
5,786,490.377533,253.374939,490.369458,253.387363,241
5,787,447.906433,180.006729,447.895415,180.012174,241
5,788,490.293549,179.958252,490.288984,179.960100,241
5,789,447.990356,253.423401,447.981036,253.433288,241
5,790,511.529083,216.642349,511.527294,216.651526,241
5,791,426.754822,216.739304,426.745328,216.749521,241
5,792,479.801727,271.741211,479.793483,271.751299,241
5,793,458.482208,161.640442,458.473387,161.639521,241
5,794,479.675751,161.616211,479.670824,161.612716,241
5,795,458.608154,271.765442,458.599928,271.773502,241
5,796,522.146912,234.984406,522.147527,234.995547,241
5,797,416.137085,198.397263,416.128484,198.405963,241
5,798,522.104919,198.276062,522.109233,198.279611,241
5,799,416.179047,235.105621,416.173218,235.114243,241
5,800,511.571075,253.350708,511.567589,253.363292,241
5,801,426.712830,180.030975,426.702534,180.037099,241
5,802,511.487152,179.934021,511.489753,179.932943,241
5,803,426.796814,253.447632,426.790748,253.455150,241
5,804,500.995300,271.716980,500.989683,271.728360,241
5,805,437.288605,161.664688,437.278549,161.665589,241
5,806,500.869354,161.591965,500.870928,161.585143,241
5,807,437.414581,271.789703,437.408976,271.795002,241
5,808,532.722656,216.618103,532.729397,216.625153,241
5,809,405.561249,216.763535,405.556332,216.772167,241
5,810,469.225952,290.107483,469.219493,290.112609,241
5,811,469.058014,143.274155,469.053401,143.264171,241
5,812,469.058014,143.274155,469.053401,143.264171,241
5,813,469.225952,290.107483,469.219493,290.112609,241
5,814,532.764648,253.326447,532.768385,253.338448,241
5,815,405.519287,180.055222,405.512285,180.061283,241
5,816,532.680664,179.909775,532.693119,179.905013,241
5,817,405.603241,253.471893,405.603049,253.476312,241
5,818,543.340454,234.960175,543.350245,234.969585,241
5,819,394.943481,198.421509,394.940145,198.429016,241
5,820,543.298523,198.251831,543.313324,198.252097,241
5,821,394.985474,235.129852,394.986179,235.135768,241
5,822,522.188843,271.692749,522.188456,271.704682,241
5,823,416.095093,161.688919,416.086381,161.690898,241
5,824,522.062927,161.567719,522.073655,161.556812,241
5,825,416.221008,271.813934,416.220589,271.815748,241
5,826,490.419525,290.083252,490.413716,290.090795,241
5,827,447.864441,143.298386,447.856597,143.291377,241
5,828,490.251556,143.249908,490.252787,143.236196,241
5,829,448.032349,290.131744,448.027848,290.133720,241
5,830,511.613068,290.059021,511.610558,290.068247,241
5,831,426.670837,143.322632,426.662416,143.317846,241
5,832,511.445160,143.225677,511.454877,143.207475,241
5,833,426.838806,290.155975,426.838826,290.154077,241
5,834,553.916260,216.593857,553.934160,216.598025,241
5,835,384.367706,216.787781,384.369977,216.794097,241
5,836,479.843719,308.449585,479.839703,308.450637,241
5,837,458.440216,124.932098,458.436577,124.914491,241
5,838,479.633789,124.907860,479.635357,124.886126,241
5,839,458.650116,308.473816,458.647392,308.471333,241
5,840,553.958252,253.302216,553.971833,253.312883,241
5,841,384.325714,180.079453,384.324629,180.084718,241
5,842,553.874268,179.885544,553.899207,179.876336,241
5,843,384.409668,253.496124,384.417929,253.496723,241
5,844,543.382446,271.668488,543.389926,271.680232,241
5,845,394.901489,161.713165,394.896759,161.715479,241
5,846,543.256531,161.543488,543.279073,161.527731,241
5,847,395.027435,271.838165,395.034811,271.835770,241
5,848,564.534058,234.935944,564.555681,234.942869,241
5,849,373.749908,198.445740,373.754416,198.451325,241
5,850,564.492065,198.227585,564.520028,198.223808,241
5,851,373.791901,235.154083,373.801715,235.156568,241
5,852,532.806641,290.034790,532.810059,290.044961,241
5,853,405.477325,143.346878,405.470904,143.343568,241
5,854,532.638672,143.201431,532.659572,143.177976,241
5,855,405.645233,290.180206,405.652387,290.173713,241
5,856,501.037292,308.425323,501.034624,308.429185,241
5,857,437.246643,124.956345,437.240458,124.942113,241
5,858,500.827362,124.883621,500.836757,124.856987,241
5,859,437.456573,308.498047,437.457705,308.491304,241
5,860,522.230835,308.401093,522.232110,308.407027,241
5,861,416.053070,124.980576,416.046961,124.968970,241
5,862,522.020935,124.859375,522.040815,124.827082,241
5,863,416.263000,308.522278,416.270603,308.510553,241
5,864,575.109802,216.569626,575.141537,216.570150,241
5,865,363.174133,216.812027,363.186139,216.815301,241
5,866,469.267944,326.815857,469.267662,326.807846,241
5,867,469.267944,326.815857,469.267662,326.807846,241
5,868,564.576050,271.644257,564.594048,271.655062,241
5,869,373.707947,161.737396,373.709784,161.739310,241
5,870,373.833893,271.862396,373.851628,271.855074,241
5,871,575.151794,253.277985,575.177888,253.286564,241
5,872,363.216125,253.520355,363.235375,253.516414,241
5,873,554.000183,290.010529,554.012147,290.020904,241
5,874,384.451660,290.204437,384.468519,290.192631,241
5,875,490.461487,326.791626,490.460587,326.787537,241
5,876,448.074341,326.840088,448.077280,326.827431,241
5,877,212.477936,580.661621,212.469019,580.905266,1
5,878,219.222290,592.312378,219.073045,592.311476,1
5,879,205.760284,592.327759,205.893000,592.325527,1
5,880,199.015945,580.677002,199.291039,580.920430,1
5,881,212.477936,580.661621,212.342045,580.788760,0
5,882,219.222290,592.312378,218.943254,592.189995,0
5,883,205.760284,592.327759,205.768840,592.204038,0
5,884,199.015945,580.677002,199.169696,580.803915,0
5,885,399.938843,176.528091,399.918538,176.547409,246
5,886,410.966766,195.578644,410.946790,195.598391,246
5,887,388.910919,157.477554,388.890701,157.495737,246
5,888,410.923157,157.452377,410.903704,157.470007,246
5,889,388.954529,195.603821,388.934577,195.623183,246
5,890,421.951050,176.502914,421.931915,176.521922,246
5,891,377.926636,176.553268,377.906758,176.572429,246
5,892,399.982422,214.654343,399.962810,214.673221,246
5,893,399.895264,138.401840,399.875909,138.417400,246
5,894,399.895264,138.401840,399.875909,138.417400,246
5,895,399.982422,214.654343,399.962810,214.673221,246
5,896,432.978943,195.553467,432.960542,195.573161,246
5,897,366.898743,157.502731,366.879352,157.521000,246
5,898,432.935333,157.427216,432.918251,157.443837,246
5,899,366.942352,195.628983,366.923984,195.647512,246
5,900,421.994659,214.629181,421.975427,214.648685,246
5,901,377.883026,138.427002,377.863308,138.443359,246
5,902,421.907440,138.376663,421.890053,138.390970,246
5,903,377.970276,214.679520,377.951843,214.697324,246
5,904,443.963287,176.477737,443.946925,176.495981,246
5,905,355.914429,176.578445,355.896538,176.597014,246
5,906,411.010345,233.704910,410.991486,233.722618,246
5,907,388.867310,119.351288,388.848472,119.364083,246
5,908,410.879547,119.326111,410.862271,119.337407,246
5,909,388.998169,233.730072,388.980085,233.746466,246
5,910,454.991180,195.528290,454.975959,195.547463,246
5,911,344.886536,157.527908,344.869533,157.545827,246
5,912,454.947540,157.402023,454.934467,157.417193,246
5,913,344.930115,195.654175,344.914946,195.671409,246
5,914,444.006866,214.604004,443.989615,214.623697,246
5,915,355.870850,138.452194,355.852331,138.468880,246
5,916,443.919647,138.351471,443.905863,138.364081,246
5,917,355.958038,214.704712,355.942403,214.720981,246
5,918,433.022552,233.679718,433.004479,233.698293,246
5,919,366.855133,119.376457,366.836330,119.390288,246
5,920,432.891724,119.300941,432.877649,119.310287,246
5,921,366.985962,233.755249,366.970272,233.769869,246
5,922,465.975464,176.452560,465.963518,176.469597,246
5,923,333.902191,176.603622,333.887900,176.621137,246
5,924,400.026062,252.780609,400.008740,252.794911,246
5,925,399.851654,100.275581,399.834907,100.283177,246
5,926,399.851654,100.275581,399.834907,100.283177,246
5,927,400.026062,252.780609,400.008740,252.794911,246
5,928,466.019073,214.578827,466.005409,214.598242,246
5,929,333.858612,138.477356,333.842911,138.493936,246
5,930,465.931885,138.326309,465.923290,138.336746,246
5,931,333.945801,214.729874,333.934541,214.744181,246
5,932,477.003357,195.503113,476.992959,195.521323,246
5,933,322.874329,157.553085,322.861323,157.570192,246
5,934,476.959747,157.376862,476.952271,157.390104,246
5,935,322.917908,195.679337,322.907513,195.694848,246
5,936,455.034790,233.654541,455.019103,233.673546,246
5,937,344.842926,119.401642,344.825723,119.416053,246
5,938,454.903931,119.275757,454.894642,119.282690,246
5,939,344.973724,233.780426,344.962008,233.792845,246
5,940,422.038239,252.755417,422.020546,252.771273,246
5,941,377.839417,100.300751,377.821509,100.310084,246
5,942,421.863800,100.250404,421.849854,100.255795,246
5,943,378.013855,252.805786,377.998522,252.818076,246
5,944,444.050446,252.730255,444.033947,252.747217,246
5,945,355.827209,100.325935,355.809738,100.336549,246
5,946,443.876038,100.225220,443.866472,100.227951,246
5,947,356.001648,252.830948,355.989885,252.840798,246
5,948,487.987671,176.427383,487.981730,176.442739,246
5,949,311.890015,176.628799,311.880895,176.644831,246
5,950,411.053955,271.831146,411.037807,271.842675,246
5,951,388.823730,81.225021,388.807932,81.228203,246
5,952,410.835907,81.199852,410.822506,81.200588,246
5,953,389.041748,271.856323,389.027183,271.865602,246
5,954,488.031281,214.553635,488.022848,214.572330,246
5,955,311.846436,138.502548,311.835128,138.518557,246
5,956,487.944061,138.301132,487.942282,138.308932,246
5,957,311.933655,214.755035,311.928308,214.766940,246
5,958,477.046967,233.629379,477.035278,233.648347,246
5,959,322.830719,119.426804,322.816730,119.441352,246
5,960,476.916168,119.250587,476.913286,119.254644,246
5,961,322.961548,233.805603,322.955345,233.815380,246
5,962,499.015564,195.477936,499.011580,195.494709,246
5,963,300.862122,157.578262,300.854687,157.594127,246
5,964,498.971985,157.351685,498.971729,157.362537,246
5,965,300.905731,195.704514,300.901649,195.717861,246
5,966,466.062683,252.705078,466.048979,252.722711,246
5,967,333.815002,100.351105,333.799529,100.362544,246
5,968,465.888275,100.200050,465.884710,100.199656,246
5,969,333.989441,252.856140,333.982792,252.863111,246
5,970,433.066162,271.805969,433.050048,271.819305,246
5,971,366.811523,81.250214,366.794962,81.255387,246
5,972,432.848145,81.174683,432.838722,81.172510,246
5,973,367.029572,271.881500,367.018171,271.888088,246
5,974,455.078369,271.780792,455.063857,271.795459,246
5,975,344.799286,81.275383,344.783561,81.282083,246
5,976,454.860352,81.149513,454.856527,81.143966,246
5,977,345.017365,271.906677,345.010675,271.910163,246
5,978,509.999908,176.402222,510.001597,176.415432,246
5,979,289.877808,176.653961,289.875400,176.668068,246
5,980,400.069672,290.906860,400.056285,290.912451,246
5,981,399.808014,62.149342,399.795578,62.144723,246
5,982,399.808014,62.149342,399.795578,62.144723,246
5,983,400.069672,290.906860,400.056285,290.912451,246
5,984,499.059174,233.604187,499.053126,233.622678,246
5,985,300.818512,119.451988,300.809315,119.466216,246
5,986,498.928345,119.225410,498.933531,119.226115,246
5,987,300.949341,233.830780,300.950247,233.837463,246
5,988,510.043457,214.528473,510.041850,214.545975,246
5,989,289.834198,138.527710,289.828859,138.542719,246
5,990,509.956268,138.275955,509.962964,138.280666,246
5,991,289.921417,214.780243,289.923579,214.789289,246
5,992,488.074860,252.679916,488.065592,252.697753,246
5,993,311.802826,100.376282,311.790962,100.388102,246
5,994,487.900452,100.174866,487.904519,100.170879,246
5,995,311.977264,252.881317,311.977323,252.884957,246
5,996,422.081879,290.881683,422.067315,290.889761,246
5,997,377.795837,62.174507,377.781403,62.172586,246
5,998,421.820221,62.124146,421.811362,62.116367,246
5,999,378.057465,290.932037,378.046838,290.934700,246
5,1000,521.027771,195.452759,521.031858,195.467633,246
5,1001,278.849945,157.603439,278.849617,157.617619,246
5,1002,520.984192,157.326492,520.992791,157.334504,246
5,1003,278.893524,195.729706,278.897348,195.740434,246
5,1004,477.090576,271.755615,477.079270,271.771193,246
5,1005,322.787109,81.300552,322.773777,81.308324,246
5,1006,476.872559,81.124313,476.875960,81.114925,246
5,1007,323.005157,271.931854,323.004776,271.931773,246
5,1008,444.094055,290.856506,444.079935,290.866629,246
5,1009,355.783630,62.199677,355.768832,62.199988,246
5,1010,443.832428,62.098976,443.828765,62.087573,246
5,1011,356.045258,290.957214,356.038939,290.956539,246
5,1012,466.106293,290.831329,466.094183,290.843021,246
5,1013,333.771393,62.224873,333.757827,62.226961,246
5,1014,465.844666,62.073807,465.847823,62.058310,246
5,1015,334.033020,290.982391,334.032608,290.977914,246
5,1016,532.012085,176.377029,532.023041,176.387646,246
5,1017,267.865601,176.679153,267.871494,176.690880,246
5,1018,411.097565,309.957397,411.085768,309.958624,246
5,1019,388.780121,43.098747,388.769067,43.088066,246
5,1020,410.792328,43.073578,410.784452,43.059489,246
5,1021,389.085327,309.982605,389.075886,309.980665,246
5,1022,521.071411,233.579010,521.072598,233.596551,246
5,1023,278.806305,119.477173,278.803470,119.490635,246
5,1024,520.940552,119.200226,520.955413,119.197117,246
5,1025,278.937134,233.855942,278.946707,233.859111,246
5,1026,510.087067,252.654739,510.083823,252.672340,246
5,1027,289.790588,100.401451,289.783913,100.413196,246
5,1028,509.912659,100.149704,509.926023,100.141645,246
5,1029,289.965027,252.906479,289.973355,252.906369,246
5,1030,532.055664,214.503296,532.062539,214.519143,246
5,1031,267.822021,138.552887,267.824185,138.566452,246
5,1032,531.968445,138.250778,531.985227,138.251917,246
5,1033,267.909210,214.805405,267.920436,214.811174,246
5,1034,499.102783,271.730438,499.096324,271.746475,246
5,1035,300.774902,81.325745,300.765577,81.334142,246
5,1036,498.884766,81.099152,498.897056,81.085441,246
5,1037,300.992950,271.957031,301.000438,271.952950,246
5,1038,433.109772,309.932220,433.097206,309.936171,246
5,1039,366.767944,43.123943,366.755292,43.116208,246
5,1040,432.804535,43.048409,432.801454,43.030445,246
5,1041,367.073151,310.007751,367.067640,310.002241,246
5,1042,543.040039,195.427582,543.053772,195.440107,246
5,1043,256.837708,157.628616,256.846077,157.640656,246
5,1044,542.996399,157.301331,543.015523,157.306017,246
5,1045,256.881287,195.754868,256.894572,195.762556,246
5,1046,488.118500,290.806152,488.110007,290.818994,246
5,1047,311.759247,62.250042,311.748468,62.253449,246
5,1048,487.856842,62.048641,487.868485,62.028575,246
5,1049,312.020844,291.007568,312.027898,290.998855,246
5,1050,455.121948,309.907074,455.110236,309.913275,246
5,1051,344.755707,43.149109,344.743088,43.143858,246
5,1052,454.816772,43.023243,454.820109,43.000931,246
5,1053,345.060944,310.032928,345.060906,310.023381,246
5,1054,400.113281,329.033142,400.105431,329.025929,246
5,1055,399.764404,24.023069,399.757933,24.001962,246
5,1056,399.764404,24.023069,399.757933,24.001962,246
5,1057,400.113281,329.033142,400.105431,329.025929,246
5,1058,532.099304,252.629547,532.103707,252.646441,246
5,1059,267.778412,100.426636,267.778463,100.437858,246
5,1060,531.924866,100.124519,531.949170,100.111924,246
5,1061,267.952820,252.931671,267.970968,252.927377,246
5,1062,543.083557,233.553848,543.093642,233.569978,246
5,1063,256.794098,119.502342,256.799161,119.514595,246
5,1064,542.952759,119.175056,542.978970,119.167660,246
5,1065,256.924927,233.881134,256.944688,233.880341,246
5,1066,521.114990,271.705292,521.114938,271.721304,246
5,1067,278.762695,81.350914,278.758951,81.359480,246
5,1068,520.896912,81.073982,520.919737,81.055483,246
5,1069,278.980743,271.982208,278.997652,271.973723,246
5,1070,477.134186,309.881897,477.124895,309.889934,246
5,1071,322.743500,43.174278,322.732508,43.171050,246
5,1072,476.828918,42.998047,476.840338,42.970915,246
5,1073,323.048737,310.058105,323.055764,310.044088,246
5,1074,422.125458,329.007935,422.115663,329.004122,246
5,1075,377.752228,24.048237,377.742976,24.030790,246
5,1076,421.776642,23.997871,421.774564,23.972638,246
5,1077,378.101044,329.058289,378.096720,329.047269,246
5,1078,554.024292,176.351868,554.046185,176.359406,246
5,1079,245.853378,176.704315,245.869113,176.713241,246
5,1080,554.067932,214.478104,554.084867,214.491848,246
5,1081,245.809784,138.578064,245.821039,138.589730,246
5,1082,553.980652,138.225616,554.009195,138.222709,246
5,1083,245.896988,214.830582,245.918813,214.832626,246
5,1084,510.130676,290.780975,510.127444,290.794516,246
5,1085,289.747009,62.275208,289.740633,62.279483,246
5,1086,509.869049,62.023445,509.890788,61.998337,246
5,1087,290.008606,291.032745,290.024684,291.019395,246
5,1088,444.137695,328.982758,444.127539,328.981905,246
5,1089,355.740021,24.073404,355.729569,24.059153,246
5,1090,443.788849,23.972706,443.792788,23.942872,246
5,1091,356.088867,329.083466,356.089610,329.068175,246
5,1092,565.052185,195.402405,565.077271,195.412100,246
5,1093,234.825516,157.653793,234.844119,157.663270,246
5,1094,565.008545,157.276154,565.039845,157.277044,246
5,1095,234.869095,195.780045,234.893373,195.784259,246
5,1096,499.146423,309.856689,499.141160,309.866116,246
5,1097,300.731323,43.199474,300.723515,43.197814,246
5,1098,498.841156,42.972878,498.862264,42.940453,246
5,1099,301.036530,310.083282,301.052178,310.064394,246
5,1100,466.149902,328.957611,466.141009,328.959246,246
5,1101,333.727783,24.098602,333.717761,24.087082,246
5,1102,465.801025,23.947536,465.812643,23.912633,246
5,1103,334.076630,329.108673,334.084036,329.088678,246
5,1104,411.141174,348.083679,411.135328,348.070521,246
5,1105,388.736511,4.972503,388.731864,4.943669,246
5,1106,410.748718,4.947334,410.748066,4.914121,246
5,1107,389.128937,348.108826,389.126209,348.091628,246
5,1108,554.111511,252.604385,554.125225,252.620111,246
5,1109,245.766174,100.451805,245.774546,100.462060,246
5,1110,553.937073,100.099350,553.973911,100.081741,246
5,1111,245.940613,252.956848,245.970097,252.947927,246
5,1112,543.127197,271.680084,543.135237,271.695646,246
5,1113,256.750488,81.376083,256.753865,81.384371,246
5,1114,542.909180,81.048782,542.944126,81.025020,246
5,1115,256.968536,272.007385,256.996385,271.994039,246
5,1116,565.095825,233.528671,565.116384,233.542942,246
5,1117,234.781891,119.527519,234.796436,119.538128,246
5,1118,564.964966,119.149872,565.004122,119.137714,246
5,1119,234.912720,233.906311,234.944242,233.901140,246
5,1120,532.142944,290.755829,532.146531,290.769585,246
5,1121,267.734802,62.300377,267.734400,62.305067,246
5,1122,531.881287,61.998276,531.914768,61.967650,246
5,1123,267.996429,291.057922,268.023047,291.039477,246
5,1124,433.153381,348.058502,433.145997,348.048978,246
5,1125,366.724335,4.997699,366.717275,4.972777,246
5,1126,432.760925,4.922167,432.765890,4.884102,246
5,1127,367.116791,348.134003,367.118722,348.112300,246
5,1128,488.162079,328.932434,488.156021,328.936142,246
5,1129,311.715607,24.123768,311.707605,24.114522,246
5,1130,487.813263,23.922369,487.834165,23.881917,246
5,1131,312.064453,329.133820,312.080077,329.108722,246
5,1132,576.036499,176.326691,576.070979,176.330681,246
5,1133,223.841171,176.729492,223.868308,176.735182,246
5,1134,576.080078,214.452942,576.108781,214.464100,246
5,1135,223.797592,138.603241,223.819473,138.612584,246
5,1136,575.992920,138.200424,576.034817,138.193013,246
5,1137,223.884796,214.855759,223.918762,214.853661,246
5,1138,521.158569,309.831512,521.158982,309.841878,246
5,1139,278.719116,43.224644,278.716102,43.224095,246
5,1140,520.853333,42.947708,520.885779,42.909513,246
5,1141,279.024353,310.108459,279.050142,310.084243,246
5,1142,455.165588,348.033295,455.158255,348.026967,246
5,1143,344.712097,5.022867,344.704263,5.001390,246
5,1144,454.773132,4.896999,454.785373,4.853609,246
5,1145,345.104553,348.159210,345.112743,348.132570,246
5,1146,587.064392,195.377243,587.102480,195.383636,246
5,1147,212.813309,157.678955,212.843705,157.685435,246
5,1148,587.020813,157.250977,587.065881,157.247611,246
5,1149,212.856903,195.805222,212.893714,195.805516,246
5,1150,510.174316,328.907227,510.172700,328.912562,246
5,1151,289.703400,24.148937,289.698976,24.141505,246
5,1152,509.825439,23.897171,509.857274,23.850694,246
5,1153,290.052246,329.158997,290.077611,329.128339,246
5,1154,477.177795,348.008148,477.172137,348.004543,246
5,1155,322.699890,5.048035,322.692879,5.029540,246
5,1156,476.785309,4.871802,476.806433,4.822611,246
5,1157,323.092346,348.184357,323.108353,348.152382,246
5,1158,400.156860,367.159363,400.156136,367.135317,246
5,1159,400.156860,367.159363,400.156136,367.135317,246
5,1160,565.139404,271.654907,565.157170,271.669558,246
5,1161,564.921387,81.023621,564.970173,80.994106,246
5,1162,234.956329,272.032562,234.996685,272.013928,246
5,1163,576.123718,252.579208,576.148324,252.593318,246
5,1164,575.949280,100.074173,576.000369,100.051065,246
5,1165,223.928406,252.982010,223.970793,252.968050,246
5,1166,554.155090,290.730621,554.167187,290.744168,246
5,1167,553.893433,61.973110,553.940347,61.936483,246
5,1168,245.984192,291.083099,246.022922,291.059133,246
5,1169,422.169067,367.134216,422.165634,367.114444,246
5,1170,378.144684,367.184570,378.148213,367.155786,246
5,1171,587.108032,233.503494,587.140772,233.515425,246
5,1172,586.977173,119.124710,587.030993,119.107304,246
5,1173,543.170837,309.806366,543.178484,309.817186,246
5,1174,542.865540,42.922512,542.911008,42.878063,246
5,1175,257.012115,310.133636,257.049619,310.103666,246
5,1176,444.181305,367.109039,444.176743,367.093134,246
5,1177,356.132477,367.209747,356.141857,367.175795,246
5,1178,499.190002,347.982971,499.187592,347.981676,246
5,1179,301.080170,348.209534,301.105514,348.171767,246
5,1180,598.048706,176.301514,598.097372,176.301497,246
5,1181,598.092285,214.427780,598.134406,214.435883,246
5,1182,532.186523,328.882050,532.190995,328.888561,246
5,1183,466.193481,367.083832,466.189413,367.071358,246
5,1184,334.120239,367.234894,334.137033,367.195375,246
5,1185,388.736511,4.972503,388.731864,4.943669,246
5,1186,410.748718,4.947334,410.748066,4.914121,246
4,0,248.651367,317.283569,248.961984,317.082573,253
4,1,258.366302,334.065979,259.344844,335.017555,253
4,2,238.936432,300.501190,238.579933,299.146255,253
4,3,258.327881,300.479034,259.304679,299.121584,253
4,4,238.974854,334.088165,238.621579,335.040483,253
4,5,268.042816,317.261414,269.687520,317.058359,253
4,6,229.259949,317.305786,228.239537,317.105955,253
4,7,248.689789,350.870544,249.004456,352.973680,253
4,8,248.612976,283.696655,248.922677,281.183468,253
4,9,248.612976,283.696655,248.922677,281.183468,253
4,10,248.689789,350.870544,249.004456,352.973680,253
4,11,277.757751,334.043793,280.071145,334.993798,253
4,12,219.544998,300.523407,217.858274,299.170094,253
4,13,277.719299,300.456848,280.032472,299.096049,253
4,14,219.583435,334.110321,217.901394,335.062530,253
4,15,268.081238,350.848358,269.728512,352.951234,253
4,16,229.221542,283.718811,228.198746,281.208599,253
4,17,268.004425,283.674469,269.649706,281.157473,253
4,18,229.298370,350.892700,228.283481,352.995275,253
4,19,287.434265,317.239227,290.416106,317.033283,253
4,20,209.868515,317.327942,207.520139,317.128457,253
4,21,258.404724,367.652924,259.388139,370.905551,253
4,22,238.898041,266.914276,238.541459,263.244008,253
4,23,258.289490,266.892090,259.267700,263.217551,253
4,24,239.013275,367.675110,238.666345,370.926694,253
4,25,297.149200,334.021606,300.800553,334.969180,253
4,26,200.153580,300.545563,197.139660,299.193052,253
4,27,297.110779,300.434662,300.763379,299.069618,253
4,28,200.192001,334.132507,197.184247,335.083731,253
4,29,287.472687,350.826172,290.455609,352.927905,253
4,30,209.830124,283.740997,207.477871,281.232868,253
4,31,287.395844,283.652283,290.379793,281.130580,253
4,32,209.906937,350.914886,207.565547,353.016023,253
4,33,283.538544,336.076172,283.614352,336.051639,29
4,34,294.007202,354.160583,294.080716,354.129741,29
4,35,273.069916,317.991760,273.148776,317.972285,29
4,36,293.965790,317.967865,294.039482,317.947869,29
4,37,273.111328,354.184509,273.191407,354.152517,29
4,38,304.434448,336.052277,304.505831,336.027654,29
4,39,262.642670,336.100067,262.725789,336.074816,29
4,40,283.579956,372.268921,283.657756,372.228944,29
4,41,283.497131,299.883453,283.573895,299.866826,29
4,42,283.497131,299.883453,283.573895,299.866826,29
4,43,283.579956,372.268921,283.657756,372.228944,29
4,44,314.903076,354.136688,314.972916,354.106185,29
4,45,252.174011,318.015656,252.260931,317.995891,29
4,46,314.861664,317.943939,314.933086,317.922611,29
4,47,252.215424,354.208405,252.304950,354.174463,29
4,48,304.475861,372.244995,304.547840,372.206595,29
4,49,262.601257,299.907349,262.683935,299.891674,29
4,50,304.393036,299.859528,304.466781,299.841135,29
4,51,262.684082,372.292816,262.770580,372.250463,29
4,52,325.330292,336.028381,325.400157,336.002855,29
4,53,241.746765,336.123993,241.840076,336.097216,29
4,54,294.048584,390.353333,294.124863,390.304126,29
4,55,273.028534,281.799042,273.109127,281.784523,29
4,56,293.924408,281.775116,294.001241,281.758398,29
4,57,273.152710,390.377228,273.236939,390.325221,29
4,58,335.798950,354.112793,335.868022,354.081816,29
4,59,231.278137,318.039581,231.375986,318.018719,29
4,60,335.757538,317.920074,335.829604,317.896561,29
4,61,231.319550,354.232300,231.421386,354.195609,29
4,62,325.371704,372.221100,325.440765,372.183466,29
4,63,241.705368,299.931244,241.796830,299.915710,29
4,64,325.288910,299.835663,325.362521,299.814652,29
4,65,241.788177,372.316711,241.886246,372.271185,29
4,66,314.944458,390.329437,315.015671,390.282230,29
4,67,252.132645,281.822937,252.219881,281.809803,29
4,68,314.820312,281.751221,314.896261,281.731479,29
4,69,252.256805,390.401123,252.351859,390.345519,29
4,70,346.226196,336.004486,346.297454,335.977210,29
4,71,220.850891,336.147888,220.957253,336.118788,29
4,72,283.621338,408.461639,283.704055,408.398739,29
4,73,283.455780,263.690704,283.536439,263.674394,29
4,74,283.455780,263.690704,283.536439,263.674394,29
4,75,283.621338,408.461639,283.704055,408.398739,29
4,76,346.267609,372.197235,346.336651,372.159526,29
4,77,220.809479,299.955170,220.912625,299.938968,29
4,78,346.184814,299.811768,346.261240,299.787343,29
4,79,220.892288,372.340607,221.004794,372.291113,29
4,80,356.694855,354.088898,356.766073,354.056603,29
4,81,210.382263,318.063477,210.493902,318.040718,29
4,82,356.653442,317.896179,356.729075,317.869688,29
4,83,210.423676,354.256195,210.540675,354.215961,29
4,84,335.840332,390.305511,335.909376,390.259500,29
4,85,231.236755,281.846832,231.333544,281.834272,29
4,86,335.716187,281.727356,335.794203,281.703734,29
4,87,231.360916,390.425049,231.469665,390.365052,29
4,88,304.517242,408.437744,304.592757,408.378067,29
4,89,262.559875,263.714630,262.645068,263.700955,29
4,90,304.351685,263.666809,304.430742,263.647039,29
4,91,262.725464,408.485565,262.818255,408.418642,29
4,92,325.413086,408.413849,325.484291,408.356596,29
4,93,241.663986,263.738525,241.756561,263.726670,29
4,94,325.247528,263.642944,325.327909,263.618857,29
4,95,241.829544,408.509460,241.935288,408.437727,29
4,96,367.122070,335.980591,367.197653,335.950771,29
4,97,199.955017,336.171783,200.077281,336.139565,29
4,98,272.987152,245.606293,273.072429,245.589122,29
4,99,293.883026,245.582413,293.965963,245.561329,29
4,100,199.913605,299.979065,200.031277,299.961396,29
4,101,367.080719,299.787842,367.162896,299.759178,29
4,102,199.996414,372.364502,200.126186,372.310279,29
4,103,210.340881,281.870728,210.450075,281.857933,29
4,104,356.612091,281.703430,356.695106,281.675132,29
4,105,210.465042,390.448944,210.590317,390.383770,29
4,106,189.486389,318.087372,189.614666,318.061921,29
4,107,189.527786,354.280090,189.662805,354.235550,29
4,108,220.768112,263.762421,220.870961,263.751572,29
4,109,346.143433,263.619019,346.228062,263.589816,29
4,110,252.091232,245.630203,252.181771,245.616105,29
4,111,314.778900,245.558517,314.862412,245.532708,29
4,112,231.195358,245.654114,231.294030,245.642269,29
4,113,307.473877,335.357483,307.020150,336.716863,77
4,114,316.223267,350.471954,317.230196,354.352805,77
4,115,298.724457,320.243011,296.810986,319.079428,77
4,116,316.188660,320.223022,317.190500,319.055188,77
4,117,298.759033,350.491943,296.852353,354.375023,77
4,118,324.938080,335.337524,327.400529,336.693165,77
4,119,290.009613,335.377441,286.643172,336.739593,77
4,120,307.439270,305.108551,306.981381,301.415738,77
4,121,307.439270,305.108551,306.981381,301.415738,77
4,122,333.687500,350.451996,337.611497,354.329620,77
4,123,281.260223,320.262970,276.434923,319.102671,77
4,124,333.652893,320.203064,337.573481,319.030000,77
4,125,289.975006,305.128540,286.602730,301.440494,77
4,126,324.903473,305.088562,327.363443,301.390033,77
4,127,260.763000,336.679291,259.080846,337.378804,254
4,128,270.537750,353.565033,269.291110,355.015174,254
4,129,250.988251,319.793579,248.871490,319.740966,254
4,130,270.499084,319.771271,269.252760,319.715982,254
4,131,251.026901,353.587341,248.911501,355.038173,254
4,132,280.273804,336.656982,279.462978,337.354332,254
4,133,241.252151,336.701630,238.702125,337.402339,254
4,134,260.801666,370.473022,259.121782,372.672519,254
4,135,260.724335,302.885590,259.043426,302.076133,254
4,136,260.724335,302.885590,259.043426,302.076133,254
4,137,260.801666,370.473022,259.121782,372.672519,254
4,138,290.048553,353.542694,289.674133,354.991185,254
4,139,231.477432,319.815918,228.493682,319.765012,254
4,140,290.009888,319.748962,289.637453,319.690029,254
4,141,231.516098,353.609650,228.535344,355.060217,254
4,142,280.312469,370.450714,279.502255,372.650027,254
4,143,241.213501,302.907898,238.663042,302.101630,254
4,144,280.235138,302.863281,279.427230,302.049665,254
4,145,241.290817,370.495331,238.744710,372.694056,254
4,146,299.784637,336.634674,299.848589,337.328892,254
4,147,221.741348,336.723938,218.326853,337.424890,254
4,148,270.576385,387.358734,269.332940,390.305380,254
4,149,250.949615,285.999878,248.835029,284.434779,254
4,150,270.460449,285.977570,269.217974,284.407795,254
4,151,251.065536,387.381042,248.954978,390.326412,254
4,152,309.559357,353.520386,310.060611,354.966257,254
4,153,211.966629,319.838226,208.119292,319.788072,254
4,154,309.520721,319.726654,310.025611,319.663074,254
4,155,212.005280,353.631958,208.162596,355.081309,254
4,156,299.823303,370.428406,299.886198,372.626547,254
4,157,221.702682,302.930237,218.286116,302.126188,254
4,158,299.745972,302.840942,299.814523,302.022194,254
4,159,221.779999,370.517639,218.371078,372.714643,254
4,160,284.111145,296.901154,284.103173,296.910860,50
4,161,294.617096,315.049957,294.610784,315.061561,50
4,162,273.605286,278.752319,273.596354,278.758940,50
4,163,294.575562,278.728333,294.569834,278.734179,50
4,164,273.646790,315.073944,273.638664,315.084671,50
4,165,305.081482,296.877136,305.077401,296.886518,50
4,166,263.140869,296.925110,263.131773,296.934387,50
4,167,284.152710,333.222778,284.146263,333.233742,50
4,168,284.069641,260.579498,284.062979,260.580617,50
4,169,284.069641,260.579498,284.062979,260.580617,50
4,170,284.152710,333.222778,284.146263,333.233742,50
4,171,315.587402,315.025970,315.585707,315.037639,50
4,172,252.634949,278.776306,252.625645,278.782887,50
4,173,315.545868,278.704346,315.546126,278.708654,50
4,174,252.676468,315.097931,252.669308,315.107001,50
4,175,305.123047,333.198792,305.119132,333.211049,50
4,176,263.099335,260.603516,263.090217,260.605799,50
4,177,305.039948,260.555511,305.038578,260.554670,50
4,178,263.182404,333.246735,263.176214,333.255656,50
4,179,326.051758,296.853180,326.054388,296.861414,50
4,180,242.170532,296.949097,242.163134,296.957133,50
4,181,294.658661,351.371582,294.654624,351.381604,50
4,182,273.563721,242.430679,273.556891,242.425829,50
4,183,294.534027,242.406708,294.531744,242.399459,50
4,184,273.688354,351.395599,273.683854,351.403131,50
4,185,336.557709,315.001984,336.563446,315.012954,50
4,186,231.664642,278.800293,231.657749,278.806050,50
4,187,336.516174,278.680359,336.525241,278.682333,50
4,188,231.706177,315.121918,231.702757,315.128581,50
4,189,326.093323,333.174805,326.094753,333.187571,50
4,190,242.129013,260.627472,242.120223,260.630166,50
4,191,326.010223,260.531555,326.016942,260.527925,50
4,192,242.212082,333.270752,242.208919,333.276823,50
4,193,315.628937,351.347626,315.628190,351.359325,50
4,194,252.593399,242.454666,252.584818,242.451420,50
4,195,315.504333,242.382721,315.509415,242.372290,50
4,196,252.718018,351.419556,252.715839,351.423857,50
4,197,347.022095,296.829193,347.034256,296.835515,50
4,198,221.200241,296.973114,221.197299,296.979129,50
4,199,284.194275,369.544403,284.192198,369.549374,50
4,200,284.028076,224.257874,284.025651,224.243016,50
4,201,284.028076,224.257874,284.025651,224.243016,50
4,202,284.194275,369.544403,284.192198,369.549374,50
4,203,347.063629,333.150818,347.073247,333.163278,50
4,204,221.158707,260.651459,221.153040,260.653749,50
4,205,346.980560,260.507538,346.998195,260.500352,50
4,206,221.241791,333.294739,221.244419,333.297190,50
4,207,357.528015,314.978027,357.544042,314.987476,50
4,208,210.694351,278.824249,210.692626,278.828435,50
4,209,357.486511,278.656372,357.507220,278.655184,50
4,210,210.735870,315.145905,210.738972,315.149362,50
4,211,336.599243,351.323639,336.604565,351.336264,50
4,212,231.623093,242.478653,231.615565,242.476222,50
4,213,336.474609,242.358734,336.489917,242.344304,50
4,214,231.747726,351.443542,231.750622,351.443812,50
4,215,305.164581,369.520416,305.163720,369.528259,50
4,216,263.057770,224.281860,263.051515,224.269812,50
4,217,304.998413,224.233871,305.002631,224.215394,50
4,218,263.223969,369.568390,263.223489,369.569687,50
4,219,326.134857,369.496429,326.137986,369.506395,50
4,220,242.087463,224.305832,242.080155,224.295813,50
4,221,325.968689,224.209900,325.982385,224.186996,50
4,222,242.253632,369.592377,242.257526,369.589232,50
4,223,367.992401,296.805176,368.016963,296.808789,50
4,224,200.229935,296.997070,200.234226,297.000324,50
4,225,294.700165,387.693237,294.701275,387.694414,50
4,226,273.522156,206.109055,273.520328,206.085340,50
4,227,294.492462,206.085068,294.496564,206.057304,50
4,228,273.729889,387.717224,273.731843,387.714317,50
4,229,368.033936,333.126831,368.054545,333.138219,50
4,230,200.188416,260.675446,200.188628,260.676552,50
4,231,367.950867,260.483582,367.982269,260.472000,50
4,232,200.271484,333.318695,200.282676,333.316791,50
4,233,357.569580,351.299622,357.583789,351.312388,50
4,234,210.652802,242.502640,210.649093,242.500225,50
4,235,357.444946,242.334747,357.473292,242.315512,50
4,236,210.777435,351.467529,210.788164,351.463002,50
4,237,378.498291,314.954041,378.527424,314.961200,50
4,238,189.724060,278.848267,189.730264,278.850074,50
4,239,378.456757,278.632385,378.491994,278.627257,50
4,240,189.765579,315.169891,189.777941,315.169375,50
4,241,347.105194,369.472473,347.115117,369.483748,50
4,242,221.117157,224.329819,221.111614,224.321037,50
4,243,346.938995,224.185928,346.965036,224.157789,50
4,244,221.283340,369.616333,221.294352,369.608012,50
4,245,315.670471,387.669250,315.673496,387.673739,50
4,246,252.551849,206.133041,252.546878,206.112562,50
4,247,315.462769,206.061081,315.475626,206.028464,50
4,248,252.759552,387.741180,252.765159,387.733453,50
4,249,284.087341,297.613586,284.083395,297.619373,53
4,250,294.224365,315.125122,294.223222,315.135104,53
4,251,273.950348,280.102051,273.944568,280.102079,53
4,252,294.184296,280.078888,294.184445,280.077629,53
4,253,273.990417,315.148254,273.985092,315.157442,53
4,254,304.321289,297.590424,304.324224,297.595463,53
4,255,263.853394,297.636719,263.846189,297.642247,53
4,256,284.127441,332.659790,284.124912,332.671078,53
4,257,284.047272,262.567352,284.045590,262.558226,53
4,258,284.047272,262.567352,284.045590,262.558226,53
4,259,284.127441,332.659790,284.124912,332.671078,53
4,260,314.458313,315.101959,314.464952,315.111731,53
4,261,253.716400,280.125183,253.708257,280.125491,53
4,262,314.418243,280.055756,314.427932,280.052189,53
4,263,253.756454,315.171387,253.750519,315.178777,53
4,264,304.361389,332.636658,304.363996,332.649275,53
4,265,263.813324,262.590515,263.806634,262.583216,53
4,266,304.281250,262.544220,304.288178,262.532243,53
4,267,263.893494,332.682922,263.889441,332.691879,53
4,268,324.555206,297.567291,324.568613,297.570563,53
4,269,243.619431,297.659851,243.612537,297.664117,53
4,270,294.264465,350.171326,294.265702,350.183160,53
4,271,273.910278,245.055801,273.907710,245.037247,53
4,272,294.144196,245.032669,294.149350,245.010721,53
4,273,274.030518,350.194489,274.029305,350.203457,53
4,274,334.692261,315.078827,334.710298,315.087370,53
4,275,233.482452,280.148315,233.475550,280.147897,53
4,276,334.652191,280.032623,334.675046,280.025726,53
4,277,233.522522,315.194550,233.519539,315.199141,53
4,278,324.595306,332.613525,324.606630,332.626464,53
4,279,243.579361,262.613647,243.571242,262.607168,53
4,280,324.515137,262.521088,324.534336,262.505237,53
4,281,243.659515,332.706085,243.657514,332.711712,53
4,282,314.498413,350.148193,314.505690,350.161890,53
4,283,253.676300,245.078949,253.669648,245.062767,53
4,284,314.378143,245.009537,314.394609,244.983170,53
4,285,253.796555,350.217621,253.796454,350.222732,53
4,286,344.789185,297.544159,344.816684,297.544642,53
4,287,223.385483,297.683014,223.382476,297.685015,53
4,288,284.167511,367.706024,284.170083,367.713460,53
4,289,284.167511,367.706024,284.170083,367.713460,53
4,290,344.829285,332.590363,344.852936,332.602614,53
4,291,344.749115,262.497925,344.784187,262.477174,53
4,292,223.425583,332.729218,223.429169,332.730527,53
4,293,354.926208,315.055695,354.959304,315.061989,53
4,294,334.732330,350.125061,334.749284,350.139614,53
4,295,233.562607,350.240753,233.567189,350.241018,53
4,296,304.401489,367.682861,304.407437,367.693694,53
4,297,263.933594,367.729156,263.936333,367.732207,53
4,298,226.733917,317.768158,226.884466,317.719927,267
4,299,237.187241,335.826111,237.320186,335.747394,267
4,300,216.280579,299.710175,216.449494,299.691177,267
4,301,237.145889,299.686310,237.279560,299.666527,267
4,302,216.321930,335.849976,216.491541,335.770318,267
4,303,247.599243,317.744263,247.715289,317.695717,267
4,304,205.868607,317.791992,206.056578,317.743288,267
4,305,226.775269,353.907928,226.927306,353.796069,267
4,306,226.692612,281.628326,226.844665,281.636049,267
4,307,226.692612,281.628326,226.844665,281.636049,267
4,308,226.775269,353.907928,226.927306,353.796069,267
4,309,258.052582,335.802216,258.151797,335.723621,267
4,310,195.415268,299.734039,195.622361,299.714976,267
4,311,258.011230,299.662445,258.112598,299.641077,267
4,312,195.456604,335.873810,195.665819,335.792425,267
4,313,247.640579,353.884064,247.756711,353.773580,267
4,314,205.827286,281.652191,206.015355,281.661111,267
4,315,247.557922,281.604462,247.676917,281.610157,267
4,316,205.909943,353.931793,206.100827,353.817742,267
4,317,268.464600,317.720398,268.549088,317.670707,267
4,318,185.003296,317.815857,185.231611,317.765831,267
4,319,237.228577,371.965912,237.363818,371.820545,267
4,320,216.239258,263.570374,216.410494,263.604278,267
4,321,237.104584,263.546509,237.241990,263.577944,267
4,322,216.363266,371.989746,216.536580,371.841784,267
4,323,278.917908,335.778381,278.986331,335.699051,267
4,324,174.549942,299.757904,174.798148,299.737956,267
4,325,278.876556,299.638580,278.948567,299.614795,267
4,326,174.591293,335.897705,174.843010,335.813748,267
4,327,268.505920,353.860229,268.589084,353.750272,267
4,328,184.961975,281.676056,185.188975,281.685377,267
4,329,268.423279,281.580627,268.512153,281.583432,267
4,330,185.044632,353.955658,185.277263,353.838631,267
4,331,258.093933,371.942047,258.194013,371.798490,267
4,332,195.373947,263.594208,195.581937,263.629782,267
4,333,257.969910,263.522644,258.076468,263.550774,267
4,334,195.497955,372.013641,195.712259,371.862242,267
4,335,289.329895,317.696533,289.385820,317.644867,267
4,336,164.137939,317.839722,164.409526,317.787561,267
4,337,226.816589,390.047760,226.973105,389.864584,267
4,338,226.651260,245.488541,226.807873,245.544432,267
4,339,226.651260,245.488541,226.807873,245.544432,267
4,340,226.816589,390.047760,226.973105,389.864584,267
4,341,289.371246,353.836334,289.424383,353.726112,267
4,342,164.096634,281.699921,164.365484,281.708796,267
4,343,289.288574,281.556732,289.350331,281.555842,267
4,344,164.179291,353.979523,164.456572,353.858687,267
4,345,299.783234,335.754517,299.823856,335.673650,267
4,346,153.684601,299.781738,153.976813,299.760122,267
4,347,299.741913,299.614685,299.787536,299.587648,267
4,348,153.725937,335.921570,154.023071,335.834236,267
4,349,278.959259,371.918182,279.027123,371.775617,267
4,350,174.508621,263.618073,174.756308,263.654461,267
4,351,278.835236,263.498779,278.913885,263.522739,267
4,352,174.632629,372.037506,174.890841,371.881866,267
4,353,247.681900,390.023865,247.801104,389.843749,267
4,354,205.785950,245.512405,205.977129,245.571211,267
4,355,247.516586,245.464676,247.641567,245.516804,267
4,356,205.951263,390.071594,206.148024,389.884583,267
4,357,268.547241,390.000000,268.632064,389.822127,267
4,358,184.920624,245.536270,185.149324,245.597172,267
4,359,268.381927,245.440796,268.478252,245.488336,267
4,360,185.085953,390.095459,185.325850,389.903778,267
4,361,310.195221,317.672668,310.225527,317.618162,267
4,362,143.272629,317.863586,143.590364,317.808510,267
4,363,237.269897,408.105713,237.410402,407.886089,267
4,364,216.404587,408.129578,216.584560,407.905659,267
4,365,310.236572,353.812469,310.262649,353.701150,267
4,366,310.153900,281.532867,310.191492,281.527436,267
4,367,299.824585,371.894287,299.863217,371.751894,267
4,368,299.700592,263.474915,299.754310,263.493887,267
4,369,153.767288,372.061340,154.072287,371.900690,267
4,370,320.648529,335.730652,320.664304,335.647415,267
4,371,320.607208,299.590851,320.629436,299.559688,267
4,372,289.412567,389.976135,289.465941,389.799688,267
4,373,258.135254,408.081848,258.239193,407.865712,267
4,374,195.539261,408.153412,195.761627,407.924425,267
4,375,279.000549,408.057983,279.070892,407.844495,267
4,376,294.497375,316.083374,294.493562,316.092961,57
4,377,304.830383,333.933411,304.829152,333.944928,57
4,378,284.164398,298.233337,284.158810,298.239613,57
4,379,304.789490,298.209717,304.789037,298.215078,57
4,380,284.205292,333.957001,284.200470,333.967593,57
4,381,315.122467,316.059753,315.124582,316.068902,57
4,382,273.872314,316.106964,273.865728,316.116099,57
4,383,294.538269,351.807037,294.536075,351.817711,57
4,384,294.456543,280.359680,294.454332,280.359869,57
4,385,294.456543,280.359680,294.454332,280.359869,57
4,386,294.538269,351.807037,294.536075,351.817711,57
4,387,325.455414,333.909821,325.460968,333.921370,57
4,388,263.539337,298.256897,263.531794,298.263226,57
4,389,325.414551,298.186127,325.422406,298.189671,57
4,390,263.580200,333.980560,263.574990,333.989371,57
4,391,315.163330,351.783447,315.165553,351.795518,57
4,392,273.831482,280.383301,273.824951,280.384881,57
4,393,315.081604,280.336090,315.086907,280.333983,57
4,394,273.913177,351.830627,273.909774,351.839046,57
4,395,335.747528,316.036163,335.758803,316.043972,57
4,396,253.247223,316.130524,253.241038,316.138349,57
4,397,304.871246,369.657074,304.872515,369.666458,57
4,398,284.123566,262.509644,284.120440,262.503269,57
4,399,304.748657,262.486053,304.752224,262.476904,57
4,400,284.246155,369.680664,284.245365,369.687324,57
4,401,346.080505,333.886230,346.096042,333.896889,57
4,402,242.914246,298.280487,242.907920,298.285950,57
4,403,346.039642,298.162567,346.059042,298.163360,57
4,404,242.955124,334.004181,242.952642,334.010295,57
4,405,335.788391,351.759857,335.798222,351.772433,57
4,406,253.206390,280.406860,253.198723,280.408970,57
4,407,335.706665,280.312531,335.722691,280.307192,57
4,408,253.288101,351.854218,253.286609,351.859473,57
4,409,325.496277,369.633484,325.502791,369.644735,57
4,410,263.498505,262.533264,263.491875,262.528760,57
4,411,325.373688,262.462494,325.387159,262.449632,57
4,412,263.621094,369.704254,263.621407,369.707283,57
4,413,356.372620,316.012604,356.396265,316.018138,57
4,414,232.622162,316.154144,232.619533,316.159743,57
4,415,294.579102,387.530701,294.581788,387.534236,57
4,416,294.415680,244.636017,294.418356,244.618430,57
4,417,294.415680,244.636017,294.418356,244.618430,57
4,418,294.579102,387.530701,294.581788,387.534236,57
4,419,356.413483,351.736267,356.434125,351.748426,57
4,420,232.581329,280.430450,232.575689,280.432168,57
4,421,356.331787,280.288910,356.361726,280.279464,57
4,422,232.663025,351.877808,232.666621,351.879024,57
4,423,366.705566,333.862640,366.734306,333.871532,57
4,424,222.289185,298.304108,222.287227,298.307816,57
4,425,366.664734,298.138947,366.698904,298.136112,57
4,426,222.330048,334.027771,222.333468,334.030314,57
4,427,346.121368,369.609894,346.136316,369.622122,57
4,428,242.873413,262.556824,242.866461,262.553326,57
4,429,345.998779,262.438873,346.025370,262.421421,57
4,430,242.995987,369.727844,243.000574,369.726367,57
4,431,315.204163,387.507141,315.209736,387.513865,57
4,432,273.790619,244.659607,273.787416,244.645276,57
4,433,315.040741,244.612442,315.052500,244.590675,57
4,434,273.954041,387.554291,273.957008,387.553728,57
4,435,253.165527,244.683197,253.159638,244.671233,57
4,436,335.665802,244.588852,335.689861,244.561994,57
4,437,253.328934,387.577881,253.335356,387.572346,57
4,438,211.997101,316.177734,212.001171,316.180232,57
4,439,284.082703,226.785980,284.085332,226.758556,57
4,440,304.707794,226.762375,304.718686,226.730290,57
4,441,211.956253,280.454041,211.955806,280.454481,57
4,442,222.248337,262.580414,222.244236,262.577001,57
4,443,232.540451,244.706802,232.535061,244.696292,57
4,444,397.234161,374.660919,388.764490,379.272035,85
4,445,389.259399,360.884705,379.900553,363.958677,85
4,446,405.177338,360.866516,397.603540,363.932584,85
4,447,389.290955,388.455353,379.929864,394.605558,85
4,448,413.152069,374.642731,406.468990,379.246818,85
4,449,381.316223,374.679138,371.065933,379.295604,85
4,450,248.788315,316.250641,245.524371,317.611367,128
4,451,258.521515,333.064545,255.612417,335.036094,128
4,452,239.055115,299.436707,235.437301,300.185031,128
4,453,258.483002,299.414490,255.575949,300.159486,128
4,454,239.093597,333.086792,235.475558,335.059532,128
4,455,268.216217,316.228424,265.663971,317.586372,128
4,456,229.360428,316.272858,225.388490,317.635353,128
4,457,248.826797,349.900726,245.563625,352.482108,128
4,458,248.749832,282.600555,245.488933,282.730984,128
4,459,248.749832,282.600555,245.488933,282.730984,128
4,460,248.826797,349.900726,245.563625,352.482108,128
4,461,277.949402,333.042328,275.752946,335.011648,128
4,462,219.627228,299.458923,215.302370,300.209567,128
4,463,277.910889,299.392273,275.718276,300.132897,128
4,464,219.665726,333.109009,215.342404,335.081915,128
4,465,268.254700,349.878510,265.701439,352.459243,128
4,466,229.321960,282.622772,225.351261,282.757082,128
4,467,268.177734,282.578339,265.630334,282.703842,128
4,468,229.398926,349.922943,225.429519,352.503946,128
4,469,287.644104,316.206207,285.807254,317.560336,128
4,470,209.932556,316.295074,205.256285,317.658283,128
4,471,239.016632,265.786621,235.402869,265.300863,128
4,472,258.444550,265.764404,255.543320,265.273165,128
4,473,239.132095,366.736877,235.517579,369.924381,128
4,474,297.377289,333.020142,295.897214,334.986163,128
4,475,200.199356,299.481140,195.171110,300.233045,128
4,476,297.338806,299.370026,295.864353,300.105234,128
4,477,200.237854,333.131226,195.212913,335.103275,128
4,478,287.682587,349.856262,285.842926,352.435319,128
4,479,209.894089,282.644989,205.217275,282.782143,128
4,480,287.605621,282.556091,285.775427,282.675623,128
4,481,209.971054,349.945160,205.299081,352.524763,128
4,482,238.672012,296.639008,238.667438,296.646548,191
4,483,248.753815,314.055145,248.751882,314.065836,191
4,484,228.590256,279.222900,228.584020,279.225648,191
4,485,248.713959,279.199890,248.712041,279.202069,191
4,486,228.630112,314.078186,228.625649,314.087305,191
4,487,258.795746,296.616028,258.796434,296.623522,191
4,488,218.548309,296.662048,218.542154,296.668567,191
4,489,238.711884,331.494324,238.710088,331.504438,191
4,490,238.632156,261.783752,238.628598,261.778999,191
4,491,238.632156,261.783752,238.628598,261.778999,191
4,492,238.711884,331.494324,238.710088,331.504438,191
4,493,268.877533,314.032135,268.881831,314.043362,191
4,494,208.466553,279.245911,208.459682,279.248193,191
4,495,268.837708,279.176880,268.843788,279.177451,191
4,496,208.506393,314.101196,208.503088,314.107722,191
4,497,258.835602,331.471283,258.837300,331.483517,191
4,498,218.508453,261.806763,218.501524,261.803133,191
4,499,258.755890,261.760742,258.759395,261.753824,191
4,500,218.588181,331.517334,218.586580,331.524308,191
4,501,278.919434,296.593018,278.929107,296.599458,191
4,502,198.424591,296.685059,198.420539,296.689533,191
4,503,248.793686,348.910461,248.795526,348.919970,191
4,504,228.550385,244.367615,228.546159,244.354307,191
4,505,248.674088,244.344589,248.675982,244.328561,191
4,506,228.669983,348.933472,228.671065,348.939295,191
4,507,289.001251,314.009155,289.015459,314.019851,191
4,508,188.342850,279.268921,188.339010,279.269736,191
4,509,288.961395,279.153839,288.979224,279.151760,191
4,510,188.382690,314.124207,188.384184,314.127120,191
4,511,278.959320,331.448273,278.968177,331.461593,191
4,512,198.384750,261.829773,198.378129,261.826231,191
4,513,278.879608,261.737701,278.893878,261.727576,191
4,514,198.464478,331.540344,198.466730,331.543160,191
4,515,268.917419,348.887451,268.923692,348.899623,191
4,516,208.426682,244.390625,208.420028,244.378997,191
4,517,268.797821,244.321564,268.809541,244.301766,191
4,518,208.546280,348.956482,208.550268,348.957602,191
4,519,299.043182,296.569977,299.065525,296.574323,191
4,520,178.300888,296.708069,178.302577,296.709478,191
4,521,238.592285,226.928436,238.593549,226.901669,191
4,522,238.592285,226.928436,238.593549,226.901669,191
4,523,299.083038,331.425262,299.102791,331.438633,191
4,524,299.003326,261.714691,299.032117,261.700301,191
4,525,309.124969,313.986115,309.152810,313.995270,191
4,526,309.085114,279.130829,309.118392,279.125045,191
4,527,289.041138,348.864410,289.055527,348.878221,191
4,528,288.921539,244.298553,288.946800,244.273931,191
4,529,258.716003,226.905426,258.726161,226.874326,191
4,530,297.041901,354.584961,295.940479,357.387792,218
4,531,305.517883,369.227112,306.246583,375.190500,218
4,532,288.565887,339.942841,285.635229,339.583681,218
4,533,305.484375,339.923492,306.206571,339.559248,218
4,534,288.599396,369.246490,285.676804,375.213091,218
4,535,313.960358,354.565643,316.512633,357.363841,218
4,536,280.123413,354.604340,275.371566,357.410862,218
4,537,297.008362,325.281342,295.901338,321.753249,218
4,538,297.008362,325.281342,295.901338,321.753249,218
4,539,322.402802,339.904144,326.781111,339.533902,218
4,540,237.742172,493.809753,236.565059,495.462854,33
4,541,229.721878,479.954834,227.117114,479.142014,33
4,542,245.730759,479.936493,245.977193,479.119544,33
4,543,253.751068,493.791443,255.426439,495.441089,33
4,544,221.733292,493.828064,217.708549,495.483247,33
4,545,594.278076,156.827225,594.212505,158.739480,37
4,546,603.209717,172.256592,603.810142,175.319224,37
4,547,585.346375,141.397858,584.616117,142.157659,37
4,548,603.174438,141.377472,603.777017,142.132239,37
4,549,585.381714,172.276978,584.651683,175.341764,37
4,550,612.106140,156.806824,613.374680,158.714792,37
4,551,576.449951,156.847610,575.055219,158.762760,37
4,552,594.313416,187.706345,594.249339,191.918724,37
4,553,594.242737,125.948097,594.180656,125.547601,37
4,554,594.242737,125.948097,594.180656,125.547601,37
4,555,594.313416,187.706345,594.249339,191.918724,37
4,556,567.518311,141.418243,565.460050,142.181694,37
4,557,567.553589,172.297363,565.498044,175.362931,37
4,558,576.485291,187.726730,575.094477,191.939142,37
4,559,558.621948,156.868011,555.902850,158.784665,37
4,560,260.834076,335.561035,259.908436,336.145771,211
4,561,270.896759,352.944122,270.164465,353.860253,211
4,562,250.771408,318.177948,249.653288,318.429865,211
4,563,270.856934,318.154968,270.124534,318.405590,211
4,564,250.811203,352.967102,249.694832,353.882602,211
4,565,280.919586,335.538055,280.380518,336.121994,211
4,566,240.748535,335.584015,239.439665,336.168642,211
4,567,260.873871,370.350159,259.950876,371.595117,211
4,568,260.794281,300.771912,259.869407,300.687730,211
4,569,260.794281,300.771912,259.869407,300.687730,211
4,570,260.873871,370.350159,259.950876,371.595117,211
4,571,290.982269,352.921143,290.637413,353.836945,211
4,572,230.685898,318.200928,229.185405,318.453231,211
4,573,290.942444,318.132019,290.599104,318.380374,211
4,574,230.725693,352.990051,229.228551,353.904023,211
4,575,280.959381,370.327209,280.421348,371.573262,211
4,576,240.708740,300.794861,239.399022,300.712503,211
4,577,280.879791,300.748932,280.343113,300.662014,211
4,578,240.788345,370.373138,239.483707,371.616046,211
4,579,301.005127,335.515106,300.855981,336.097276,211
4,580,220.663025,335.606995,218.974245,336.190556,211
4,581,270.936523,387.733246,270.207773,389.306191,211
4,582,250.731644,283.388824,249.615191,282.968409,211
4,583,270.817169,283.365845,270.088063,282.942191,211
4,584,250.850983,387.756226,249.739738,389.326630,211
4,585,311.067780,352.898163,311.113718,353.812725,211
4,586,210.600388,318.223907,208.720841,318.475640,211
4,587,311.027954,318.109039,311.077039,318.354186,211
4,588,210.640182,353.013031,208.765583,353.924521,211
4,589,301.044922,370.304230,300.895192,371.550447,211
4,590,220.623230,300.817871,218.931996,300.736367,211
4,591,300.965332,300.725952,300.820209,300.635324,211
4,592,220.702835,370.396118,219.019879,371.636054,211
4,593,291.022034,387.710297,290.679113,389.284827,211
4,594,230.646118,283.411774,229.145690,282.993683,211
4,595,290.902679,283.342865,290.564268,282.914999,211
4,596,321.090607,335.492126,321.334758,336.071615,211
4,597,200.577515,335.629944,198.512133,336.211546,211
4,598,260.754517,265.982788,259.833845,265.220902,211
4,599,260.754517,265.982788,259.833845,265.220902,211
4,600,200.537720,300.840820,198.468287,300.759273,211
4,601,321.050812,300.702972,321.300628,300.607709,211
4,602,210.560608,283.434753,208.679519,283.018019,211
4,603,310.988190,283.319916,311.043847,282.886879,211
4,604,240.668976,266.005737,239.361832,265.247623,211
4,605,280.840027,265.959778,280.309189,265.193205,211
4,606,260.834076,335.561035,259.908436,336.145771,212
4,607,270.896759,352.944122,270.164465,353.860253,212
4,608,250.771408,318.177948,249.653288,318.429865,212
4,609,270.856934,318.154968,270.124534,318.405590,212
4,610,250.811203,352.967102,249.694832,353.882602,212
4,611,280.919586,335.538055,280.380518,336.121994,212
4,612,240.748535,335.584015,239.439665,336.168642,212
4,613,260.873871,370.350159,259.950876,371.595117,212
4,614,260.794281,300.771912,259.869407,300.687730,212
4,615,260.794281,300.771912,259.869407,300.687730,212
4,616,260.873871,370.350159,259.950876,371.595117,212
4,617,290.982269,352.921143,290.637413,353.836945,212
4,618,230.685898,318.200928,229.185405,318.453231,212
4,619,290.942444,318.132019,290.599104,318.380374,212
4,620,230.725693,352.990051,229.228551,353.904023,212
4,621,280.959381,370.327209,280.421348,371.573262,212
4,622,240.708740,300.794861,239.399022,300.712503,212
4,623,280.879791,300.748932,280.343113,300.662014,212
4,624,240.788345,370.373138,239.483707,371.616046,212
4,625,301.005127,335.515106,300.855981,336.097276,212
4,626,220.663025,335.606995,218.974245,336.190556,212
4,627,270.936523,387.733246,270.207773,389.306191,212
4,628,250.731644,283.388824,249.615191,282.968409,212
4,629,270.817169,283.365845,270.088063,282.942191,212
4,630,250.850983,387.756226,249.739738,389.326630,212
4,631,311.067780,352.898163,311.113718,353.812725,212
4,632,210.600388,318.223907,208.720841,318.475640,212
4,633,311.027954,318.109039,311.077039,318.354186,212
4,634,210.640182,353.013031,208.765583,353.924521,212
4,635,301.044922,370.304230,300.895192,371.550447,212
4,636,220.623230,300.817871,218.931996,300.736367,212
4,637,300.965332,300.725952,300.820209,300.635324,212
4,638,220.702835,370.396118,219.019879,371.636054,212
4,639,291.022034,387.710297,290.679113,389.284827,212
4,640,230.646118,283.411774,229.145690,282.993683,212
4,641,290.902679,283.342865,290.564268,282.914999,212
4,642,321.090607,335.492126,321.334758,336.071615,212
4,643,200.577515,335.629944,198.512133,336.211546,212
4,644,260.754517,265.982788,259.833845,265.220902,212
4,645,260.754517,265.982788,259.833845,265.220902,212
4,646,200.537720,300.840820,198.468287,300.759273,212
4,647,321.050812,300.702972,321.300628,300.607709,212
4,648,210.560608,283.434753,208.679519,283.018019,212
4,649,310.988190,283.319916,311.043847,282.886879,212
4,650,240.668976,266.005737,239.361832,265.247623,212
4,651,280.840027,265.959778,280.309189,265.193205,212
4,652,375.231415,338.550751,375.290720,338.417527,100
4,653,384.117523,353.901398,384.253596,353.899230,100
4,654,366.345306,323.200104,366.329353,322.933348,100
4,655,384.082367,323.179840,384.221242,322.910255,100
4,656,366.380432,353.921661,366.364504,353.918989,100
4,657,392.968536,338.530487,393.184143,338.395292,100
4,658,357.494293,338.571045,357.403090,338.438139,100
4,659,375.266541,369.272339,375.327397,369.397397,100
4,660,375.266541,369.272339,375.327397,369.397397,100
4,661,401.854645,353.881104,402.148510,353.877851,100
4,662,348.608185,323.220398,348.443180,322.954817,100
4,663,348.643311,353.941986,348.481112,353.937161,100
4,664,393.003662,369.252045,393.218003,369.378465,100
4,665,357.529449,369.292633,357.442544,369.414696,100
4,666,339.757172,338.591339,339.521179,338.457162,100
4,667,378.601410,377.360901,375.337970,377.937939,19
4,668,386.439423,390.900970,384.873148,394.408129,19
4,669,370.763397,363.820831,365.804049,361.465666,19
4,670,386.408417,363.802948,384.837946,361.441745,19
4,671,370.794373,390.918854,365.841545,394.429282,19
4,672,394.246429,377.342987,394.373136,377.914703,19
4,673,362.956360,377.378784,356.307611,377.959799,19
4,674,94.498489,615.325684,94.912635,615.099685,3
4,675,88.665520,605.249390,89.080170,605.023426,3
4,676,82.855659,615.338989,83.272736,615.111871,3
4,677,550.400146,155.478287,549.041951,157.675954,15
4,678,559.696350,171.537415,558.937248,174.769493,15
4,679,541.103821,139.419144,539.147696,140.580589,15
4,680,559.659607,139.397919,558.901314,140.555522,15
4,681,541.140625,171.558624,539.185759,174.792045,15
4,682,568.955872,155.457062,568.796587,157.651525,15
4,683,531.844360,155.499496,529.291532,157.699153,15
4,684,550.436890,187.617767,549.081128,191.883144,15
4,685,550.363342,123.338783,549.007137,123.457686,15
4,686,550.363342,123.338783,549.007137,123.457686,15
4,687,550.436890,187.617767,549.081128,191.883144,15
4,688,578.252136,171.516190,578.693010,174.745712,15
4,689,522.548157,139.440369,519.398396,140.604451,15
4,690,578.215393,139.376694,578.659217,140.529217,15
4,691,522.584900,171.579865,519.438575,174.813403,15
4,692,568.992615,187.596542,568.833638,191.861224,15
4,693,531.807617,123.360001,529.254587,123.483406,15
4,694,568.919067,123.317551,568.763917,123.430727,15
4,695,531.881165,187.638992,529.332823,191.903846,15
4,696,587.511597,155.435837,588.555564,157.625885,15
4,697,513.288635,155.520721,509.545389,157.721157,15
4,698,112.207069,603.161804,112.138615,602.961730,1
4,699,118.040001,613.238098,118.227734,613.480348,1
4,700,106.397202,613.251404,106.076212,613.492760,1
3,0,343.653351,236.647675,343.648532,236.653571,27
3,1,353.098480,252.963943,353.098963,252.977640,27
3,2,334.208221,220.331375,334.199397,220.327327,27
3,3,353.061127,220.309814,353.061846,220.304861,27
3,4,334.245575,252.985519,334.238945,252.997237,27
3,5,362.506226,236.626099,362.512246,236.631843,27
3,6,324.800476,236.669235,324.789802,236.673901,27
3,7,343.690704,269.301819,343.689406,269.318431,27
3,8,343.615997,203.993530,343.612747,203.975721,27
3,9,343.615997,203.993530,343.612747,203.975721,27
3,10,343.690704,269.301819,343.689406,269.318431,27
3,11,371.951355,252.942398,371.963921,252.956672,27
3,12,315.355377,220.352921,315.341952,220.348393,27
3,13,371.914001,220.288254,371.929274,220.280976,27
3,14,315.392731,253.007080,315.383919,253.015421,27
3,15,362.543610,269.280243,362.550692,269.299578,27
3,16,324.763123,204.015091,324.751583,203.998939,27
3,17,362.468872,203.971954,362.478910,203.951082,27
3,18,324.837830,269.323364,324.833091,269.335873,27
3,19,381.359100,236.604553,381.380918,236.608722,27
3,20,390.804199,252.920837,390.833866,252.934301,27
3,21,390.766846,220.266678,390.801653,220.255675,27
3,22,381.396454,269.258667,381.416897,269.279356,27
3,23,381.321747,203.950409,381.350044,203.925037,27
3,24,411.498047,236.732834,411.490908,236.741568,247
3,25,421.880371,254.668121,421.875153,254.679258,247
3,26,401.115692,218.797485,401.107450,218.802476,247
3,27,421.839325,218.773788,421.835028,218.777778,247
3,28,401.156769,254.691849,401.149143,254.702152,247
3,29,432.221649,236.709106,432.219256,236.717317,247
3,30,390.774445,236.756516,390.765696,236.764906,247
3,31,411.539062,272.627167,411.533404,272.638056,247
3,32,411.457001,200.838470,411.451617,200.836887,247
3,33,411.457001,200.838470,411.451617,200.836887,247
3,34,411.539062,272.627167,411.533404,272.638056,247
3,35,442.603973,254.644424,442.604301,254.655505,247
3,36,380.392120,218.821182,380.383060,218.826300,247
3,37,442.562927,218.750092,442.565726,218.752189,247
3,38,380.433136,254.715530,380.426258,254.724140,247
3,39,432.262695,272.603455,432.260240,272.615658,247
3,40,390.733368,200.862167,390.724835,200.862073,247
3,41,432.180573,200.814774,432.181490,200.810821,247
3,42,390.815460,272.650848,390.809721,272.659575,247
3,43,452.945282,236.685410,452.950781,236.692202,247
3,44,370.050842,236.780212,370.043605,236.787364,247
3,45,421.921417,290.562469,421.918503,290.572620,247
3,46,401.074646,182.903137,401.068997,182.894639,247
3,47,421.798248,182.879440,421.798101,182.868082,247
3,48,401.197815,290.586182,401.194021,290.593673,247
3,49,463.327606,254.620728,463.336630,254.630864,247
3,50,359.668488,218.844894,359.661734,218.849243,247
3,51,463.286530,218.726379,463.299585,218.725688,247
3,52,359.709534,254.739227,359.706482,254.745254,247
3,53,452.986328,272.579742,452.990191,272.592349,247
3,54,370.009766,200.885864,370.001210,200.886358,247
3,55,452.904205,200.791061,452.914576,200.783843,247
3,56,370.091888,272.674561,370.089178,272.680222,247
3,57,442.645020,290.538788,442.646115,290.550691,247
3,58,380.351044,182.926834,380.343034,182.920288,247
3,59,442.521881,182.855728,442.530389,182.840625,247
3,60,380.474213,290.609863,380.472655,290.613854,247
3,61,473.668854,236.661713,473.685417,236.666191,247
3,62,349.327209,236.803925,349.324593,236.808960,247
3,63,411.580139,308.521484,411.579105,308.526438,247
3,64,411.415955,164.944122,411.415532,164.923993,247
3,65,411.415955,164.944122,411.415532,164.923993,247
3,66,411.580139,308.521484,411.579105,308.526438,247
3,67,473.709930,272.556061,473.723298,272.568179,247
3,68,349.286133,200.909576,349.280673,200.909773,247
3,69,473.627808,200.767365,473.650809,200.755975,247
3,70,349.368256,272.698273,349.371680,272.700027,247
3,71,484.051208,254.597031,484.072099,254.605328,247
3,72,338.944855,218.868591,338.943512,218.871295,247
3,73,484.010162,218.702667,484.036649,218.698285,247
3,74,338.985901,254.762955,338.989775,254.765525,247
3,75,463.368652,290.515076,463.376898,290.527851,247
3,76,359.627411,182.950546,359.620172,182.945061,247
3,77,463.245514,182.832031,463.265820,182.812277,247
3,78,359.750580,290.633606,359.754362,290.633195,247
3,79,432.303741,308.497803,432.304388,308.505850,247
3,80,390.692322,164.967819,390.687194,164.951030,247
3,81,432.139526,164.920425,432.146970,164.896070,247
3,82,390.856506,308.545227,390.856912,308.546181,247
3,83,453.027344,308.474121,453.032805,308.484387,247
3,84,369.968719,164.991516,369.962049,164.977156,247
3,85,452.863159,164.896713,452.881630,164.867227,247
3,86,370.132935,308.568909,370.137877,308.565032,247
3,87,494.392487,236.638000,494.423287,236.639265,247
3,88,328.603577,236.827637,328.608702,236.829684,247
3,89,421.962463,326.456818,421.964998,326.457872,247
3,90,401.238892,326.480530,401.242058,326.477153,247
3,91,494.433563,272.532349,494.459602,272.543116,247
3,92,484.092255,290.491364,484.110813,290.504152,247
3,93,456.933990,236.815079,455.167413,237.612610,29
3,94,467.633789,255.298828,465.630745,255.687017,29
3,95,446.234161,218.331345,444.704827,219.536928,29
3,96,467.591461,218.306900,465.592665,219.510693,29
3,97,446.276459,255.323242,444.744347,255.711497,29
3,98,478.291260,236.790665,476.055982,237.586838,29
3,99,435.576660,236.839508,434.281773,237.637537,29
3,100,456.976288,273.806976,455.207720,273.784188,29
3,101,456.891663,199.823166,455.130124,201.433282,29
3,102,456.891663,199.823166,455.130124,201.433282,29
3,103,456.976288,273.806976,455.207720,273.784188,29
3,104,488.991058,255.274414,486.520100,255.661693,29
3,105,424.876892,218.355759,423.819969,219.562304,29
3,106,488.948792,218.282471,486.483526,219.483607,29
3,107,424.919189,255.347672,423.860950,255.735139,29
3,108,478.333588,273.782562,476.094849,273.760153,29
3,109,435.534363,199.847595,434.243013,201.459968,29
3,110,478.248962,199.798737,476.020200,201.405758,29
3,111,435.618988,273.831451,434.323566,273.807413,29
3,112,499.648560,236.766235,496.947602,237.560202,29
3,113,414.219391,236.863953,413.399130,237.661651,29
3,114,467.676086,292.290741,465.671862,291.855613,29
3,115,446.191895,181.339401,444.668358,183.354575,29
3,116,467.549164,181.314987,465.557678,183.326597,29
3,117,446.318787,292.315186,444.786922,291.878394,29
3,118,510.348358,255.249985,507.412456,255.635520,29
3,119,403.519562,218.380173,402.938050,219.586837,29
3,120,510.306030,218.258057,507.377340,219.455678,29
3,121,403.561890,255.372116,402.980511,255.757973,29
3,122,499.690887,273.758148,496.984994,273.735276,29
3,123,414.177094,199.872009,413.358935,201.485793,29
3,124,499.606262,199.774307,496.913281,201.377362,29
3,125,414.261688,273.855865,413.442345,273.829776,29
3,126,489.033386,292.266327,486.559753,291.832022,29
3,127,424.834564,181.363831,423.782000,183.381713,29
3,128,488.906464,181.290543,486.450001,183.297747,29
3,129,424.961487,292.339600,423.904972,291.900316,29
3,130,521.005859,236.741791,517.842234,237.532711,29
3,131,392.862091,236.888367,392.519443,237.684903,29
3,132,457.018585,310.798920,455.251046,309.948115,29
3,133,456.849365,162.831238,455.095907,165.246161,29
3,134,456.849365,162.831238,455.095907,165.246161,29
3,135,457.018585,310.798920,455.251046,309.948115,29
3,136,521.048157,273.733734,517.878087,273.709551,29
3,137,392.819763,199.896439,392.477766,201.510789,29
3,138,520.963562,199.749878,517.809409,201.348105,29
3,139,392.904388,273.880280,392.564100,273.851311,29
3,140,531.705688,255.225540,528.307853,255.608466,29
3,141,382.162292,218.404602,382.059140,219.610548,29
3,142,531.663391,218.233612,528.274232,219.426874,29
3,143,382.204590,255.396530,382.103017,255.779950,29
3,144,510.390686,292.241882,507.450636,291.807590,29
3,145,403.477264,181.388275,402.898644,183.408002,29
3,146,510.263794,181.266129,507.345369,183.268047,29
3,147,403.604218,292.364014,403.025973,291.921410,29
3,148,478.375885,310.774506,476.136748,309.925803,29
3,149,435.492035,162.855667,434.207312,165.274607,29
3,150,478.206635,162.806824,475.987474,165.216869,29
3,151,435.661285,310.823334,434.368338,309.969596,29
3,152,499.733215,310.750061,497.025431,309.902628,29
3,153,414.134766,162.880096,413.321759,165.302185,29
3,154,499.563965,162.782379,496.882084,165.186699,29
3,155,414.303986,310.847778,413.488583,309.990251,29
3,156,542.363159,236.717377,538.739837,237.504374,29
3,157,371.504791,236.912781,371.642698,237.707323,29
3,158,467.718414,329.282684,465.715993,328.016579,29
3,159,446.149567,144.347473,444.634940,147.164420,29
3,160,467.506897,144.323059,465.525782,147.134671,29
3,161,446.361115,329.307098,444.832497,328.037621,29
3,162,542.405457,273.709290,538.774252,273.682945,29
3,163,371.462494,199.920868,371.599575,201.534933,29
3,164,542.320862,199.725449,538.708572,201.317994,29
3,165,371.547119,273.904694,371.688816,273.872022,29
3,166,531.747986,292.217468,528.344551,291.782311,29
3,167,382.119995,181.412689,382.018250,183.433434,29
3,168,531.621033,181.241699,528.243713,183.237466,29
3,169,382.246918,292.388428,382.149911,291.941682,29
3,170,553.062988,255.201126,549.206279,255.580580,29
3,171,360.804993,218.429047,361.183114,219.633427,29
3,172,553.020691,218.209183,549.174160,219.397205,29
3,173,360.847321,255.420944,361.228455,255.801102,29
3,174,521.090454,310.725647,517.917053,309.878640,29
3,175,392.777466,162.904526,392.439123,165.328927,29
3,176,520.921265,162.757950,517.779694,165.155659,29
3,177,392.946686,310.872223,392.611740,310.010112,29
3,178,489.075684,329.258240,486.602404,327.994707,29
3,179,424.792236,144.371918,423.747096,147.193322,29
3,180,488.864136,144.298630,486.419581,147.104042,29
3,181,425.003784,329.331512,423.951956,328.057837,29
3,182,510.433014,329.233795,507.491853,327.971973,29
3,183,403.434998,144.396347,402.862291,147.221368,29
3,184,510.221466,144.274200,507.316460,147.072556,29
3,185,403.646515,329.355957,403.074412,328.077261,29
3,186,563.720459,236.692963,559.640534,237.475173,29
3,187,350.147491,236.937225,350.768854,237.728931,29
3,188,457.060883,347.790833,455.297394,346.104392,29
3,189,456.807037,125.839302,455.064787,129.051175,29
3,190,456.807037,125.839302,455.064787,129.051175,29
3,191,457.060883,347.790833,455.297394,346.104392,29
3,192,553.105286,292.193024,549.241431,291.756154,29
3,193,360.762665,181.437119,361.140776,183.458040,29
3,194,552.978333,181.217285,549.145158,183.206024,29
3,195,360.889587,292.412872,361.276745,291.961163,29
3,196,563.762817,273.684875,559.673448,273.655510,29
3,197,350.105164,199.945297,350.724294,201.558258,29
3,198,563.678162,199.701019,559.610728,201.286996,29
3,199,350.189819,273.929138,350.816398,273.891942,29
3,200,542.447815,310.701233,538.811738,309.853806,29
3,201,371.420197,162.928940,371.559502,165.354810,29
3,202,371.589417,310.896637,371.737878,310.029128,29
3,203,478.418213,347.766418,476.181653,346.083788,29
3,204,435.449738,125.863731,434.174724,129.081396,29
3,205,478.164368,125.814880,475.957887,129.020100,29
3,206,435.703613,347.815277,434.416119,346.124200,29
3,207,339.447662,218.453461,340.310015,219.655465,29
3,208,339.489990,255.445404,340.356783,255.821462,29
3,209,531.790344,329.209381,528.384299,327.948427,29
3,210,382.077667,144.420761,381.980401,147.248549,29
3,211,382.289215,329.380371,382.199742,328.095842,29
3,212,499.775513,347.742004,497.068858,346.062356,29
3,213,414.092468,125.888153,413.287655,129.110742,29
3,214,414.346313,347.839691,413.537790,346.143160,29
3,215,392.988983,347.864136,392.662365,346.161306,29
3,216,328.790192,236.961655,329.897954,237.749718,29
3,217,339.532288,292.437317,340.406489,291.979803,29
3,218,350.232086,310.921051,350.866874,310.047333,29
3,219,375.931061,254.950073,375.930174,254.959698,75
3,220,385.660217,271.757050,385.664218,271.771390,75
3,221,366.201904,238.143082,366.197293,238.146085,75
3,222,385.621765,238.120880,385.626102,238.122991,75
3,223,366.240387,271.779266,366.237619,271.791886,75
3,224,395.350922,254.927856,395.360122,254.937277,75
3,225,356.511200,254.972275,356.504689,254.980863,75
3,226,375.969543,288.586243,375.971685,288.600995,75
3,227,375.892609,221.313889,375.893249,221.306763,75
3,228,375.892609,221.313889,375.893249,221.306763,75
3,229,375.969543,288.586243,375.971685,288.600995,75
3,230,405.080078,271.734833,405.095308,271.749638,75
3,231,346.782013,238.165298,346.772918,238.167933,75
3,232,405.041626,238.098679,405.059389,238.098632,75
3,233,346.820496,271.801483,346.815416,271.811161,75
3,234,395.389404,288.564026,395.399451,288.581164,75
3,235,356.472717,221.336105,356.465551,221.330544,75
3,236,395.312439,221.291672,395.325371,221.281716,75
3,237,356.549652,288.608459,356.548343,288.619605,75
3,238,414.770752,254.905640,414.794552,254.913566,75
3,239,337.091339,254.994492,337.083619,255.000805,75
3,240,366.163422,204.506897,366.161538,204.488613,75
3,241,385.583282,204.484695,385.592550,204.462901,75
3,242,327.362183,238.187515,327.353005,238.188530,75
3,243,424.461456,238.076447,424.497176,238.072975,75
3,244,327.400665,271.823700,327.397663,271.829169,75
3,245,337.052856,221.358307,337.042307,221.353051,75
3,246,414.732300,221.269470,414.762040,221.255407,75
3,247,346.743561,204.529114,346.734972,204.513069,75
3,248,405.003143,204.462479,405.028078,204.435899,75
3,249,377.678680,256.342407,377.672308,256.350967,248
3,250,387.868805,273.945679,387.864724,273.956912,248
3,251,367.488586,238.739136,367.480813,238.743500,248
3,252,387.828522,238.715881,387.824493,238.719675,248
3,253,367.528870,273.968933,367.522800,273.978678,248
3,254,398.018646,256.319153,398.016890,256.327676,248
3,255,357.338745,256.365662,357.331259,256.373264,248
3,256,377.718994,291.572235,377.715233,291.582576,248
3,257,377.638428,221.112579,377.633019,221.110132,248
3,258,377.638428,221.112579,377.633019,221.110132,248
3,259,377.718994,291.572235,377.715233,291.582576,248
3,260,408.208740,273.922424,408.210211,273.934151,248
3,261,347.148621,238.762405,347.140636,238.766340,248
3,262,408.168457,238.692612,408.171719,238.694849,248
3,263,347.188904,273.992218,347.184344,273.999483,248
3,264,398.058929,291.548950,398.058088,291.561338,248
3,265,357.298431,221.135849,357.290212,221.134504,248
3,266,397.978333,221.089310,397.979316,221.084757,248
3,267,357.379028,291.595490,357.375875,291.602854,248
3,268,418.358582,256.295868,418.365021,256.303356,248
3,269,336.998779,256.388947,336.993701,256.394596,248
3,270,387.909088,309.175537,387.908558,309.184987,248
3,271,367.448273,203.509308,367.442444,203.499069,248
3,272,387.788208,203.486053,387.787868,203.473170,248
3,273,367.569153,309.198792,367.568349,309.204713,248
3,274,428.548706,273.899170,428.559277,273.910391,248
3,275,326.808655,238.785675,326.804000,238.788189,248
3,276,428.508423,238.669342,428.522508,238.668987,248
3,277,326.848969,274.015472,326.849418,274.019278,248
3,278,418.398865,291.525696,418.404483,291.539106,248
3,279,336.958466,221.159103,336.950932,221.157864,248
3,280,418.318298,221.066055,418.329227,221.058385,248
3,281,337.039062,291.618774,337.040025,291.622123,248
3,282,408.249054,309.152252,408.252347,309.164249,248
3,283,347.108307,203.532578,347.100533,203.523977,248
3,284,408.128204,203.462784,408.136875,203.446246,248
3,285,347.229187,309.222046,347.231598,309.223459,248
3,286,438.698517,256.272614,438.716719,256.278056,248
3,287,316.658875,256.412201,316.659697,256.414918,248
3,288,377.759277,326.802063,377.761713,326.805066,248
3,289,377.598114,185.882751,377.597346,185.860016,248
3,290,377.598114,185.882751,377.597346,185.860016,248
3,291,377.759277,326.802063,377.761713,326.805066,248
3,292,438.738831,291.502441,438.754433,291.515876,248
3,293,438.658234,221.042801,438.682686,221.030997,248
3,294,448.888641,273.875885,448.911886,273.885597,248
3,295,448.848389,238.646088,448.876903,238.642137,248
3,296,428.588989,309.128998,428.599652,309.142545,248
3,297,428.468109,203.439529,428.489401,203.418318,248
3,298,398.099243,326.778809,398.102882,326.785863,248
3,299,357.258148,185.906021,357.252792,185.886468,248
3,300,397.938049,185.859497,397.945426,185.832565,248
3,301,459.038483,256.249359,459.072025,256.251743,248
3,302,400.219574,256.404175,400.214897,256.411266,25
3,303,410.215942,273.672729,410.214781,273.684290,25
3,304,390.223206,239.135590,390.216040,239.136545,25
3,305,410.176422,239.112778,410.175879,239.112773,25
3,306,390.262726,273.695557,390.256877,273.705763,25
3,307,420.172791,256.381317,420.175743,256.388062,25
3,308,380.266357,256.426971,380.257999,256.433331,25
3,309,400.259125,290.964111,400.256805,290.976505,25
3,310,400.180054,221.844177,400.177019,221.835727,25
3,311,400.180054,221.844177,400.177019,221.835727,25
3,312,400.259125,290.964111,400.256805,290.976505,25
3,313,430.169159,273.649933,430.176664,273.661705,25
3,314,370.270020,239.158401,370.260146,239.159203,25
3,315,430.129639,239.089935,430.139681,239.087853,25
3,316,370.309540,273.718353,370.302932,273.726130,25
3,317,420.212311,290.941315,420.215719,290.955621,25
3,318,380.226868,221.867004,380.218211,221.860109,25
3,319,420.133270,221.821365,420.139840,221.810236,25
3,320,380.305908,290.986938,380.301827,290.996284,25
3,321,440.125977,256.358521,440.140556,256.363764,25
3,322,360.313171,256.449799,360.305031,256.454288,25
3,323,410.255463,308.232697,410.257731,308.245561,25
3,324,390.183685,204.575607,390.179216,204.557012,25
3,325,410.136902,204.552780,410.141032,204.530908,25
3,326,390.302246,308.255554,390.301718,308.264780,25
3,327,450.122375,273.627075,450.142490,273.637975,25
3,328,350.316772,239.181229,350.308151,239.180765,25
3,329,450.082855,239.067123,450.107490,239.061831,25
3,330,350.356323,273.741211,350.352850,273.745424,25
3,331,440.165527,290.918488,440.178589,290.933627,25
3,332,360.273621,221.889832,360.263290,221.883375,25
3,333,440.086487,221.798538,440.106611,221.783615,25
3,334,360.352661,291.009766,360.350742,291.014992,25
3,335,430.208679,308.209900,430.217658,308.225265,25
3,336,370.230469,204.598419,370.221382,204.581979,25
3,337,430.090088,204.529968,430.106769,204.503685,25
3,338,370.349060,308.278351,370.349680,308.282877,25
3,339,460.079224,256.335693,460.109379,256.338341,25
3,340,340.359924,256.472626,340.355949,256.474170,25
3,341,400.754761,256.473511,400.746201,256.483045,87
3,342,411.175049,274.474426,411.167996,274.485591,87
3,343,390.334473,238.472580,390.325197,238.479191,87
3,344,411.133881,238.448792,411.126910,238.454888,87
3,345,390.375641,274.498199,390.367772,274.508123,87
3,346,421.554169,256.449707,421.548690,256.459173,87
3,347,379.955353,256.497284,379.946752,256.506033,87
3,348,400.795990,292.499115,400.789608,292.508910,87
3,349,400.713562,220.447845,400.705897,220.449236,87
3,350,400.713562,220.447845,400.705897,220.449236,87
3,351,400.795990,292.499115,400.789608,292.508910,87
3,352,431.974487,274.450653,431.971291,274.462203,87
3,353,369.535065,238.496368,369.526522,238.502636,87
3,354,431.933289,238.424988,431.931677,238.429693,87
3,355,369.576263,274.521973,369.570606,274.529803,87
3,356,421.595367,292.475342,421.590610,292.486833,87
3,357,379.914185,220.471649,379.904984,220.474012,87
3,358,421.512970,220.424072,421.509915,220.423607,87
3,359,379.996582,292.522919,379.991639,292.530137,87
3,360,442.353577,256.425903,442.354236,256.434465,87
3,361,359.155945,256.521057,359.150332,256.528167,87
3,362,411.216278,310.500061,411.212206,310.508399,87
3,363,390.293243,202.446945,390.285705,202.442308,87
3,364,411.092682,202.423141,411.088949,202.416203,87
3,365,390.416840,310.523865,390.413432,310.529201,87
3,366,452.773895,274.426819,452.777618,274.437926,87
3,367,348.735626,238.520157,348.730844,238.525240,87
3,368,452.732697,238.401215,452.739538,238.403657,87
3,369,348.776855,274.545807,348.776402,274.550663,87
3,370,442.394775,292.451569,442.394659,292.463900,87
3,371,359.114746,220.495438,359.107053,220.497929,87
3,372,442.312378,220.400284,442.316969,220.397109,87
3,373,359.197144,292.546722,359.196663,292.550545,87
3,374,432.015686,310.476257,432.013988,310.486774,87
3,375,369.493835,202.470718,369.485536,202.467532,87
3,376,431.892059,202.399368,431.895199,202.389242,87
3,377,369.617462,310.547638,369.617735,310.549131,87
3,378,463.153015,256.402130,463.162878,256.408889,87
3,379,338.356506,256.544861,338.356898,256.549481,87
3,380,400.837189,328.524780,400.836093,328.526943,87
3,381,400.672363,184.422226,400.668751,184.407477,87
3,382,400.672363,184.422226,400.668751,184.407477,87
3,383,400.837189,328.524780,400.836093,328.526943,87
3,384,463.194214,292.427765,463.201796,292.440080,87
3,385,338.315308,220.519226,338.312144,220.520977,87
3,386,463.111786,220.376495,463.127102,220.369722,87
3,387,338.397705,292.570496,338.404691,292.570085,87
3,388,473.573303,274.403046,473.587017,274.412810,87
3,389,327.936218,238.543945,327.938206,238.546995,87
3,390,473.532074,238.377426,473.550426,238.376747,87
3,391,327.977448,274.569580,327.985228,274.570653,87
3,392,452.815094,310.452484,452.818820,310.464296,87
3,393,348.694427,202.494522,348.688373,202.491908,87
3,394,452.691498,202.375580,452.704580,202.361390,87
3,395,348.818024,310.571411,348.824992,310.568221,87
3,396,421.636566,328.500977,421.635592,328.506592,87
3,397,379.872955,184.446014,379.866306,184.434032,87
3,398,421.471771,184.398438,421.474255,184.380037,87
3,399,380.037750,328.548553,380.039564,328.546424,87
3,400,442.436005,328.477173,442.438185,328.485419,87
3,401,359.073517,184.469803,359.066879,184.459732,87
3,402,442.271210,184.374634,442.282859,184.351720,87
3,403,359.238342,328.572327,359.246073,328.565065,87
3,404,483.952423,256.378357,483.974577,256.382441,87
3,405,411.257477,346.525696,411.259486,346.523395,87
3,406,390.252045,166.421310,390.249350,166.397426,87
3,407,411.051483,166.397507,411.054109,166.369519,87
3,408,483.993622,292.403961,484.011982,292.415422,87
3,409,483.911224,220.352692,483.940355,220.341455,87
3,410,473.614502,310.428711,473.626744,310.440958,87
3,411,473.490906,202.351791,473.517024,202.332671,87
3,412,494.372742,274.379272,494.399530,274.386822,87
3,413,494.331512,238.353638,494.364463,238.348945,87
3,414,463.235443,328.453400,463.243830,328.463394,87
3,415,463.070618,184.350861,463.094523,184.322533,87
3,416,377.567169,256.749817,377.560979,256.757665,84
3,417,387.698853,274.252167,387.695126,274.263280,84
3,418,367.435486,239.247452,367.427786,239.250473,84
3,419,387.658813,239.224335,387.655523,239.226535,84
3,420,367.475555,274.275269,367.469205,274.285088,84
3,421,397.790497,256.726685,397.789651,256.734279,84
3,422,357.343842,256.772919,357.335965,256.780021,84
3,423,377.607239,291.777649,377.603370,291.788585,84
3,424,377.527130,221.721970,377.522353,221.717196,84
3,425,377.527130,221.721970,377.522353,221.717196,84
3,426,377.607239,291.777649,377.603370,291.788585,84
3,427,407.922180,274.229034,407.924734,274.240443,84
3,428,347.212128,239.270584,347.203675,239.273392,84
3,429,407.882141,239.201202,407.886932,239.201560,84
3,430,347.252197,274.298431,347.246874,274.305899,84
3,431,397.830566,291.754517,397.830253,291.767324,84
3,432,357.303772,221.745102,357.295519,221.741700,84
3,433,397.750427,221.698822,397.752801,221.691653,84
3,434,357.383881,291.800781,357.380106,291.808850,84
3,435,418.013824,256.703522,418.021996,256.709829,84
3,436,337.120483,256.796082,337.114564,256.801378,84
3,437,387.738892,309.280029,387.738458,309.290542,84
3,438,367.395416,204.219604,367.390112,204.206282,84
3,439,387.618744,204.196487,387.619656,204.180196,84
3,440,367.515594,309.303131,367.514312,309.310237,84
3,441,428.145538,274.205902,428.158046,274.216571,84
3,442,326.988800,239.293732,326.983228,239.295284,84
3,443,428.105469,239.178055,428.122028,239.175513,84
3,444,327.028870,274.321564,327.028197,274.325665,84
3,445,418.053894,291.731384,418.060801,291.745034,84
3,446,337.080414,221.768219,337.072336,221.765156,84
3,447,417.973785,221.675705,417.986986,221.665077,84
3,448,337.160522,291.823914,337.160473,291.828073,84
3,449,407.962250,309.256866,407.966308,309.269799,84
3,450,347.172058,204.242752,347.164206,204.231340,84
3,451,407.842102,204.173355,407.852906,204.153051,84
3,452,347.292236,309.326263,347.293747,309.328918,84
3,453,438.237152,256.680420,438.258032,256.684363,84
3,454,316.897186,256.819214,316.896840,256.821689,84
3,455,377.647278,326.805481,377.649440,326.810065,84
3,456,377.487061,186.694122,377.487470,186.667120,84
3,457,377.487061,186.694122,377.487470,186.667120,84
3,458,377.647278,326.805481,377.649440,326.810065,84
3,459,438.277222,291.708282,438.295028,291.721711,84
3,460,438.197113,221.652588,438.224845,221.637451,84
3,461,448.368866,274.182770,448.395025,274.191631,84
3,462,448.328827,239.154938,448.360854,239.148444,84
3,463,428.185577,309.233734,428.197797,309.248056,84
3,464,428.065399,204.150223,428.089802,204.124865,84
3,465,397.870636,326.782379,397.874578,326.790911,84
3,466,399.685791,257.903534,399.682208,257.907428,31
3,467,409.581635,274.998474,409.581325,275.007631,31
3,468,389.789948,240.808594,389.784171,240.805439,31
3,469,409.542511,240.786011,409.544257,240.781044,31
3,470,389.829041,275.021057,389.823275,275.029606,31
3,471,419.438354,257.880920,419.443352,257.883633,31
3,472,379.933197,257.926117,379.925216,257.930025,31
3,473,399.724915,292.115997,399.722438,292.127409,31
3,474,399.646637,223.691040,399.646219,223.676611,31
3,475,399.646637,223.691040,399.646219,223.676611,31
3,476,399.724915,292.115997,399.722438,292.127409,31
3,477,429.334229,274.975891,429.343558,274.984485,31
3,478,370.037354,240.831177,370.028236,240.828659,31
3,479,429.295074,240.763397,429.308510,240.755443,31
3,480,370.076508,275.043640,370.069389,275.050417,31
3,481,419.477478,292.093414,419.481550,292.106054,31
3,482,379.894104,223.713638,379.887216,223.701646,31
3,483,419.399231,223.668457,419.409440,223.650406,31
3,484,379.972351,292.138580,379.967467,292.147601,31
3,485,439.190918,257.858337,439.208669,257.858684,31
3,486,360.180634,257.948700,360.172359,257.951456,31
3,487,409.620758,309.210907,409.622652,309.223438,31
3,488,389.750793,206.596115,389.749293,206.570418,31
3,489,409.503387,206.573517,409.511456,206.543570,31
3,490,389.868164,309.233521,389.866594,309.243040,31
3,491,449.086792,274.953278,449.109941,274.960136,31
3,492,350.284760,240.853775,350.276404,240.850725,31
3,493,449.047668,240.740814,449.076978,240.728679,31
3,494,350.323914,275.066254,350.319570,275.070096,31
3,495,439.230072,292.070831,439.244823,292.083529,31
3,496,360.141479,223.736237,360.132306,223.725505,31
3,497,439.151825,223.645874,439.176818,223.623013,31
3,498,360.219757,292.161194,360.216593,292.166663,31
3,499,429.373322,309.188324,429.382830,309.202701,31
3,500,370.115601,309.256104,370.114715,309.261461,31
3,501,458.943512,257.835754,458.978203,257.832549,31
3,502,340.428040,257.971313,340.423591,257.971753,31
3,503,342.352844,276.099365,342.339182,276.113260,91
3,504,353.164307,294.775970,353.151461,294.790026,91
3,505,331.541382,257.422729,331.527427,257.435582,91
3,506,353.121552,257.398041,353.108464,257.410710,91
3,507,331.584137,294.800629,331.571453,294.813644,91
3,508,363.933014,276.074646,363.920760,276.088705,91
3,509,320.772705,276.124023,320.759742,276.137194,91
3,510,342.395599,313.477264,342.383770,313.489186,91
3,511,342.310089,238.721436,342.296722,238.731814,91
3,512,342.310089,238.721436,342.296722,238.731814,91
3,513,342.395599,313.477264,342.383770,313.489186,91
3,514,374.744476,294.751251,374.733581,294.765787,91
3,515,309.961273,257.447418,309.948554,257.459833,91
3,516,374.701691,257.373352,374.691590,257.385269,91
3,517,310.003998,294.825317,309.993603,294.836674,91
3,518,363.975769,313.452576,363.964320,313.465882,91
3,519,320.729950,238.746124,320.716251,238.756990,91
3,520,363.890259,238.696762,363.879335,238.706040,91
3,521,320.815460,313.501923,320.805352,313.511902,91
3,522,385.513123,276.049988,385.504400,276.063582,91
3,523,299.192566,276.148712,299.182402,276.160538,91
3,524,353.207062,332.153870,353.196638,332.163822,91
3,525,331.498627,220.044815,331.485533,220.051972,91
3,526,353.078796,220.020142,353.067608,220.025892,91
3,527,331.626892,332.178558,331.617649,332.186254,91
3,528,396.324615,294.726593,396.317794,294.740980,91
3,529,288.381104,257.472076,288.371722,257.483492,91
3,530,396.281830,257.348694,396.276843,257.359227,91
3,531,288.423828,294.850006,288.417788,294.859146,91
3,532,385.555878,313.427917,385.546927,313.441987,91
3,533,299.149811,238.770798,299.137887,238.781558,91
3,534,385.470398,238.672089,385.464046,238.679679,91
3,535,299.235321,313.526642,299.229028,313.534062,91
3,536,374.787201,332.129181,374.777703,332.140832,91
3,537,309.918518,220.069489,309.905628,220.077453,91
3,538,374.658966,219.995453,374.651806,219.999196,91
3,539,310.046783,332.203247,310.040814,332.208073,91
3,540,407.093292,276.025299,407.090198,276.037859,91
3,541,277.612427,276.173401,277.607153,276.183324,91
3,542,342.438354,350.855164,342.430524,350.859675,91
3,543,342.267334,201.343536,342.256435,201.344822,91
3,544,342.267334,201.343536,342.256435,201.344822,91
3,545,342.438354,350.855164,342.430524,350.859675,91
3,546,407.136047,313.403198,407.131714,313.417468,91
3,547,277.569672,238.795471,277.561619,238.805534,91
3,548,407.050537,238.647400,407.050892,238.652712,91
3,549,277.655151,313.551300,277.654789,313.555612,91
3,550,417.904755,294.701904,417.904137,294.715575,91
3,551,266.800964,257.496796,266.797008,257.506593,91
3,552,417.861969,257.324005,417.864233,257.332553,91
3,553,266.843689,294.874695,266.844086,294.881008,91
3,554,396.367371,332.104523,396.360912,332.117251,91
3,555,288.338348,220.094193,288.327771,220.102367,91
3,556,396.239075,219.970764,396.238080,219.971894,91
3,557,288.466614,332.227905,288.466009,332.229312,91
3,558,364.018524,350.830475,364.010056,350.837555,91
3,559,320.687195,201.368210,320.674926,201.371223,91
3,560,363.847504,201.318848,363.840094,201.317804,91
3,561,320.858215,350.879852,320.853119,350.881183,91
3,562,385.598633,350.805817,385.591638,350.814877,91
3,563,299.107056,201.392899,299.095528,201.397038,91
3,564,385.427643,201.294174,385.425855,201.290194,91
3,565,299.278076,350.904510,299.277802,350.902112,91
3,566,428.673462,276.000641,428.678162,276.011533,91
3,567,256.032257,276.198090,256.033956,276.205499,91
3,568,353.249817,369.531799,353.243947,369.532197,91
3,569,331.455872,182.666901,331.445818,182.662814,91
3,570,353.036041,182.642227,353.028939,182.635488,91
3,571,331.669647,369.556458,331.665971,369.553395,91
3,572,428.716187,313.378540,428.718605,313.392380,91
3,573,255.989502,238.820160,255.987409,238.828937,91
3,574,428.630676,238.622711,428.639882,238.625110,91
3,575,256.075012,313.575989,256.082597,313.576583,91
3,576,417.947479,332.079803,417.946190,332.093047,91
3,577,266.758209,220.118866,266.752036,220.126661,91
3,578,417.819244,219.946091,417.826554,219.943997,91
3,579,266.886475,332.252594,266.893309,332.249973,91
3,580,439.484894,294.677246,439.492621,294.689568,91
3,581,245.220795,257.521454,245.224344,257.529082,91
3,582,439.442108,257.299316,439.453770,257.305300,91
3,583,245.263535,294.899353,245.272428,294.902291,91
3,584,407.178802,350.781128,407.175394,350.791610,91
3,585,277.526917,201.417587,277.518233,201.422257,91
3,586,407.007812,201.269485,407.013786,201.261960,91
3,587,277.697937,350.929230,277.704565,350.922492,91
3,588,374.829956,369.507111,374.823995,369.510416,91
3,589,309.875763,182.691589,309.864873,182.689551,91
3,590,374.616211,182.617538,374.614190,182.607540,91
3,591,310.089539,369.581146,310.090141,369.574014,91
3,592,396.410095,369.482422,396.406153,369.488021,91
3,593,288.295593,182.716263,288.285981,182.715673,91
3,594,396.196350,182.592865,396.201551,182.578996,91
3,595,288.509369,369.605835,288.516337,369.594085,91
3,596,450.253601,275.975922,450.268247,275.984572,91
3,597,234.452118,276.222748,234.462860,276.227094,91
3,598,342.481079,388.233063,342.479370,388.224710,91
3,599,342.224609,163.965622,342.218370,163.952243,91
3,600,342.224609,163.965622,342.218370,163.952243,91
3,601,342.481079,388.233063,342.479370,388.224710,91
3,602,439.527649,332.055145,439.533659,332.068275,91
3,603,245.178040,220.143539,245.178358,220.150365,91
3,604,439.399384,219.921417,439.417152,219.915488,91
3,605,245.306290,332.277283,245.322649,332.270088,91
3,606,450.296326,313.353851,450.307639,313.366690,91
3,607,234.409363,238.844849,234.415305,238.851754,91
3,608,450.210846,238.598038,450.231055,238.596924,91
3,609,234.494858,313.600677,234.512499,313.597008,91
3,610,428.758942,350.756439,428.761249,350.767749,91
3,611,255.946747,201.442261,255.943001,201.446869,91
3,612,428.587921,201.244812,428.603811,201.233127,91
3,613,256.117767,350.953888,256.133369,350.942270,91
3,614,364.061249,388.208405,364.057891,388.203821,91
3,615,320.644470,163.990295,320.635813,163.979893,91
3,616,363.804779,163.940933,363.803082,163.923971,91
3,617,320.900940,388.257782,320.902969,388.245049,91
3,618,461.065063,294.652527,461.083285,294.662926,91
3,619,223.640656,257.546143,223.653778,257.550990,91
3,620,461.022278,257.274658,461.045492,257.277436,91
3,621,223.683395,294.924072,223.702863,294.923026,91
3,622,417.990234,369.457733,417.990430,369.465066,91
3,623,266.715454,182.740952,266.709217,182.741212,91
3,624,417.776489,182.568176,417.791061,182.549823,91
3,625,266.929230,369.630524,266.944632,369.613556,91
3,626,385.641388,388.183716,385.638486,388.182350,91
3,627,299.064331,164.014984,299.055373,164.006952,91
3,628,385.384888,163.916260,385.389875,163.895101,91
3,629,299.320801,388.282440,299.328652,388.264784,91
3,630,407.221558,388.159027,407.221220,388.160266,91
3,631,277.484192,164.039673,277.477041,164.033411,91
3,632,406.965057,163.891571,406.978872,163.865603,91
3,633,277.740662,388.307129,277.756408,388.283948,91
3,634,471.833740,275.951263,471.860491,275.957029,91
3,635,212.871979,276.247437,212.893826,276.248112,91
3,636,353.292542,406.909698,353.293344,406.895131,91
3,637,331.413147,145.289001,331.408329,145.268054,91
3,638,352.993317,145.264313,352.992505,145.239470,91
3,639,331.712372,406.934387,331.716371,406.915163,91
3,640,461.107819,332.030457,461.123272,332.042902,91
3,641,223.597900,220.168228,223.606783,220.173499,91
3,642,460.979523,219.896729,461.009913,219.886349,91
3,643,223.726151,332.301971,223.754076,332.289604,91
3,644,450.339081,350.731750,450.349241,350.743263,91
3,645,234.366608,201.466949,234.369882,201.470906,91
3,646,450.168091,201.220123,450.196053,201.203662,91
3,647,471.876495,313.329193,471.898854,313.340395,91
3,648,212.829224,238.869522,212.845269,238.873976,91
3,649,471.790955,238.573364,471.824336,238.568122,91
3,650,439.570404,369.433075,439.576864,369.441518,91
3,651,245.135284,182.765625,245.134516,182.766143,91
3,652,439.356659,182.543488,439.382758,182.520033,91
3,653,374.872711,406.885010,374.872411,406.874550,91
3,654,309.833038,145.313675,309.826334,145.296042,91
3,655,374.573456,145.239624,374.578789,145.210260,91
3,656,482.645203,294.627869,482.676080,294.635704,91
3,657,482.602417,257.249969,482.639352,257.248958,91
3,658,255.904007,164.064346,255.900780,164.059257,91
3,659,428.545166,163.866898,428.569969,163.835500,91
3,660,288.252869,145.338348,288.246399,145.323411,91
3,661,396.153625,145.214966,396.167246,145.180449,91
3,662,471.748230,201.195450,471.790438,201.173592,91
3,663,482.559692,219.872040,482.604875,219.856590,91
3,664,460.936798,182.518814,460.976595,182.489635,91
3,665,417.733734,145.190277,417.757801,145.150003,91
3,666,365.608856,276.443085,365.598823,276.453840,249
3,667,376.215881,294.766632,376.206904,294.778075,249
3,668,355.001770,258.119568,354.991393,258.128483,249
3,669,376.173950,258.095367,376.165058,258.103819,249
3,670,355.043701,294.790863,355.034481,294.801255,249
3,671,386.780975,276.418884,386.773125,276.429567,249
3,672,344.436646,276.467316,344.427066,276.477408,249
3,673,365.650757,313.114380,365.642602,313.123984,249
3,674,365.566895,239.771835,365.557671,239.776946,249
3,675,365.566895,239.771835,365.557671,239.776946,249
3,676,365.650757,313.114380,365.642602,313.123984,249
3,677,397.388062,294.742401,397.381902,294.754192,249
3,678,333.829590,258.143799,333.820299,258.152441,249
3,679,397.346100,258.071167,397.341333,258.078418,249
3,680,333.871521,294.815063,333.864650,294.823680,249
3,681,386.822906,313.090179,386.815636,313.101220,249
3,682,344.394714,239.796066,344.384643,239.802015,249
3,683,386.739044,239.747635,386.733280,239.751152,249
3,684,344.478577,313.138580,344.472105,313.146023,249
3,685,407.953156,276.394684,407.950068,276.404558,249
3,686,323.264496,276.491547,323.257926,276.500221,249
3,687,376.257812,331.437897,376.251372,331.445600,249
3,688,354.959839,221.448318,354.950938,221.448943,249
3,689,376.132019,221.424088,376.125911,221.422741,249
3,690,355.085663,331.462097,355.080236,331.467253,249
3,691,418.560211,294.718201,418.559516,294.729574,249
3,692,312.657471,258.167999,312.651848,258.175643,249
3,693,418.518250,258.046906,418.520230,258.052248,249
3,694,312.699371,294.839264,312.697454,294.845382,249
3,695,407.995087,313.065948,407.991332,313.077697,249
3,696,323.222534,239.820282,323.214238,239.826351,249
3,697,407.911224,239.723419,407.911509,239.724615,249
3,698,323.306427,313.162781,323.304219,313.167339,249
3,699,397.429993,331.413696,397.425131,331.423222,249
3,700,333.787628,221.472519,333.778571,221.474392,249
3,701,397.304138,221.399872,397.303445,221.395796,249
3,702,333.913452,331.486328,333.911656,331.488213,249
3,703,429.125336,276.370483,429.129664,276.378808,249
3,704,302.092346,276.515747,302.091363,276.522310,249
3,705,365.692719,349.785645,365.689041,349.787373,249
3,706,365.524933,203.100571,365.519197,203.093211,249
3,707,365.524933,203.100571,365.519197,203.093211,249
3,708,365.692719,349.785645,365.689041,349.787373,249
3,709,429.167267,313.041718,429.169618,313.053469,249
3,710,302.050385,239.844482,302.046418,239.849942,249
3,711,429.083374,239.699188,429.092370,239.697305,249
3,712,302.134277,313.187012,302.138902,313.187966,249
3,713,439.732361,294.694000,439.739756,294.704216,249
3,714,291.485260,258.192230,291.485916,258.198119,249
3,715,439.690430,258.022705,439.701762,258.025360,249
3,716,291.527191,294.863495,291.532771,294.866393,249
3,717,418.602142,331.389465,418.601444,331.400087,249
3,718,312.615509,221.496735,312.608854,221.499105,249
3,719,418.476349,221.375671,418.483666,221.368116,249
3,720,312.741333,331.510559,312.745705,331.508428,249
3,721,386.864868,349.761414,386.860819,349.766105,249
3,722,344.352753,203.124786,344.344886,203.119808,249
3,723,386.697113,203.076355,386.696095,203.065883,249
3,724,344.520538,349.809875,344.519795,349.807950,249
3,725,408.037048,349.737213,408.035250,349.744112,249
3,726,323.180603,203.149002,323.173207,203.145651,249
3,727,407.869293,203.052139,407.875649,203.037792,249
3,728,323.348389,349.834076,323.353151,349.827783,249
3,729,450.297485,276.346222,450.311870,276.352287,249
3,730,280.920166,276.539978,280.927366,276.543706,249
3,731,376.299774,368.109192,376.298494,368.106415,249
3,732,354.917877,184.777039,354.913166,184.762543,249
3,733,376.090057,184.752823,376.089430,184.734804,249
3,734,355.127594,368.133392,355.128607,368.126582,249
3,735,450.339417,313.017517,450.350534,313.028501,249
3,736,280.878235,239.868698,280.881171,239.872808,249
3,737,450.255554,239.674988,450.275904,239.669271,249
3,738,280.962097,313.211243,280.976145,313.207851,249
3,739,439.774323,331.365265,439.780432,331.376246,249
3,740,291.443329,221.520966,291.441663,221.523116,249
3,741,439.648499,221.351456,439.666501,221.339685,249
3,742,291.569153,331.534760,291.582260,331.527930,249
3,743,460.904572,294.669769,460.922664,294.678087,249
3,744,270.313110,258.216461,270.322576,258.219903,249
3,745,460.862610,257.998505,460.885969,257.997723,249
3,746,270.355042,294.887695,270.370672,294.886661,249
3,747,429.209198,349.713013,429.212264,349.721391,249
3,748,302.008423,203.173218,302.004119,203.170772,249
3,749,429.041412,203.027939,429.057787,203.008962,249
3,750,302.176208,349.858276,302.189071,349.846904,249
3,751,397.471924,368.084961,397.470971,368.085502,249
3,752,333.745697,184.801254,333.739515,184.789523,249
3,753,397.262238,184.728622,397.268292,184.706329,249
3,754,333.955414,368.157593,333.961269,368.146033,249
3,755,418.644073,368.060730,418.646048,368.063893,249
3,756,312.573547,184.825470,312.568522,184.815776,249
3,757,418.434387,184.704391,418.449790,184.677085,249
3,758,471.469666,276.322021,471.496724,276.325044,249
3,759,365.483032,166.429306,365.483451,166.402598,249
3,760,365.483032,166.429306,365.483451,166.402598,249
3,761,460.946503,331.341034,460.962052,331.351668,249
3,762,460.820648,221.327240,460.851989,221.310484,249
3,763,471.511597,312.993317,471.534119,313.002792,249
3,764,471.427704,239.650772,471.462039,239.640482,249
3,765,450.381378,349.688782,450.391901,349.697910,249
3,766,450.213623,203.003708,450.242632,202.979362,249
3,767,386.655151,166.405090,386.661622,166.373723,249
3,768,482.034760,257.974304,482.072807,257.969330,249
3,769,364.257782,236.338623,364.255999,236.346276,120
3,770,374.169189,253.460480,374.171295,253.472678,120
3,771,354.346313,219.216751,354.341748,219.218100,120
3,772,374.130035,219.194122,374.133436,219.194077,120
3,773,354.385498,253.483109,354.381648,253.494293,120
3,774,384.041473,236.315994,384.048707,236.322886,120
3,775,344.474060,236.361252,344.467372,236.368521,120
3,776,364.296967,270.604980,364.296994,270.618311,120
3,777,364.218567,202.072250,364.219215,202.063499,120
3,778,364.218567,202.072250,364.219215,202.063499,120
3,779,364.296967,270.604980,364.296994,270.618311,120
3,780,393.952881,253.437866,393.965053,253.449906,120
3,781,334.562592,219.239365,334.554163,219.240951,120
3,782,393.913696,219.171478,393.929194,219.168887,120
3,783,334.601807,253.505753,334.596067,253.514784,120
3,784,384.080627,270.582336,384.087664,270.597311,120
3,785,344.434845,202.094879,344.428569,202.088145,120
3,786,384.002258,202.049622,384.013952,202.037699,120
3,787,344.513245,270.627625,344.510367,270.638188,120
3,788,403.825165,236.293381,403.845541,236.298332,120
3,789,324.690369,236.383881,324.682858,236.389614,120
3,790,374.208405,287.726837,374.213381,287.740566,120
3,791,354.307098,184.950378,354.306068,184.931136,120
3,792,374.090820,184.927750,374.099788,184.904697,120
3,793,354.424683,287.749481,354.425706,287.759832,120
3,794,413.736572,253.415222,413.762940,253.425946,120
3,795,314.778931,219.261993,314.770715,219.262648,120
3,796,413.697418,219.148865,413.729146,219.142538,120
3,797,314.818115,253.528366,314.814611,253.534106,120
3,798,403.864319,270.559723,403.882474,270.575156,120
3,799,324.651154,202.117508,324.642050,202.111616,120
3,800,403.785980,202.026993,403.812853,202.010712,120
3,801,324.729553,270.650238,324.727843,270.656898,120
3,802,334.523407,184.973007,334.516462,184.956392,120
3,803,393.874512,184.905121,393.897616,184.877095,120
3,804,334.640961,287.772095,334.642112,287.777932,120
3,805,304.906677,236.406509,304.902415,236.409550,120
3,806,411.097229,236.389359,411.084913,236.400632,253
3,807,421.479553,254.324661,421.462806,254.326824,253
3,808,400.714874,218.454010,400.707813,218.473031,253
3,809,421.438507,218.430313,421.422707,218.448345,253
3,810,400.755951,254.348373,400.749486,254.349699,253
3,811,431.820831,236.365646,431.800583,236.376394,253
3,812,390.373627,236.413055,390.372395,236.423953,253
3,813,411.138245,272.283691,411.127394,272.274097,253
3,814,411.056183,200.494995,411.045654,200.518937,253
3,815,411.056183,200.494995,411.045654,200.518937,253
3,816,411.138245,272.283691,411.127394,272.274097,253
3,817,442.203156,254.300964,442.179279,254.303088,253
3,818,379.991302,218.477722,379.996120,218.496840,253
3,819,442.162109,218.406631,442.140738,218.422763,253
3,820,380.032318,254.372070,380.039306,254.371663,253
3,821,431.861877,272.260010,431.841544,272.251721,253
3,822,390.332550,200.518707,390.331558,200.544114,253
3,823,431.779755,200.471298,431.762855,200.492876,253
3,824,390.414642,272.307404,390.416413,272.295591,253
3,825,452.544464,236.341949,452.519444,236.351289,253
3,826,369.650024,236.436752,369.663013,236.446389,253
3,827,421.520599,290.219025,421.506145,290.197150,253
3,828,400.673828,182.559677,400.669394,182.588165,253
3,829,421.397430,182.535965,421.385823,182.561611,253
3,830,400.796997,290.242706,400.794360,290.218174,253
3,831,462.926788,254.277267,462.898948,254.278458,253
3,832,359.267670,218.501434,359.287507,218.519763,253
3,833,462.885712,218.382919,462.861945,218.396265,253
3,834,359.308716,254.395767,359.332251,254.392749,253
3,835,452.585480,272.236267,452.558824,272.228430,253
3,836,369.608948,200.542404,369.620634,200.568385,253
3,837,452.503387,200.447601,452.483285,200.465899,253
3,838,369.691071,272.331085,369.708586,272.316207,253
3,839,442.244202,290.195312,442.221074,290.175244,253
3,840,379.950226,182.583374,379.956122,182.613807,253
3,841,442.121063,182.512268,442.105451,182.534153,253
3,842,380.073395,290.266418,380.085706,290.238323,253
3,843,473.268036,236.318253,473.241432,236.325283,253
3,844,348.926392,236.460464,348.956726,236.467959,253
3,845,411.179321,308.178040,411.173095,308.139419,253
3,846,411.015137,164.600647,411.009615,164.628991,253
3,847,411.015137,164.600647,411.009615,164.628991,253
3,848,411.179321,308.178040,411.173095,308.139419,253
3,849,473.309113,272.212585,473.279275,272.204274,253
3,850,348.885315,200.566116,348.912815,200.591782,253
3,851,473.226990,200.423904,473.206877,200.438028,253
3,852,348.967438,272.354797,349.003819,272.335978,253
3,853,483.650391,254.253571,483.621772,254.252929,253
3,854,338.544037,218.525131,338.582013,218.541791,253
3,855,483.609344,218.359207,483.586372,218.368862,253
3,856,338.585083,254.419479,338.628279,254.412988,253
3,857,462.967834,290.171600,462.939190,290.152425,253
3,858,359.226593,182.607086,359.245965,182.638569,253
3,859,462.844666,182.488571,462.828238,182.505800,253
3,860,359.349762,290.290131,359.380142,290.257628,253
3,861,431.902924,308.154327,431.885685,308.118862,253
3,862,390.291504,164.624359,390.293956,164.656026,253
3,863,431.738708,164.576950,431.728389,164.601064,253
3,864,390.455688,308.201752,390.463611,308.159128,253
3,865,452.626526,308.130646,452.601423,308.097425,253
3,866,369.567902,164.648056,369.581505,164.682148,253
3,867,452.462341,164.553253,452.450401,164.572213,253
3,868,369.732117,308.225433,369.757300,308.177940,253
3,869,493.991669,236.294540,493.966669,236.298359,253
3,870,328.202759,236.484161,328.253574,236.488654,253
3,871,328.161713,200.589798,328.208138,200.614284,253
3,872,328.243835,272.378510,328.302179,272.354855,253
3,873,365.578827,237.263077,365.574045,237.268635,38
3,874,375.546448,254.482040,375.544815,254.492331,38
3,875,355.611145,220.044128,355.604291,220.043212,38
3,876,375.507050,220.021362,375.506588,220.019166,38
3,877,355.650574,254.504791,355.644504,254.514035,38
3,878,385.474701,237.240341,385.477332,237.245205,38
3,879,345.682922,237.285843,345.674725,237.290951,38
3,880,365.618256,271.723755,365.615322,271.735412,38
3,881,365.539398,202.802414,365.536862,202.791408,38
3,882,365.539398,202.802414,365.536862,202.791408,38
3,883,365.618256,271.723755,365.615322,271.735412,38
3,884,395.442322,254.459290,395.449122,254.469503,38
3,885,335.715271,220.066879,335.705984,220.066118,38
3,886,395.402893,219.998596,395.412839,219.993985,38
3,887,335.754669,254.527557,335.748144,254.534646,38
3,888,385.514099,271.700989,385.516627,271.714306,38
3,889,345.643494,202.825165,345.635579,202.816059,38
3,890,385.435272,202.779663,385.442121,202.765633,38
3,891,345.722351,271.746521,345.717946,271.755426,38
3,892,405.370575,237.217590,405.384630,237.220642,38
3,893,325.787048,237.308609,325.779404,237.312148,38
3,894,375.585876,288.942688,375.587153,288.955075,38
3,895,355.571747,185.583450,355.568181,185.561912,38
3,896,375.467621,185.560684,375.472452,185.535516,38
3,897,355.689972,288.965485,355.688757,288.974494,38
3,898,415.338196,254.436523,415.357444,254.445517,38
3,899,315.819397,220.089615,315.811700,220.087902,38
3,900,415.298798,219.975861,415.323168,219.967677,38
3,901,315.858826,254.550308,315.855797,254.554119,38
3,902,405.409973,271.678253,405.421957,271.692078,38
3,903,325.747620,202.847916,325.738309,202.839569,38
3,904,405.331177,202.756897,405.351430,202.738703,38
3,905,325.826477,271.769257,325.824560,271.774304,38
3,906,395.481750,288.919952,395.489506,288.934566,38
3,907,395.363495,185.537933,395.380716,185.507989,38
3,908,335.794067,288.988220,335.794329,288.992779,38
3,909,425.266449,237.194809,425.295958,237.194914,38
3,910,305.891174,237.331345,305.888040,237.332218,38
3,911,425.305878,271.655487,425.331332,271.668720,38
3,912,423.295471,255.755905,423.329394,255.759758,254
3,913,433.480347,273.350128,433.532654,273.383591,254
3,914,413.110596,238.161728,413.127078,238.134465,254
3,915,433.440063,238.138458,433.492401,238.110562,254
3,916,413.150848,273.373352,413.169036,273.405409,254
3,917,443.624908,255.732651,443.695618,255.736414,254
3,918,402.966003,255.779175,402.966703,255.782132,254
3,919,423.335754,290.967560,423.372311,291.027177,254
3,920,423.255188,220.544266,423.290104,220.483189,254
3,921,423.255188,220.544266,423.290104,220.483189,254
3,922,423.335754,290.967560,423.372311,291.027177,254
3,923,453.809784,273.326843,453.899781,273.360751,254
3,924,392.781158,238.184967,392.765285,238.157342,254
3,925,453.769531,238.115219,453.861297,238.085682,254
3,926,392.821411,273.396606,392.808966,273.426237,254
3,927,443.665192,290.944305,443.736805,291.005886,254
3,928,402.925720,220.567505,402.925653,220.507599,254
3,929,443.584656,220.521027,443.658073,220.457774,254
3,930,403.006287,290.990814,403.011340,291.047479,254
3,931,463.954376,255.709412,464.065418,255.712068,254
3,932,382.636566,255.802414,382.607530,255.803488,254
3,933,433.520599,308.561768,433.576473,308.647441,254
3,934,413.070343,202.950073,413.088728,202.854291,254
3,935,433.399780,202.926819,433.455771,202.828340,254
3,936,413.191132,308.584991,413.214599,308.667218,254
3,937,474.139221,273.303619,474.270462,273.336936,254
3,938,372.451721,238.208221,372.407007,238.179227,254
3,939,474.098938,238.091965,474.233703,238.059793,254
3,940,372.492004,273.419861,372.452427,273.446081,254
3,941,463.994659,290.921051,464.104865,290.983575,254
3,942,382.596313,220.590759,382.564782,220.531022,254
3,943,463.914093,220.497757,464.029601,220.431335,254
3,944,382.676849,291.014038,382.653877,291.066798,254
3,945,453.850037,308.538513,453.941873,308.626676,254
3,946,392.740875,202.973328,392.725172,202.879250,254
3,947,453.729248,202.903564,453.826425,202.801363,254
3,948,392.861664,308.608276,392.856210,308.686041,254
3,949,484.283813,255.686172,484.438758,255.686713,254
3,950,362.307129,255.825653,362.251859,255.823858,254
3,951,423.214905,185.332611,423.254420,185.197362,254
3,952,423.214905,185.332611,423.254420,185.197362,254
3,953,484.324097,290.897797,484.476456,290.960291,254
3,954,362.266846,220.614029,362.207368,220.553451,254
3,955,484.243561,220.474503,484.404733,220.403879,254
3,956,494.468689,273.280365,494.644739,273.312115,254
3,957,352.122223,238.231476,352.052200,238.200139,254
3,958,494.428436,238.068710,494.609743,238.032875,254
3,959,372.411438,202.996567,372.365166,202.903193,254
3,960,474.058685,202.880325,474.200625,202.773381,254
3,961,402.885468,185.355881,402.888245,185.223865,254
3,962,443.544403,185.309357,443.624174,185.169845,254
3,963,376.299103,258.315308,376.297059,258.317192,94
3,964,386.158752,275.347748,386.160402,275.355884,94
3,965,366.439453,241.282913,366.434814,241.276685,94
3,966,386.119781,241.260406,386.123866,241.252139,94
3,967,366.478455,275.370239,366.473438,275.377976,94
3,968,395.979431,258.292816,395.987185,258.293282,94
3,969,356.618774,258.337830,356.611144,258.339915,94
3,970,376.338074,292.402649,376.336802,292.414228,94
3,971,376.260132,224.227982,376.261649,224.209161,94
3,972,376.260132,224.227982,376.261649,224.209161,94
3,973,376.338074,292.402649,376.336802,292.414228,94
3,974,405.839081,275.325226,405.851607,275.332606,94
3,975,346.759094,241.305420,346.749944,241.300052,94
3,976,405.800110,241.237915,405.817145,241.226397,94
3,977,346.798096,275.392761,346.790619,275.398913,94
3,978,396.018402,292.380157,396.024870,292.392765,94
3,979,356.579773,224.250504,356.573643,224.234355,94
3,980,395.940430,224.205475,395.953827,224.182768,94
3,981,356.657745,292.425171,356.652909,292.434537,94
3,982,415.659760,258.270294,415.681543,258.268149,94
3,983,336.938416,258.360352,336.929395,258.361481,94
3,984,386.197723,309.435089,386.201236,309.448701,94
3,985,366.517395,309.457581,366.516318,309.468360,94
3,986,425.519409,275.302734,425.547073,275.308133,94
3,987,327.078766,241.327942,327.069289,241.322237,94
3,988,425.480438,241.215378,425.514671,241.199426,94
3,989,327.117767,275.415253,327.112003,275.418650,94
3,990,415.698730,292.357635,415.717156,292.370117,94
3,991,336.899414,224.272995,336.889841,224.258345,94
3,992,336.977386,292.447662,336.973198,292.453649,94
3,993,405.878052,309.412567,405.890410,309.427840,94
3,994,346.837067,309.480103,346.835532,309.486848,94
3,995,317.258118,258.382843,317.251872,258.381846,94
3,996,51.822384,297.089081,51.816348,297.101520,256
3,997,62.590782,315.691254,62.585198,315.703526,256
3,998,41.054043,278.486908,41.048128,278.498562,256
3,999,62.548195,278.462311,62.543174,278.473339,256
3,1000,41.096630,315.715851,41.091181,315.727543,256
3,1001,73.316536,297.064484,73.311946,297.076618,256
3,1002,30.328232,297.113678,30.322883,297.125856,256
3,1003,51.864975,334.318024,51.859993,334.328282,256
3,1004,51.779793,259.860168,51.774919,259.869105,256
3,1005,51.779793,259.860168,51.774919,259.869105,256
3,1006,51.864975,334.318024,51.859993,334.328282,256
3,1007,84.084938,315.666656,84.081350,315.678944,256
3,1008,19.559944,278.511505,19.555270,278.523218,256
3,1009,84.042343,278.437744,84.040360,278.447518,256
3,1010,19.602535,315.740417,19.599346,315.750942,256
3,1011,73.359123,334.293427,73.354564,334.304611,256
3,1012,30.285641,259.884735,30.280424,259.894649,256
3,1013,73.273949,259.835571,73.271553,259.842961,256
3,1014,30.370821,334.342590,30.367550,334.351363,256
3,1015,94.810692,297.039917,94.809687,297.051118,256
3,1016,8.834135,297.138245,8.831598,297.149572,256
3,1017,62.633316,352.920166,62.629377,352.928075,256
3,1018,41.011452,241.257996,41.007296,241.263911,256
3,1019,62.505604,241.233414,62.503379,241.237445,256
3,1020,41.139164,352.944763,41.136381,352.950840,256
3,1021,105.579086,315.642090,105.579647,315.653765,256
3,1022,105.536499,278.413147,105.539697,278.421067,256
3,1023,94.853279,334.268829,94.851272,334.280319,256
3,1024,8.791545,259.909332,8.788114,259.919625,256
3,1025,94.768097,259.810974,94.770336,259.816187,256
3,1026,8.876725,334.367157,8.877282,334.373858,256
3,1027,84.127472,352.895599,84.124503,352.904721,256
3,1028,19.517355,241.282562,19.513406,241.289778,256
3,1029,83.999756,241.208817,84.001609,241.210360,256
3,1030,19.645069,352.969360,19.645561,352.973047,256
3,1031,116.304817,297.015350,116.309551,297.025018,256
3,1032,8.834135,297.138245,8.831598,297.149572,256
3,1033,51.907562,371.546936,51.905837,371.549374,256
3,1034,51.737263,222.631226,51.735781,222.630952,256
3,1035,51.737263,222.631226,51.735781,222.630952,256
3,1036,51.907562,371.546936,51.905837,371.549374,256
3,1037,116.347404,334.244263,116.350098,334.255459,256
3,1038,8.791545,259.909332,8.788114,259.919625,256
3,1039,116.262253,259.786407,116.271276,259.788835,256
3,1040,8.876725,334.367157,8.877282,334.373858,256
3,1041,127.073158,315.617523,127.080012,315.627985,256
3,1042,127.030594,278.388580,127.041137,278.394039,256
3,1043,105.621620,352.871033,105.621769,352.880775,256
3,1044,105.493912,241.184235,105.501994,241.182669,256
3,1045,73.401718,371.522339,73.399389,371.526924,256
3,1046,30.243109,222.655823,30.240247,222.657757,256
3,1047,73.231415,222.606644,73.233460,222.603542,256
3,1048,30.413410,371.571533,30.414408,371.571266,256
3,1049,94.895866,371.497772,94.895072,371.503886,256
3,1050,8.749012,222.680389,8.746905,222.683947,256
3,1051,94.725563,222.582062,94.733293,222.575539,256
3,1052,8.919315,371.596100,8.925147,371.592549,256
3,1053,137.798904,296.990753,137.811549,296.998284,256
3,1054,8.834135,297.138245,8.831598,297.149572,256
3,1055,62.675907,390.149109,62.675807,390.146996,256
3,1056,40.968861,204.029068,40.968704,204.023508,256
3,1057,62.463013,204.004486,62.465833,203.995787,256
3,1058,41.181755,390.173706,41.183822,390.168547,256
3,1059,137.841507,334.219696,137.851051,334.230000,256
3,1060,8.791545,259.909332,8.788114,259.919625,256
3,1061,137.756348,259.761841,137.774327,259.760873,256
3,1062,8.876725,334.367157,8.877282,334.373858,256
3,1063,127.115746,352.846436,127.121154,352.856205,256
3,1064,126.988007,241.159653,127.004489,241.154382,256
3,1065,148.567276,315.592896,148.582598,315.601574,256
3,1066,148.524719,278.363983,148.544774,278.366402,256
3,1067,116.389992,371.473206,116.392868,371.480257,256
3,1068,8.749012,222.680389,8.746905,222.683947,256
3,1069,116.219666,222.557480,116.235233,222.546912,256
3,1070,8.919315,371.596100,8.925147,371.592549,256
3,1071,84.170059,390.124512,84.169916,390.124833,256
3,1072,19.474766,204.053650,19.473774,204.050639,256
3,1073,83.957169,203.979889,83.965115,203.967443,256
3,1074,19.687658,390.198273,19.694009,390.189517,256
3,1075,105.664215,390.099945,105.666158,390.102110,256
3,1076,105.451317,203.955307,105.466558,203.938487,256
3,1077,159.293060,296.966156,159.315775,296.970971,256
3,1078,8.834135,297.138245,8.831598,297.149572,256
3,1079,51.950153,408.775879,51.953862,408.764892,256
3,1080,51.694672,185.402298,51.698841,185.387034,256
3,1081,51.694672,185.402298,51.698841,185.387034,256
3,1082,51.950153,408.775879,51.953862,408.764892,256
3,1083,148.609879,352.821838,148.622696,352.831065,256
3,1084,148.482132,241.135086,148.509187,241.125482,256
3,1085,159.335648,334.195099,159.354227,334.203938,256
3,1086,8.791545,259.909332,8.788114,259.919625,256
3,1087,159.250504,259.737213,159.279611,259.732271,256
3,1088,8.876725,334.367157,8.877282,334.373858,256
3,1089,137.884094,371.448608,137.892786,371.456005,256
3,1090,8.749012,222.680389,8.746905,222.683947,256
3,1091,137.713760,222.532883,137.739345,222.517670,256
3,1092,8.919315,371.596100,8.925147,371.592549,256
3,1093,73.444305,408.751282,73.446403,408.743654,256
3,1094,30.200518,185.426880,30.202259,185.415083,256
3,1095,73.188828,185.377716,73.197573,185.358363,256
3,1096,30.456001,408.800446,30.463437,408.785550,256
3,1097,170.061432,315.568329,170.087385,315.574584,256
3,1098,170.018875,278.339417,170.050619,278.338154,256
3,1099,127.158310,390.075378,127.164486,390.078797,256
3,1100,126.945419,203.930725,126.970116,203.908931,256
3,1101,94.938461,408.726685,94.941070,408.721803,256
3,1102,8.706422,185.451462,8.707875,185.442539,256
3,1103,94.682976,185.353134,94.698465,185.329092,256
3,1104,8.961905,408.825043,8.975177,408.805659,256
3,1105,116.432556,408.702118,116.437816,408.699395,256
3,1106,8.706422,185.451462,8.707875,185.442539,256
3,1107,116.177071,185.328552,116.201469,185.299192,256
3,1108,8.961905,408.825043,8.975177,408.805659,256
3,1109,180.787186,296.941589,180.822153,296.943048,256
3,1110,8.834135,297.138245,8.831598,297.149572,256
3,1111,62.718498,427.378021,62.724412,427.360303,256
3,1112,40.926270,166.800140,40.932370,166.777324,256
3,1113,62.420425,166.775558,62.430554,166.748338,256
3,1114,41.224342,427.402618,41.233432,427.380650,256
3,1115,170.104019,352.797272,170.126435,352.805323,256
3,1116,169.976288,241.110489,170.016097,241.095951,256
3,1117,159.378250,371.424011,159.394920,371.431183,256
3,1118,8.749012,222.680389,8.746905,222.683947,256
3,1119,159.207916,222.508316,159.245697,222.487824,256
3,1120,8.919315,371.596100,8.925147,371.592549,256
3,1121,8.791545,259.909332,8.788114,259.919625,256
3,1122,8.876725,334.367157,8.877282,334.373858,256
3,1123,19.730247,427.427185,19.744617,427.400420,256
3,1124,8.706422,185.451462,8.707875,185.442539,256
3,1125,8.961905,408.825043,8.975177,408.805659,256
3,1126,98.803879,297.034729,98.790058,297.050738,257
3,1127,109.764816,315.969513,109.751253,315.985448,257
3,1128,87.843002,278.099976,87.829372,278.115278,257
3,1129,109.721466,278.074921,109.708001,278.089922,257
3,1130,87.886353,315.994507,87.873440,316.009797,257
3,1131,120.682312,297.009705,120.669095,297.025666,257
3,1132,76.925415,297.059753,76.912682,297.075339,257
3,1133,98.847229,334.929291,98.834592,334.943507,257
3,1134,98.760529,259.140137,98.747274,259.153455,257
3,1135,98.760529,259.140137,98.747274,259.153455,257
3,1136,98.847229,334.929291,98.834592,334.943507,257
3,1137,131.643188,315.944489,131.630671,315.960629,257
3,1138,65.964539,278.124969,65.952431,278.140132,257
3,1139,131.599869,278.049896,131.588268,278.064122,257
3,1140,66.007889,316.019531,65.997310,316.033677,257
3,1141,120.725662,334.904266,120.712814,334.919410,257
3,1142,76.882065,259.165192,76.869081,259.179065,257
3,1143,120.638992,259.115143,120.627161,259.127399,257
3,1144,76.968765,334.954346,76.958025,334.967165,257
3,1145,142.560715,296.984680,142.549800,297.000091,257
3,1146,55.046951,297.084778,55.036987,297.099471,257
3,1147,109.808105,353.864075,109.796193,353.876501,257
3,1148,87.799652,240.205383,87.787058,240.216246,257
3,1149,109.678108,240.180359,109.666509,240.189920,257
3,1150,87.929642,353.889099,87.919189,353.899879,257
3,1151,153.521622,315.919434,153.511844,315.935308,257
3,1152,44.086075,278.149994,44.077171,278.164517,257
3,1153,153.478302,278.024902,153.470265,278.037843,257
3,1154,44.129425,316.044586,44.122857,316.057121,257
3,1155,142.604065,334.879272,142.592699,334.894843,257
3,1156,55.003601,259.190216,54.992574,259.204173,257
3,1157,142.517395,259.090118,142.508692,259.100865,257
3,1158,55.090305,334.979340,55.083136,334.990329,257
3,1159,131.686539,353.839050,131.674855,353.852626,257
3,1160,65.921188,240.230423,65.909299,240.242097,257
3,1161,131.556519,240.155350,131.547603,240.163129,257
3,1162,66.051186,353.914124,66.043864,353.922794,257
3,1163,164.439178,296.959656,164.432266,296.974068,257
3,1164,33.168488,297.109802,33.162967,297.123166,257
3,1165,98.890579,372.823883,98.880860,372.831851,257
3,1166,98.717232,221.245590,98.706312,221.251682,257
3,1167,98.717232,221.245590,98.706312,221.251682,257
3,1168,98.890579,372.823883,98.880860,372.831851,257
3,1169,164.482529,334.854248,164.474342,334.869804,257
3,1170,33.125137,259.215210,33.117746,259.228811,257
3,1171,164.395859,259.065063,164.391989,259.073821,257
3,1172,33.211842,335.004364,33.209918,335.013031,257
3,1173,175.400085,315.894440,175.394751,315.909539,257
3,1174,22.207668,278.175049,22.203640,278.188464,257
3,1175,175.356766,277.999878,175.354002,278.011086,257
3,1176,22.251020,316.069580,22.250129,316.080072,257
3,1177,153.564972,353.814026,153.555210,353.828311,257
3,1178,44.042721,240.255432,44.033225,240.267460,257
3,1179,153.434952,240.130325,153.430432,240.135857,257
3,1180,44.172718,353.939148,44.170211,353.945246,257
3,1181,120.769012,372.798859,120.758275,372.808722,257
3,1182,76.838768,221.270599,76.827295,221.278251,257
3,1183,120.595642,221.220566,120.586970,221.224620,257
3,1184,77.012115,372.848877,77.005098,372.854516,257
3,1185,142.647415,372.773804,142.637348,372.785098,257
3,1186,54.960308,221.295639,54.949969,221.304358,257
3,1187,142.474045,221.195526,142.469333,221.197075,257
3,1188,55.133656,372.873901,55.131008,372.876720,257
3,1189,186.317612,296.934631,186.316416,296.947566,257
3,1190,11.290084,297.134827,11.290671,297.146368,257
3,1191,109.851463,391.758636,109.842923,391.763082,257
3,1192,87.756294,202.310822,87.746512,202.312685,257
3,1193,109.634758,202.285797,109.626792,202.285364,257
3,1194,87.973000,391.783661,87.966721,391.785499,257
3,1195,186.360962,334.829193,186.357664,334.844260,257
3,1196,11.246733,259.240265,11.244646,259.253011,257
3,1197,186.274292,259.040070,186.276973,259.046324,257
3,1198,11.333435,335.029388,11.338419,335.035272,257
3,1199,175.443436,353.789001,175.437295,353.803524,257
3,1200,22.164318,240.280457,22.158885,240.292353,257
3,1201,175.313416,240.105301,175.315005,240.108087,257
3,1202,22.294313,353.964172,22.298279,353.967268,257
3,1203,197.278519,315.869415,197.279343,315.883292,257
3,1204,0.329206,278.200043,0.331718,278.211917,257
3,1205,197.235199,277.974823,197.239428,277.983816,257
3,1206,0.372557,316.094604,0.379005,316.102563,257
3,1207,164.525879,372.748810,164.518174,372.761034,257
3,1208,33.081844,221.320663,33.074326,221.329991,257
3,1209,164.352509,221.170517,164.353467,221.169061,257
3,1210,33.255192,372.898956,33.258584,372.898494,257
3,1211,131.729858,391.733643,131.720749,391.740202,257
3,1212,65.877838,202.335846,65.867928,202.339526,257
3,1213,131.513168,202.260773,131.508720,202.257575,257
3,1214,66.094536,391.808716,66.092194,391.807484,257
3,1215,153.608307,391.708588,153.600293,391.716828,257
3,1216,43.999371,202.360870,43.991033,202.365875,257
3,1217,153.391602,202.235748,153.392388,202.229287,257
3,1218,44.216072,391.833710,44.219334,391.828982,257
3,1219,208.196045,296.909637,208.202284,296.920582,257
3,1220,11.290084,297.134827,11.290671,297.146368,257
3,1221,98.933929,410.718445,98.928850,410.715744,257
3,1222,98.673882,183.351013,98.667071,183.345345,257
3,1223,98.673882,183.351013,98.667071,183.345345,257
3,1224,98.933929,410.718445,98.928850,410.715744,257
3,1225,197.321869,353.763977,197.321060,353.778233,257
3,1226,0.285854,240.305481,0.286158,240.316791,257
3,1227,197.191849,240.080276,197.201272,240.079831,257
3,1228,0.415851,353.989197,0.427947,353.988804,257
3,1229,208.239395,334.804199,208.242700,334.818268,257
3,1230,11.246733,259.240265,11.244646,259.253011,257
3,1231,208.152725,259.015045,208.163682,259.018341,257
3,1232,11.333435,335.029388,11.338419,335.035272,257
3,1233,186.404312,372.723785,186.400674,372.736498,257
3,1234,11.203439,221.345673,11.200416,221.355139,257
3,1235,186.230942,221.145508,186.239294,221.140560,257
3,1236,11.376787,372.923950,11.387876,372.919783,257
3,1237,120.812340,410.693420,120.805434,410.693575,257
3,1238,76.795418,183.376038,76.787223,183.372910,257
3,1239,120.552284,183.325989,120.548564,183.317282,257
3,1240,77.055473,410.743469,77.053884,410.737482,257
3,1241,219.156952,315.844391,219.165656,315.856564,257
3,1242,0.329206,278.200043,0.331718,278.211917,257
3,1243,219.113632,277.949829,219.126580,277.956091,257
3,1244,0.372557,316.094604,0.379005,316.102563,257
3,1245,175.486755,391.683563,175.481562,391.693014,257
3,1246,22.120966,202.385895,22.115877,202.391765,257
3,1247,175.270065,202.210724,175.277804,202.200525,257
3,1248,22.337666,391.858734,22.348192,391.850024,257
3,1249,142.690750,410.668396,142.683702,410.670943,257
3,1250,54.916954,183.401062,54.909071,183.400009,257
3,1251,142.430695,183.300980,142.431767,183.288747,257
3,1252,55.177006,410.768494,55.180587,410.758734,257
3,1253,164.569214,410.643372,164.563718,410.647818,257
3,1254,33.038494,183.426071,33.032606,183.426617,257
3,1255,164.309158,183.275940,164.316746,183.259711,257
3,1256,33.298542,410.793518,33.308951,410.779530,257
3,1257,230.074478,296.884583,230.089880,296.893085,257
3,1258,11.290084,297.134827,11.290671,297.146368,257
3,1259,109.894814,429.653198,109.891369,429.645254,257
3,1260,87.712944,164.416245,87.707748,164.404560,257
3,1261,109.591408,164.391220,109.588865,164.376236,257
3,1262,88.016350,429.678253,88.015964,429.666746,257
3,1263,219.200302,353.738953,219.206542,353.752494,257
3,1264,0.285854,240.305481,0.286158,240.316791,257
3,1265,219.070282,240.055252,219.089269,240.051100,257
3,1266,0.415851,353.989197,0.427947,353.988804,257
3,1267,208.282745,372.698730,208.284884,372.711459,257
3,1268,11.203439,221.345673,11.200416,221.355139,257
3,1269,208.109375,221.120468,208.126849,221.111554,257
3,1270,11.376787,372.923950,11.387876,372.919783,257
3,1271,230.117828,334.779175,230.129458,334.791794,257
3,1272,11.246733,259.240265,11.244646,259.253011,257
3,1273,230.031158,258.990021,230.052122,258.989869,257
3,1274,11.333435,335.029388,11.338419,335.035272,257
3,1275,197.365204,391.658569,197.364507,391.668729,257
3,1276,0.242503,202.410904,0.242339,202.417168,257
3,1277,197.148499,202.185699,197.164919,202.171259,257
3,1278,0.459202,391.883759,0.478645,391.870613,257
3,1279,131.773224,429.628174,131.768395,429.623332,257
3,1280,65.834480,164.441284,65.828332,164.432399,257
3,1281,131.469849,164.366211,131.471662,164.347441,257
3,1282,66.137886,429.703278,66.142228,429.687751,257
3,1283,241.035385,315.819366,241.053698,315.829323,257
3,1284,0.329206,278.200043,0.331718,278.211917,257
3,1285,240.992065,277.924805,241.015465,277.927878,257
3,1286,0.372557,316.094604,0.379005,316.102563,257
3,1287,186.447647,410.618347,186.445403,410.624253,257
3,1288,11.160088,183.451111,11.157880,183.452763,257
3,1289,186.187592,183.250931,186.203421,183.230197,257
3,1290,11.420137,410.818542,11.439028,410.799903,257
3,1291,153.651657,429.603180,153.647135,429.600947,257
3,1292,43.956020,164.466293,43.950610,164.459744,257
3,1293,153.348282,164.341171,153.356176,164.318142,257
3,1294,44.259422,429.728271,44.270155,429.708303,257
3,1295,98.977226,448.613007,98.978489,448.595276,257
3,1296,98.630531,145.456451,98.629624,145.434423,257
3,1297,98.630531,145.456451,98.629624,145.434423,257
3,1298,98.977226,448.613007,98.978489,448.595276,257
3,1299,230.161194,372.673737,230.170812,372.685973,257
3,1300,11.203439,221.345673,11.200416,221.355139,257
3,1301,229.987808,221.095444,230.016141,221.082056,257
3,1302,11.376787,372.923950,11.387876,372.919783,257
3,1303,241.078735,353.713928,241.093747,353.726275,257
3,1304,0.285854,240.305481,0.286158,240.316791,257
3,1305,240.948715,240.030228,240.979004,240.021863,257
3,1306,0.415851,353.989197,0.427947,353.988804,257
3,1307,219.243637,391.633545,219.249164,391.643970,257
3,1308,0.242503,202.410904,0.242339,202.417168,257
3,1309,219.026932,202.160690,219.053769,202.141514,257
3,1310,0.459202,391.883759,0.478645,391.870613,257
3,1311,175.530121,429.578125,175.527595,429.578070,257
3,1312,22.077614,164.491318,22.074632,164.486624,257
3,1313,175.226746,164.316162,175.242443,164.288366,257
3,1314,22.381016,429.753296,22.399796,429.728402,257
3,1315,120.855690,448.587982,120.854337,448.574030,257
3,1316,76.752068,145.481461,76.748938,145.462993,257
3,1317,120.508965,145.431412,120.511987,145.405351,257
3,1318,77.098763,448.638031,77.104314,448.616037,257
3,1319,251.952942,296.859558,251.979240,296.865129,257
3,1320,11.290084,297.134827,11.290671,297.146368,257
3,1321,251.996292,334.754120,252.017976,334.764809,257
3,1322,11.246733,259.240265,11.244646,259.253011,257
3,1323,251.909622,258.965027,251.942331,258.960906,257
3,1324,11.333435,335.029388,11.338419,335.035272,257
3,1325,208.326080,410.593323,208.328795,410.600218,257
3,1326,11.160088,183.451111,11.157880,183.452763,257
3,1327,208.066025,183.225906,208.091830,183.200175,257
3,1328,11.420137,410.818542,11.439028,410.799903,257
3,1329,142.734100,448.562958,142.731805,448.552354,257
3,1330,54.873604,145.506485,54.869953,145.491093,257
3,1331,142.387375,145.406403,142.396037,145.375804,257
3,1332,55.220299,448.663055,55.231803,448.636344,257
3,1333,262.913849,315.794342,262.943505,315.801625,257
3,1334,0.329206,278.200043,0.331718,278.211917,257
3,1335,262.870544,277.899780,262.906119,277.899174,257
3,1336,0.372557,316.094604,0.379005,316.102563,257
3,1337,197.408554,429.553101,197.409727,429.554754,257
3,1338,0.199151,164.516342,0.200275,164.513014,257
3,1339,197.105179,164.291138,197.130413,164.258081,257
3,1340,0.502553,429.778320,0.531028,429.748051,257
3,1341,164.612564,448.537933,164.611018,448.530216,257
3,1342,32.995140,145.531509,32.992660,145.518697,257
3,1343,164.265839,145.381378,164.281868,145.345750,257
3,1344,33.341839,448.688080,33.360949,448.656228,257
3,1345,109.938164,467.547791,109.941520,467.523075,257
3,1346,87.669655,126.521660,87.670839,126.491824,257
3,1347,109.548119,126.496635,109.552800,126.462490,257
3,1348,88.059700,467.572815,88.066903,467.543592,257
3,1349,252.039642,372.648712,252.058495,372.660007,257
3,1350,11.203439,221.345673,11.200416,221.355139,257
3,1351,251.866272,221.070435,251.907206,221.052078,257
3,1352,11.376787,372.923950,11.387876,372.919783,257
3,1353,241.122070,391.608490,241.135540,391.618707,257
3,1354,0.242503,202.410904,0.242339,202.417168,257
3,1355,240.905365,202.135651,240.944361,202.111258,257
3,1356,0.459202,391.883759,0.478645,391.870613,257
3,1357,262.957214,353.688934,262.982713,353.699573,257
3,1358,0.285854,240.305481,0.286158,240.316791,257
3,1359,262.827179,240.005203,262.870514,239.992131,257
3,1360,0.415851,353.989197,0.427947,353.988804,257
3,1361,230.204514,410.568329,230.213899,410.575711,257
3,1362,11.160088,183.451111,11.157880,183.452763,257
3,1363,229.944458,183.200867,229.981981,183.169657,257
3,1364,11.420137,410.818542,11.439028,410.799903,257
3,1365,131.816574,467.522736,131.817752,467.502074,257
3,1366,65.791191,126.546692,65.790585,126.520670,257
3,1367,131.426498,126.471619,131.436388,126.432679,257
3,1368,66.181236,467.597809,66.193952,467.563655,257
3,1369,186.490997,448.512939,186.491895,448.507615,257
3,1370,186.144272,145.356354,186.169400,145.315216,257
3,1371,273.831390,296.834564,273.870313,296.836684,257
3,1372,11.290084,297.134827,11.290671,297.146368,257
3,1373,273.874725,334.729126,273.908203,334.737367,257
3,1374,11.246733,259.240265,11.244646,259.253011,257
3,1375,273.788055,258.939972,273.834258,258.931420,257
3,1376,11.333435,335.029388,11.338419,335.035272,257
3,1377,219.286987,429.528107,219.293566,429.530968,257
3,1378,0.199151,164.516342,0.200275,164.513014,257
3,1379,218.983612,164.266113,219.020122,164.227314,257
3,1380,0.502553,429.778320,0.531028,429.748051,257
3,1381,153.695007,467.497742,153.695693,467.480644,257
3,1382,401.897186,456.673248,398.834854,456.282645,258
3,1383,407.707092,446.583618,404.228810,446.917239,258
3,1384,413.540039,456.659943,409.642282,456.269184,258
3,1385,388.886963,237.015991,388.430327,237.349911,267
3,1386,399.417389,255.207153,398.860832,255.368268,267
3,1387,378.356537,218.824814,378.000609,219.330237,267
3,1388,399.375732,218.800766,398.820822,219.305251,267
3,1389,378.398163,255.231186,378.042075,255.391476,267
3,1390,409.906189,236.991959,409.251337,237.325395,267
3,1391,367.867737,237.040024,367.612338,237.373573,267
3,1392,388.928589,273.422363,388.472596,273.408081,267
3,1393,388.845306,200.609619,388.391125,201.283840,267
3,1394,388.845306,200.609619,388.391125,201.283840,267
3,1395,388.928589,273.422363,388.472596,273.408081,267
3,1396,420.436615,255.183090,419.682614,255.344180,267
3,1397,357.337280,218.848862,357.183360,219.354368,267
3,1398,420.394989,218.776733,419.644124,219.279420,267
3,1399,357.378937,255.255219,357.226329,255.413837,267
3,1400,409.947815,273.398315,409.292124,273.385326,267
3,1401,367.826080,200.633652,367.571650,201.309270,267
3,1402,409.864563,200.585571,409.213657,201.257536,267
3,1403,367.909393,273.446381,367.656108,273.429990,267
3,1404,430.925415,236.967896,430.075384,237.299994,267
3,1405,346.848480,237.064072,346.797331,237.396400,267
3,1406,399.459045,291.613525,398.903929,291.423392,267
3,1407,378.314880,182.418442,377.962216,183.261090,267
3,1408,399.334106,182.394409,398.783954,183.234338,267
3,1409,378.439819,291.637543,378.086643,291.444851,267
3,1410,441.455841,255.159058,440.507435,255.319263,267
3,1411,336.318024,218.872894,336.369116,219.377636,267
3,1412,441.414215,218.752701,440.470446,219.252723,267
3,1413,336.359680,255.279282,336.413553,255.435382,267
3,1414,430.967072,273.374298,430.114708,273.361719,267
3,1415,346.806824,200.657700,346.755166,201.333858,267
3,1416,430.883759,200.561539,430.039179,201.230379,267
3,1417,346.890137,273.470459,346.842567,273.451085,267
3,1418,420.478271,291.589478,419.724231,291.401088,267
3,1419,357.295654,182.442490,357.143479,183.286993,267
3,1420,420.353333,182.370361,419.608734,183.206706,267
3,1421,357.420563,291.661621,357.272333,291.465497,267
3,1422,451.944672,236.943863,450.902508,237.273757,267
3,1423,325.829254,237.088120,325.985346,237.418383,267
3,1424,388.970215,309.828735,388.517933,309.458450,267
3,1425,388.803650,164.203247,388.355043,165.209824,267
3,1426,388.803650,164.203247,388.355043,165.209824,267
3,1427,388.970215,309.828735,388.517933,309.458450,267
3,1428,451.986267,273.350220,450.940306,273.337229,267
3,1429,325.787628,200.681732,325.941711,201.357582,267
3,1430,451.903015,200.537491,450.867815,201.202338,267
3,1431,325.870911,273.494476,326.032039,273.471315,267
3,1432,462.475098,255.135025,461.335336,255.293483,267
3,1433,315.298828,218.896927,315.557920,219.400058,267
3,1434,462.433441,218.728653,461.299830,219.225144,267
3,1435,315.340485,255.303314,315.603815,255.456061,267
3,1436,441.497467,291.565460,440.547564,291.377934,267
3,1437,336.276398,182.466522,336.327756,183.312025,267
3,1438,441.372589,182.346313,440.436597,183.178202,267
3,1439,336.401306,291.685638,336.461012,291.485279,267
3,1440,409.989441,309.804688,409.336019,309.437413,267
3,1441,367.784454,164.227280,367.534098,165.237038,267
3,1442,409.822906,164.179199,409.179083,165.181729,267
3,1443,367.951019,309.852783,367.702907,309.478621,267
3,1444,431.008667,309.780640,430.157098,309.415559,267
3,1445,346.765228,164.251328,346.716123,165.263401,267
3,1446,430.842102,164.155167,430.006122,165.152774,267
3,1447,346.931763,309.876801,346.890818,309.497957,267
3,1448,472.963867,236.919830,471.732642,237.246651,267
3,1449,304.810028,237.112152,305.176342,237.439513,267
3,1450,399.500671,328.019897,398.950087,327.470736,267
3,1451,378.273254,146.012070,377.926952,147.183975,267
3,1452,399.292480,145.988037,398.750227,147.155429,267
3,1453,378.481445,328.043945,378.134233,327.490460,267
3,1454,473.005493,273.326202,471.768959,273.311906,267
3,1455,304.768402,200.705780,305.131246,201.380472,267
3,1456,472.922241,200.513458,471.699497,201.173435,267
3,1457,304.851685,273.518524,305.224483,273.490714,267
3,1458,462.516724,291.541382,461.373968,291.353898,267
3,1459,315.257202,182.490570,315.515088,183.336219,267
3,1460,462.391815,182.322281,461.267504,183.148835,267
3,1461,315.382111,291.709686,315.652721,291.504231,267
3,1462,483.494293,255.110992,482.166278,255.266836,267
3,1463,483.452698,218.704605,482.132317,219.196690,267
3,1464,452.027893,309.756622,450.981209,309.392856,267
3,1465,451.861359,164.131119,450.836282,165.122928,267
3,1466,325.912537,309.900848,326.081735,309.516463,267
3,1467,420.519867,327.995850,419.768895,327.450147,267
3,1468,420.311676,145.963989,419.576497,147.125995,267
3,1469,357.462219,328.067963,357.321402,327.509351,267
3,1470,441.539124,327.971802,440.590779,327.428741,267
3,1471,493.983093,236.895782,492.565909,237.218658,267
3,1472,483.535950,291.517365,482.203404,291.329029,267
3,1473,494.024750,273.302155,492.600710,273.285716,267
3,1474,473.047150,309.732574,471.808395,309.369299,267
3,1475,400.025726,256.133759,400.013482,256.146892,60
3,1476,410.752838,274.664734,410.741695,274.678441,60
3,1477,389.298584,237.602768,389.285875,237.614340,60
3,1478,410.710449,237.578293,410.699416,237.589434,60
3,1479,389.340973,274.689209,389.329297,274.701989,60
3,1480,421.437592,256.109222,421.427617,256.122309,60
3,1481,378.613861,256.158234,378.601678,256.170789,60
3,1482,400.068146,293.220184,400.057548,293.232191,60
3,1483,399.983276,219.047287,399.971795,219.055497,60
3,1484,399.983276,219.047287,399.971795,219.055497,60
3,1485,400.068146,293.220184,400.057548,293.232191,60
3,1486,432.164734,274.640228,432.156455,274.654236,60
3,1487,367.886719,237.627243,367.874664,237.638588,60
3,1488,432.122314,237.553772,432.115297,237.563838,60
3,1489,367.929138,274.713684,367.919250,274.724885,60
3,1490,421.480011,293.195709,421.470543,293.208991,60
3,1491,378.571442,219.071777,378.558876,219.080770,60
3,1492,421.395172,219.022797,421.387109,219.029576,60
3,1493,378.656281,293.244659,378.646879,293.254739,60
3,1494,442.849457,256.084747,442.844095,256.097093,60
3,1495,357.201996,256.182709,357.192196,256.194033,60
3,1496,410.795258,311.751160,410.786376,311.761397,60
3,1497,389.256165,200.516312,389.244811,200.520594,60
3,1498,410.668060,200.491821,410.659531,200.494304,60
3,1499,389.383392,311.775665,389.375083,311.783627,60
3,1500,453.576599,274.615723,453.573532,274.629343,60
3,1501,346.474823,237.651749,346.465744,237.662195,60
3,1502,453.534210,237.529297,453.533557,237.537604,60
3,1503,346.517242,274.738190,346.511459,274.747159,60
3,1504,442.891876,293.171204,442.885874,293.185135,60
3,1505,357.159546,219.096268,357.148227,219.105383,60
3,1506,442.807037,218.998322,442.804744,219.002988,60
3,1507,357.244385,293.269165,357.238496,293.276667,60
3,1508,432.207153,311.726685,432.199970,311.738544,60
3,1509,367.844299,200.540802,367.832454,200.546205,60
3,1510,432.079895,200.467346,432.076543,200.467361,60
3,1511,367.971527,311.800140,367.966162,311.805181,60
3,1512,464.261353,256.060272,464.262955,256.071212,60
3,1513,335.790100,256.207214,335.784995,256.216655,60
3,1514,400.110565,330.306641,400.103974,330.311495,60
3,1515,399.940887,181.960846,399.932536,181.958019,60
3,1516,399.940887,181.960846,399.932536,181.958019,60
3,1517,400.110565,330.306641,400.103974,330.311495,60
3,1518,464.303772,293.146698,464.303579,293.160592,60
3,1519,335.747650,219.120758,335.739896,219.129327,60
3,1520,464.218903,218.973816,464.224739,218.975715,60
3,1521,335.832489,293.293640,335.832417,293.297922,60
3,1522,474.988464,274.591248,474.992964,274.603814,60
3,1523,325.062958,237.676239,325.059161,237.685152,60
3,1524,474.946045,237.504807,474.954123,237.510700,60
3,1525,325.105377,274.762665,325.105999,274.768760,60
3,1526,453.619019,311.702209,453.615901,311.715036,60
3,1527,346.432404,200.565292,346.422395,200.571171,60
3,1528,453.491791,200.442841,453.495968,200.439732,60
3,1529,346.559662,311.824646,346.559491,311.826092,60
3,1530,421.522400,330.282135,421.515810,330.289610,60
3,1531,378.529022,181.985321,378.518435,181.984650,60
3,1532,421.352753,181.936356,421.348982,181.930706,60
3,1533,378.698669,330.331116,378.694401,330.332705,60
3,1534,442.934296,330.257660,442.930031,330.267103,60
3,1535,357.117126,182.009827,357.106640,182.010630,60
3,1536,442.764648,181.911850,442.767812,181.902720,60
3,1537,357.286804,330.355621,357.287165,330.353273,60
3,1538,485.673218,256.035797,485.684150,256.044662,60
3,1539,314.378265,256.231689,314.380151,256.238603,60
3,1540,410.837708,348.837616,410.833412,348.838374,60
3,1541,389.213715,163.429871,389.206151,163.420718,60
3,1542,410.625610,163.405365,410.622034,163.393047,60
3,1543,389.425812,348.862091,389.423242,348.859241,60
3,1544,485.715637,293.122223,485.723615,293.135414,60
3,1545,314.335815,219.145233,314.333928,219.152619,60
3,1546,485.630798,218.949326,485.647133,218.947768,60
3,1547,314.420654,293.318146,314.428688,293.318537,60
3,1548,475.030884,311.677704,475.034209,311.690870,60
3,1549,325.020538,200.589783,325.014679,200.595466,60
3,1550,474.903656,200.418365,474.917735,200.411442,60
3,1551,325.147797,311.849121,325.155144,311.846363,60
3,1552,496.400360,274.566772,496.414791,274.577617,60
3,1553,303.651093,237.700714,303.654875,237.707447,60
3,1554,496.357941,237.480316,496.377119,237.483109,60
3,1555,303.693512,274.787170,303.702830,274.789719,60
3,1556,464.346191,330.233185,464.346593,330.243943,60
3,1557,335.705231,182.034302,335.697168,182.035935,60
3,1558,464.176514,181.887375,464.188981,181.874072,60
3,1559,335.874908,330.380127,335.882198,330.373229,60
3,1560,432.249573,348.813141,432.245876,348.816862,60
3,1561,367.801880,163.454346,367.792668,163.447705,60
3,1562,432.037445,163.380890,432.040214,163.364717,60
3,1563,368.013977,348.886597,368.015438,348.879466,60
3,1564,453.661438,348.788635,453.660671,348.794672,60
3,1565,346.389984,163.478836,346.381460,163.474041,60
3,1566,453.449341,163.356400,453.460815,163.335696,60
3,1567,346.602081,348.911102,346.609878,348.899081,60
3,1568,507.085083,256.011322,507.107721,256.017440,60
3,1569,292.966370,256.256195,292.977541,256.259908,60
3,1570,400.152954,367.393097,400.152712,367.384792,60
3,1571,399.898499,144.874390,399.895698,144.854369,60
3,1572,399.898499,144.874390,399.895698,144.854369,60
3,1573,400.152954,367.393097,400.152712,367.384792,60
3,1574,496.442780,311.653198,496.454877,311.666014,60
3,1575,303.608673,200.614273,303.609268,200.619123,60
3,1576,496.315521,200.393875,496.341881,200.382459,60
3,1577,303.735931,311.873627,303.753083,311.866026,60
3,1578,507.127502,293.097748,507.146019,293.109569,60
3,1579,292.923920,219.169739,292.930199,219.175291,60
3,1580,507.042633,218.924850,507.071853,218.919157,60
3,1581,293.008759,293.342651,293.027187,293.338542,60
3,1582,485.758026,330.208679,485.765449,330.220125,60
3,1583,314.293396,182.058792,314.290065,182.060597,60
3,1584,485.588379,181.862869,485.612527,181.844729,60
3,1585,314.463074,330.404602,314.479575,330.392522,60
3,1586,421.564819,367.368591,421.563454,367.364268,60
3,1587,378.486603,144.898880,378.480405,144.882384,60
3,1588,421.310333,144.849899,421.313286,144.825666,60
3,1589,378.741089,367.417603,378.744282,367.404704,60
3,1590,517.812195,274.542297,517.838940,274.550749,60
3,1591,282.239227,237.725204,282.252878,237.729099,60
3,1592,517.769836,237.455826,517.802499,237.454841,60
3,1593,282.281647,274.811676,282.301942,274.810069,60
3,1594,475.073334,348.764160,475.077837,348.771858,60
3,1595,324.978119,163.503326,324.972602,163.499700,60
3,1596,474.861206,163.331909,474.883763,163.306008,60
3,1597,325.190216,348.935577,325.206635,348.918033,60
3,1598,442.976715,367.344116,442.976547,367.343099,60
3,1599,357.074738,144.923370,357.067481,144.909743,60
3,1600,442.722229,144.825409,442.733293,144.796284,60
3,1601,357.329224,367.442078,357.338155,367.423950,60
3,1602,335.662842,144.947845,335.656859,144.936421,60
3,1603,464.134125,144.800919,464.155673,144.766234,60
3,1604,528.496948,255.986801,528.533707,255.989513,60
3,1605,389.171295,126.343399,389.169918,126.314654,60
3,1606,410.583191,126.318909,410.586972,126.285590,60
3,1607,517.727417,200.369370,517.768447,200.352792,60
3,1608,507.000275,181.838394,507.038491,181.814717,60
3,1609,399.291260,256.268921,399.287773,256.276853,269
3,1610,409.351440,273.647797,409.351255,273.659326,269
3,1611,389.231049,238.890060,389.225286,238.892739,269
3,1612,409.311707,238.867111,409.312529,238.868596,269
3,1613,389.270813,273.670776,389.265884,273.681245,269
3,1614,419.371887,256.245941,419.375991,256.253259,269
3,1615,379.210602,256.291901,379.203376,256.299344,269
3,1616,399.331055,291.049622,399.329409,291.061511,269
3,1617,399.251465,221.488205,399.250038,221.482232,269
3,1618,399.251465,221.488205,399.250038,221.482232,269
3,1619,399.331055,291.049622,399.329409,291.061511,269
3,1620,429.432129,273.624847,429.440476,273.636331,269
3,1621,369.150391,238.913025,369.141859,238.915803,269
3,1622,429.392334,238.844116,429.403605,238.843342,269
3,1623,369.190186,273.693726,369.184344,273.702094,269
3,1624,419.411682,291.026672,419.415757,291.040162,269
3,1625,379.170837,221.511185,379.163792,221.506965,269
3,1626,419.332123,221.465256,419.340166,221.456426,269
3,1627,379.250397,291.072601,379.246869,291.081792,269
3,1628,439.452545,256.222992,439.468045,256.228607,269
3,1629,359.129944,256.314850,359.122780,256.320764,269
3,1630,409.391235,308.428497,409.393899,308.440147,269
3,1631,389.191254,204.109360,389.188570,204.094256,269
3,1632,409.271942,204.086380,409.277726,204.067857,269
3,1633,389.310577,308.451477,389.310356,308.459887,269
3,1634,449.512787,273.601868,449.533511,273.612228,269
3,1635,349.069733,238.935989,349.062204,238.937808,269
3,1636,449.473022,238.821167,449.498560,238.817023,269
3,1637,349.109528,273.716705,349.106539,273.721907,269
3,1638,439.492340,291.003723,439.505932,291.017739,269
3,1639,359.090179,221.534149,359.081307,221.530618,269
3,1640,439.412781,221.442291,439.434116,221.429528,269
3,1641,359.169708,291.095581,359.168095,291.101037,269
3,1642,429.471893,308.405548,429.481227,308.419366,269
3,1643,369.110596,204.132309,369.103266,204.119554,269
3,1644,429.352539,204.063416,429.370675,204.040377,269
3,1645,369.229950,308.474457,369.230662,308.478540,269
3,1646,459.533203,256.200043,459.563981,256.202866,269
3,1647,339.049286,256.337830,339.045942,256.341145,269
3,1648,399.211700,186.707520,399.216261,186.677628,269
3,1649,399.211700,186.707520,399.216261,186.677628,269
3,1650,339.009491,221.557114,339.002616,221.553183,269
3,1651,339.089050,291.118530,339.093094,291.119199,269
3,1652,595.206360,274.467651,595.224010,274.487476,85
3,1653,604.046936,289.739563,604.088352,289.795547,85
3,1654,586.365784,259.195709,586.361277,259.176845,85
3,1655,604.011963,259.175537,604.054517,259.154982,85
3,1656,586.400757,289.759735,586.398117,289.813832,85
3,1657,612.852539,274.447449,612.918803,274.466527,85
3,1658,577.560242,274.487823,577.535374,274.506670,85
3,1659,595.171448,243.903610,595.191799,243.840877,85
3,1660,595.171448,243.903610,595.191799,243.840877,85
3,1661,568.719666,259.215912,568.674189,259.196951,85
3,1662,621.658081,259.155334,621.753844,259.131398,85
3,1663,568.754578,289.779907,568.713969,289.830397,85
3,1664,577.525269,243.923798,577.500107,243.863645,85
3,1665,612.817566,243.883423,612.889572,243.816361,85
3,1666,559.914062,274.507996,559.852773,274.524142,85
3,1667,387.134247,275.398010,387.136320,275.406539,97
3,1668,396.570282,291.698547,396.579020,291.714938,97
3,1669,377.698273,259.097443,377.694949,259.095990,97
3,1670,396.532959,259.075928,396.542670,259.073116,97
3,1671,377.735596,291.720062,377.733743,291.734908,97
3,1672,405.968933,275.376465,405.985320,275.384415,97
3,1673,368.299591,275.419525,368.292346,275.427254,97
3,1674,387.171570,308.020630,387.176413,308.040445,97
3,1675,387.096954,242.775375,387.101327,242.759659,97
3,1676,387.096954,242.775375,387.101327,242.759659,97
3,1677,387.171570,308.020630,387.176413,308.040445,97
3,1678,415.404938,291.677002,415.429303,291.693563,97
3,1679,358.863586,259.118988,358.852225,259.117454,97
3,1680,415.367645,259.054352,415.395410,259.048798,97
3,1681,358.900879,291.741638,358.893423,291.753503,97
3,1682,406.006256,307.999084,406.022998,308.021195,97
3,1683,368.262299,242.796921,368.254881,242.783286,97
3,1684,405.931641,242.753845,405.952787,242.734612,97
3,1685,368.336914,308.042175,368.334865,308.058273,97
3,1686,424.803650,275.354919,424.839369,275.360875,97
3,1687,349.464905,275.441101,349.453301,275.446594,97
3,1688,377.660980,226.474823,377.661291,226.444026,97
3,1689,340.028900,259.140564,340.014450,259.137541,97
3,1690,349.427582,242.818466,349.413403,242.805514,97
3,1691,364.282379,276.488525,364.270011,276.502219,144
3,1692,375.093811,295.165161,375.082550,295.179409,144
3,1693,353.470917,257.811920,353.457998,257.824116,144
3,1694,375.051056,257.787262,375.040657,257.798622,144
3,1695,353.513641,295.189850,353.500898,295.203701,144
3,1696,385.862488,276.463867,385.853184,276.477042,144
3,1697,342.702209,276.513245,342.688901,276.526827,144
3,1698,364.325134,313.866455,364.313475,313.879665,144
3,1699,364.239624,239.110641,364.228684,239.119284,144
3,1700,364.239624,239.110641,364.228684,239.119284,144
3,1701,364.325134,313.866455,364.313475,313.879665,144
3,1702,396.673950,295.140472,396.666295,295.154549,144
3,1703,331.890747,257.836639,331.877428,257.849042,144
3,1704,396.631195,257.762573,396.625442,257.772526,144
3,1705,331.933472,295.214539,331.921356,295.227372,144
3,1706,385.905243,313.841797,385.895614,313.855716,144
3,1707,342.659454,239.135330,342.646538,239.145112,144
3,1708,385.819763,239.085968,385.812927,239.092869,144
3,1709,342.744965,313.891144,342.733392,313.903021,144
3,1710,407.442627,276.439178,407.438514,276.451266,144
3,1711,321.122070,276.537903,321.109928,276.550814,144
3,1712,375.136566,332.543091,375.126575,332.554722,144
3,1713,353.428162,220.434036,353.417239,220.439027,144
3,1714,375.008331,220.409348,375.000969,220.412277,144
3,1715,353.556427,332.567749,353.545977,332.577765,144
3,1716,418.254120,295.115814,418.252171,295.129091,144
3,1717,310.310638,257.861298,310.299022,257.873345,144
3,1718,418.211334,257.737885,418.212364,257.745798,144
3,1719,310.353363,295.239197,310.343974,295.250454,144
3,1720,407.485413,313.817078,407.479933,313.831145,144
3,1721,321.079315,239.160019,321.066535,239.170341,144
3,1722,407.399902,239.061295,407.399305,239.065849,144
3,1723,321.164795,313.915802,321.155440,313.925790,144
3,1724,396.716736,332.518402,396.709317,332.531088,144
3,1725,331.847992,220.458710,331.835631,220.465161,144
3,1726,396.588440,220.384659,396.586776,220.384921,144
3,1727,331.976257,332.592468,331.967456,332.600249,144
3,1728,429.022797,276.414520,429.026011,276.424886,144
3,1729,299.541931,276.562592,299.533055,276.574211,144
3,1730,364.367889,351.244354,364.359113,351.251604,144
3,1731,364.196869,201.732727,364.189540,201.730777,144
3,1732,364.196869,201.732727,364.189540,201.730777,144
3,1733,364.367889,351.244354,364.359113,351.251604,144
3,1734,429.065552,313.792419,429.066357,313.806003,144
3,1735,299.499176,239.184692,299.488637,239.194962,144
3,1736,428.980042,239.036591,428.987827,239.038192,144
3,1737,299.584656,313.940521,299.579583,313.948002,144
3,1738,439.834259,295.091125,439.840187,295.103029,144
3,1739,288.730469,257.885986,288.722657,257.897057,144
3,1740,439.791473,257.713196,439.801433,257.718491,144
3,1741,288.773193,295.263916,288.768626,295.272979,144
3,1742,418.296844,332.493713,418.294127,332.506831,144
3,1743,310.267883,220.483383,310.256194,220.490695,144
3,1744,418.168610,220.359985,418.174782,220.356970,144
3,1745,310.396149,332.617126,310.391088,332.622120,144
3,1746,385.947998,351.219696,385.940228,351.228874,144
3,1747,342.616699,201.757416,342.606348,201.757848,144
3,1748,385.777008,201.708054,385.774834,201.703112,144
3,1749,342.787720,351.269073,342.780048,351.273777,144
3,1750,407.528168,351.195007,407.523517,351.205553,144
3,1751,321.036560,201.782089,321.025306,201.784303,144
3,1752,407.357178,201.683365,407.362297,201.674824,144
3,1753,321.207581,351.293732,321.203110,351.295337,144
3,1754,450.602936,276.389801,450.615627,276.397871,144
3,1755,277.961792,276.587280,277.958273,276.597049,144
3,1756,375.179321,369.920990,375.172770,369.924572,144
3,1757,353.385406,183.056122,353.378667,183.048351,144
3,1758,374.965576,183.031433,374.963450,183.020349,144
3,1759,353.599182,369.945679,353.593190,369.946404,144
3,1760,450.645691,313.767731,450.654922,313.780259,144
3,1761,277.919037,239.209366,277.912836,239.218991,144
3,1762,450.560211,239.011917,450.578532,239.009951,144
3,1763,278.004517,313.965179,278.005811,313.969603,144
3,1764,439.877014,332.469025,439.881128,332.482005,144
3,1765,288.687714,220.508087,288.678803,220.515662,144
3,1766,439.748749,220.335312,439.764912,220.328406,144
3,1767,288.815979,332.641815,288.816749,332.643410,144
3,1768,461.414429,295.066437,461.430382,295.076334,144
3,1769,267.150330,257.910675,267.148409,257.920211,144
3,1770,461.371643,257.688538,461.392686,257.690573,144
3,1771,267.193054,295.288574,267.195390,295.294893,144
3,1772,429.108307,351.170349,429.108904,351.181639,144
3,1773,299.456421,201.806778,299.446376,201.810171,144
3,1774,428.937286,201.658691,428.951853,201.645936,144
3,1775,299.627441,351.318420,299.628261,351.316317,144
3,1776,396.759460,369.896301,396.754461,369.902125,144
3,1777,331.805237,183.080795,331.796013,183.075731,144
3,1778,396.545715,183.006760,396.550343,182.991750,144
3,1779,332.019012,369.970337,332.015680,369.967655,144
3,1780,418.339600,369.871613,418.338270,369.879116,144
3,1781,310.225128,183.105484,310.215535,183.102521,144
3,1782,418.125854,182.982071,418.139385,182.962522,144
3,1783,310.438904,369.995026,310.440318,369.988325,144
3,1784,472.183105,276.365143,472.207402,276.370274,144
3,1785,256.381622,276.611969,256.385542,276.619276,144
3,1786,364.410614,388.622284,364.406851,388.618135,144
3,1787,364.154144,164.354813,364.152625,164.336670,144
3,1788,364.154144,164.354813,364.152625,164.336670,144
3,1789,364.410614,388.622284,364.406851,388.618135,144
3,1790,461.457184,332.444366,461.470273,332.456579,144
3,1791,267.107574,220.532761,267.103535,220.540009,144
3,1792,461.328888,220.310623,461.357204,220.299212,144
3,1793,267.235840,332.666473,267.244516,332.664123,144
3,1794,472.225861,313.743073,472.245669,313.753911,144
3,1795,256.338867,239.234055,256.339093,239.242446,144
3,1796,472.140320,238.987244,472.171345,238.981095,144
3,1797,256.424347,313.989868,256.434085,313.990626,144
3,1798,450.688446,351.145630,450.696427,351.157100,144
3,1799,277.876282,201.831467,277.869547,201.835444,144
3,1800,450.517456,201.634003,450.543627,201.616416,144
3,1801,278.047302,351.343109,278.055490,351.336748,144
3,1802,385.990753,388.597626,385.986978,388.596612,144
3,1803,342.573975,164.379501,342.568380,164.364996,144
3,1804,385.734253,164.330139,385.738950,164.307746,144
3,1805,342.830444,388.646973,342.828797,388.639076,144
3,1806,482.994568,295.041748,483.022709,295.049057,144
3,1807,245.570160,257.935364,245.576212,257.942751,144
3,1808,482.951782,257.663849,482.986078,257.662040,144
3,1809,245.612900,295.313263,245.624198,295.316227,144
3,1810,439.919769,369.846954,439.924236,369.855516,144
3,1811,288.644958,183.130157,288.637110,183.128697,144
3,1812,439.706024,182.957382,439.730614,182.932677,144
3,1813,288.858734,370.019714,288.866979,370.008448,144
3,1814,407.570923,388.572906,407.569245,388.574476,144
3,1815,320.993835,164.404175,320.986290,164.392700,144
3,1816,407.314423,164.305450,407.327479,164.278192,144
3,1817,321.250305,388.671661,321.252863,388.659466,144
3,1818,429.151031,388.548248,429.153576,388.551779,144
3,1819,299.413696,164.428864,299.406318,164.419813,144
3,1820,428.894531,164.280777,428.918108,164.248034,144
3,1821,299.670166,388.696350,299.679013,388.679253,144
3,1822,493.763245,276.340454,493.801374,276.342063,144
3,1823,234.801483,276.636627,234.814912,276.640923,144
3,1824,375.222076,407.298889,375.221089,407.288970,144
3,1825,353.342682,145.678207,353.342331,145.652059,144
3,1826,374.922821,145.653519,374.928146,145.622794,144
3,1827,353.641907,407.323578,353.642489,407.309603,144
3,1828,483.037292,332.419678,483.061516,332.430547,144
3,1829,245.527405,220.557434,245.530323,220.563766,144
3,1830,482.909058,220.285934,482.951697,220.269398,144
3,1831,245.655655,332.691162,245.674322,332.684290,144
3,1832,472.268616,351.120972,472.286126,351.131990,144
3,1833,256.296112,201.856140,256.294782,201.860108,144
3,1834,472.097595,201.609329,472.137543,201.586291,144
3,1835,256.467133,351.367798,256.484760,351.356578,144
3,1836,234.758728,239.258743,234.767455,239.265316,144
3,1837,234.844223,314.014557,234.864454,314.011102,144
3,1838,267.064819,183.154846,267.060813,183.154289,144
3,1839,461.286163,182.932709,461.323983,182.902224,144
3,1840,267.278595,370.044403,267.295741,370.027970,144
3,1841,396.802216,407.274231,396.801765,407.267757,144
3,1842,331.762512,145.702881,331.758621,145.680697,144
3,1843,396.502991,145.628845,396.516135,145.592928,144
3,1844,332.061737,407.348267,332.065983,407.329686,144
3,1845,223.990021,257.960022,224.006113,257.964711,144
3,1846,224.032761,295.337952,224.055100,295.337014,144
3,1847,277.833557,164.453552,277.828453,164.446325,144
3,1848,278.090027,388.721008,278.107235,388.698467,144
3,1849,310.182404,145.727570,310.177094,145.708739,144
3,1850,310.481628,407.372955,310.491618,407.349166,144
3,1851,234.715973,201.880829,234.722129,201.884198,144
3,1852,178.883743,276.979309,178.866504,276.996375,109
3,1853,189.874573,295.965881,189.858014,295.983359,109
3,1854,167.892838,257.992706,167.875372,258.008641,109
3,1855,189.831131,257.967621,189.815436,257.982815,109
3,1856,167.936279,295.990967,167.918744,296.008236,109
3,1857,200.822037,276.954193,200.806990,276.970766,109
3,1858,156.945419,277.004395,156.927627,277.021497,109
3,1859,178.927185,314.977539,178.910324,314.994258,109
3,1860,178.840271,238.981049,178.824347,238.994154,109
3,1861,178.840271,238.981049,178.824347,238.994154,109
3,1862,178.927185,314.977539,178.910324,314.994258,109
3,1863,211.812866,295.940796,211.798922,295.958024,109
3,1864,145.954529,258.017822,145.936914,258.034038,109
3,1865,211.769424,257.942535,211.757143,257.956526,109
3,1866,145.997971,296.016052,145.981077,296.032658,109
3,1867,200.865479,314.952454,200.850016,314.969625,109
3,1868,156.901947,239.006149,156.884674,239.020242,109
3,1869,200.778564,238.955963,200.765633,238.967604,109
3,1870,156.988861,315.002625,156.972236,315.018436,109
3,1871,222.760330,276.929108,222.749119,276.944725,109
3,1872,135.007126,277.029480,134.990408,277.046163,109
3,1873,189.918045,333.964111,189.902309,333.979563,109
3,1874,167.849380,219.994461,167.833666,220.004739,109
3,1875,189.787674,219.969376,189.774531,219.977955,109
3,1876,167.979752,333.989227,167.963827,334.003527,109
3,1877,233.751160,295.915680,233.741475,295.932200,109
3,1878,124.016258,258.042908,124.000142,258.058949,109
3,1879,233.707718,257.917450,233.700500,257.929774,109
3,1880,124.059700,296.041168,124.045091,296.056656,109
3,1881,222.803772,314.927368,222.791348,314.944535,109
3,1882,134.963654,239.031235,134.946664,239.045856,109
3,1883,222.716858,238.930878,222.708567,238.940603,109
3,1884,135.050568,315.027740,135.035802,315.042191,109
3,1885,211.856339,333.939026,211.842424,333.955173,109
3,1886,145.911057,220.019547,145.894411,220.031060,109
3,1887,211.725967,219.944275,211.717044,219.950691,109
3,1888,146.041428,334.014313,146.026944,334.027011,109
3,1889,244.698624,276.904022,244.692901,276.918220,109
3,1890,113.068863,277.054565,113.054841,277.070376,109
3,1891,178.970657,352.975800,178.955851,352.987876,109
3,1892,178.796799,200.982803,178.783896,200.987578,109
3,1893,178.796799,200.982803,178.783896,200.987578,109
3,1894,178.970657,352.975800,178.955851,352.987876,109
3,1895,244.742065,314.902252,244.734327,314.918956,109
3,1896,113.025391,239.056320,113.010309,239.071013,109
3,1897,244.655151,238.905777,244.653157,238.913121,109
3,1898,113.112328,315.052826,113.101044,315.065467,109
3,1899,255.689484,295.890594,255.685711,295.905942,109
3,1900,102.077934,258.067993,102.064934,258.083406,109
3,1901,255.646042,257.892365,255.645544,257.902555,109
3,1902,102.121407,296.066254,102.110694,296.080174,109
3,1903,233.794632,333.913940,233.784181,333.930327,109
3,1904,123.972786,220.044647,123.956847,220.056936,109
3,1905,233.664261,219.919189,233.661211,219.922959,109
3,1906,124.103165,334.039398,124.091738,334.050045,109
3,1907,200.908951,352.950684,200.894756,352.964154,109
3,1908,156.858475,201.007889,156.843420,201.014611,109
3,1909,200.735092,200.957703,200.725988,200.960064,109
3,1910,157.032333,353.000885,157.018545,353.011118,109
3,1911,222.847244,352.925598,222.835296,352.940007,109
3,1912,134.920181,201.032990,134.904612,201.041195,109
3,1913,222.673386,200.932617,222.669734,200.932096,109
3,1914,135.094040,353.025970,135.082890,353.033912,109
3,1915,266.636932,276.878937,266.638370,276.891248,109
3,1916,91.130539,277.079681,91.120831,277.094166,109
3,1917,189.961517,371.962372,189.948278,371.971514,109
3,1918,167.805908,181.996216,167.793669,181.996455,109
3,1919,189.744202,181.971130,189.735342,181.968706,109
3,1920,168.023224,371.987457,168.010578,371.994515,109
3,1921,266.680389,314.877167,266.678989,314.892943,109
3,1922,91.087067,239.081421,91.075516,239.095729,109
3,1923,266.593475,238.880676,266.599440,238.885169,109
3,1924,91.174011,315.077911,91.167810,315.088296,109
3,1925,255.732956,333.888824,255.727615,333.904993,109
3,1926,102.034523,220.069748,102.020908,220.082353,109
3,1927,255.602585,219.894104,255.607070,219.894771,109
3,1928,102.164871,334.064484,102.158115,334.072633,109
3,1929,277.627777,295.865509,277.631578,295.879218,109
3,1930,80.139610,258.093079,80.131340,258.107440,109
3,1931,277.584351,257.867249,277.592223,257.874837,109
3,1932,80.183083,296.091339,80.177876,296.103245,109
3,1933,244.785538,352.900513,244.777479,352.915404,109
3,1934,112.981918,201.058075,112.967463,201.067304,109
3,1935,244.611679,200.907532,244.615140,200.903643,109
3,1936,113.155739,353.051086,113.148848,353.056288,109
3,1937,211.899811,371.937256,211.887607,371.948033,109
3,1938,145.867584,182.021317,145.853611,182.023753,109
3,1939,211.682495,181.946030,211.678668,181.940472,109
3,1940,146.084900,372.012543,146.074471,372.017069,109
3,1941,233.838104,371.912201,233.828573,371.924128,109
3,1942,123.929321,182.046387,123.915247,182.050572,109
3,1943,233.620789,181.920929,233.623652,181.911767,109
3,1944,124.146637,372.037659,124.140038,372.039205,109
3,1945,288.575226,276.853821,288.585477,276.863780,109
3,1946,69.192215,277.104736,69.188429,277.117479,109
3,1947,179.014099,390.974030,179.003012,390.977203,109
3,1948,178.753357,162.984558,178.745193,162.976614,109
3,1949,178.753357,162.984558,178.745193,162.976614,109
3,1950,179.014099,390.974030,179.003012,390.977203,109
3,1951,277.671265,333.863770,277.672676,333.879226,109
3,1952,80.096199,220.094818,80.086529,220.107301,109
3,1953,277.540863,219.869019,277.554569,219.866110,109
3,1954,80.226555,334.089600,80.226069,334.094806,109
3,1955,288.618683,314.852081,288.625284,314.866466,109
3,1956,69.148743,239.106506,69.142336,239.119993,109
3,1957,288.531769,238.855591,288.547365,238.856758,109
3,1958,69.235687,315.102997,69.236181,315.110680,109
3,1959,266.723846,352.875458,266.721341,352.890343,109
3,1960,91.043594,201.083160,91.031881,201.092968,109
3,1961,266.550018,200.882446,266.562244,200.874730,109
3,1962,91.217422,353.076172,91.216384,353.078192,109
3,1963,200.952393,390.948975,200.941137,390.954442,109
3,1964,156.815033,163.009628,156.803908,163.004615,109
3,1965,200.691650,162.959457,200.688100,162.948129,109
3,1966,157.075775,390.999115,157.066483,390.999517,109
3,1967,299.566101,295.840393,299.579142,295.851997,109
3,1968,58.201290,258.118164,58.199352,258.130996,109
3,1969,299.522675,257.842163,299.540604,257.846677,109
3,1970,58.244759,296.116425,58.246662,296.125870,109
3,1971,255.776428,371.887115,255.771213,371.899768,109
3,1972,101.991051,182.071487,101.978514,182.076943,109
3,1973,255.559113,181.895844,255.570333,181.882602,109
3,1974,102.208344,372.062744,102.207185,372.060870,109
3,1975,222.890686,390.923889,222.880892,390.931231,109
3,1976,134.876740,163.034729,134.864295,163.032163,109
3,1977,222.629944,162.934372,222.632664,162.919185,109
3,1978,135.137482,391.024231,135.131599,391.021415,109
3,1979,244.828979,390.898773,244.822286,390.907538,109
3,1980,112.938454,163.059814,112.926318,163.059231,109
3,1981,244.568237,162.909271,244.578893,162.889752,109
3,1982,113.199211,391.049316,113.198354,391.042842,109
3,1983,310.513519,276.828735,310.534257,276.835869,109
3,1984,47.253891,277.129822,47.257628,277.140346,109
3,1985,190.004959,409.960632,189.995878,409.959185,109
3,1986,167.762466,143.997955,167.755425,143.983772,109
3,1987,189.700760,143.972870,189.697914,143.955049,109
3,1988,168.066666,409.985718,168.058953,409.981260,109
3,1989,299.609589,333.838684,299.619430,333.852995,109
3,1990,58.157879,220.119919,58.153762,220.131811,109
3,1991,299.479187,219.843903,299.503774,219.836943,109
3,1992,58.288231,334.114685,58.295621,334.116507,109
3,1993,288.662140,352.850342,288.666832,352.864791,109
3,1994,69.105278,201.108261,69.097916,201.118177,109
3,1995,288.488312,200.857346,288.510994,200.845326,109
3,1996,69.279099,353.101257,69.285520,353.099655,109
3,1997,310.556976,314.826996,310.573249,314.839493,109
3,1998,47.210423,239.131592,47.210761,239.143793,109
3,1999,310.470062,238.830505,310.496969,238.827872,109
3,2000,47.297363,315.128113,47.306148,315.132650,109
3,2001,277.714722,371.862030,277.715475,371.874950,109
3,2002,80.052727,182.096573,80.043345,182.102841,109
3,2003,277.497406,181.870758,277.518658,181.852945,109
3,2004,80.270020,372.087830,80.275903,372.082094,109
3,2005,211.943253,409.935547,211.934428,409.936663,109
3,2006,145.824142,144.023056,145.814556,144.012039,109
3,2007,211.639053,143.947784,211.642058,143.925838,109
3,2008,146.128342,410.010803,146.123618,410.002920,109
3,2009,321.504364,295.815338,321.528324,295.824335,109
3,2010,36.262966,258.143250,36.268964,258.154105,109
3,2011,321.460938,257.817078,321.490608,257.818042,109
3,2012,36.306438,296.141510,36.317043,296.148081,109
3,2013,266.767303,390.873688,266.765354,390.883420,109
3,2014,91.000130,163.084915,90.989940,163.085852,109
3,2015,266.506561,162.884186,266.526824,162.859856,109
3,2016,91.260887,391.074402,91.266654,391.063828,109
3,2017,233.881546,409.910461,233.874610,409.913692,109
3,2018,123.885880,144.048141,123.875387,144.039824,109
3,2019,233.577347,143.922684,233.587867,143.896151,109
3,2020,124.190079,410.035889,124.189951,410.024108,109
3,2021,179.057556,428.972290,179.051853,428.962299,109
3,2022,178.709885,124.986290,178.708197,124.961216,109
3,2023,178.709885,124.986290,178.708197,124.961216,109
3,2024,179.057556,428.972290,179.051853,428.962299,109
3,2025,310.600433,352.825256,310.613987,352.838805,109
3,2026,47.166954,201.133347,47.165560,201.142918,109
3,2027,310.426605,200.832245,310.461428,200.815442,109
3,2028,47.340775,353.126343,47.356249,353.120678,109
3,2029,321.547852,333.813599,321.567797,333.826296,109
3,2030,36.219555,220.145020,36.222599,220.155870,109
3,2031,321.417450,219.818817,321.454606,219.807327,109
3,2032,36.349907,334.139771,36.366765,334.137769,109
3,2033,299.653046,371.836914,299.661425,371.849642,109
3,2034,58.114407,182.121674,58.109791,182.128298,109
3,2035,299.435730,181.845673,299.468694,181.822822,109
3,2036,58.331699,372.112915,58.346216,372.102880,109
3,2037,255.819870,409.885376,255.816462,409.890269,109
3,2038,101.947586,144.073242,101.937823,144.067158,109
3,2039,255.515671,143.897598,255.535376,143.866000,109
3,2040,102.251816,410.060974,102.257889,410.044858,109
3,2041,200.995850,428.947205,200.989203,428.940462,109
3,2042,156.771561,125.011368,156.766096,124.990192,109
3,2043,200.648178,124.961189,200.651924,124.931751,109
3,2044,157.119247,428.997406,157.116093,428.983721,109
3,2045,332.451813,276.803650,332.484720,276.807483,109
3,2046,25.315628,277.154938,25.328479,277.162798,109
3,2047,332.495270,314.801910,332.522891,314.812078,109
3,2048,25.272158,239.156677,25.280842,239.167146,109
3,2049,332.408356,238.805420,332.448259,238.798494,109
3,2050,25.359098,315.153168,25.377763,315.154151,109
3,2051,288.705597,390.848602,288.710047,390.858844,109
3,2052,69.061806,163.110016,69.055183,163.112014,109
3,2053,288.444855,162.859085,288.476406,162.829465,109
3,2054,69.322571,391.099518,69.336550,391.084405,109
3,2055,222.934143,428.922119,222.928180,428.918178,109
3,2056,134.833267,125.036469,134.825671,125.018712,109
3,2057,222.586472,124.936104,222.597313,124.901824,109
3,2058,135.180954,429.022461,135.181976,429.004673,109
3,2059,343.442688,295.790253,343.479247,295.796199,109
3,2060,14.324703,258.168365,14.340226,258.176799,109
3,2061,343.399261,257.791962,343.442357,257.788900,109
3,2062,14.368173,296.166595,14.389070,296.169822,109
3,2063,277.758179,409.860260,277.759932,409.866362,109
3,2064,80.009262,144.098328,80.001857,144.094015,109
3,2065,277.453949,143.872498,277.484535,143.835353,109
3,2066,80.313492,410.086090,80.327366,410.065199,109
3,2067,244.872437,428.897003,244.868791,428.895417,109
3,2068,112.895035,125.061554,112.886944,125.046749,109
3,2069,244.524765,124.911011,244.544372,124.871403,109
3,2070,113.242683,429.047546,113.249492,429.025186,109
3,2071,190.048431,447.958893,190.045153,447.942664,109
3,2072,167.718994,105.999710,167.718891,105.966657,109
3,2073,189.657288,105.974625,189.662201,105.936951,109
3,2074,168.110138,447.983978,168.108998,447.963821,109
3,2075,332.538727,352.800171,332.562816,352.812353,109
3,2076,25.228687,201.158447,25.234865,201.167223,109
3,2077,332.364899,200.807159,332.413552,200.785092,109
3,2078,25.402512,353.151459,25.428621,353.141294,109
3,2079,321.591309,371.811829,321.608984,371.823900,109
3,2080,36.176086,182.146759,36.177846,182.153285,109
3,2081,321.373993,181.820572,321.420362,181.792203,109
3,2082,36.393379,372.138031,36.418116,372.123259,109
3,2083,343.486176,333.788483,343.517901,333.799100,109
3,2084,14.281291,220.170105,14.293090,220.179466,109
3,2085,343.355774,219.793732,343.407189,219.777230,109
3,2086,14.411643,334.164856,14.439550,334.158594,109
3,2087,310.643890,390.823517,310.656400,390.833808,109
3,2088,47.123482,163.135101,47.122040,163.137703,109
3,2089,310.383148,162.834000,310.427677,162.798590,109
3,2090,47.384247,391.124603,47.408034,391.104519,109
3,2091,211.986725,447.933807,211.982930,447.921065,109
3,2092,145.780670,106.024811,145.777205,105.995902,109
3,2093,211.595581,105.949532,211.607173,105.906754,109
3,2094,146.171814,448.009064,146.174427,447.984536,109
3,2095,266.810760,428.871918,266.811073,428.872234,109
3,2096,90.956718,125.086647,90.949763,125.074335,109
3,2097,266.463104,124.885925,266.493138,124.840515,109
3,2098,91.304359,429.072662,91.318549,429.045291,109
3,2099,354.390137,276.778564,354.436901,276.778593,109
3,2100,3.377306,277.180023,3.400860,277.184780,109
3,2101,3.333836,239.181778,3.352457,239.190069,109
3,2102,3.420775,315.178253,3.450903,315.175215,109
3,2103,299.696472,409.835175,299.705085,409.842028,109
3,2104,58.070938,144.123413,58.067511,144.120425,109
3,2105,58.375172,410.111176,58.398433,410.085076,109
3,2106,233.925018,447.908691,233.922336,447.898990,109
3,2107,123.842407,106.049889,123.837223,106.024661,109
3,2108,233.533875,105.924431,233.553812,105.876077,109
3,2109,124.233551,448.034149,124.241521,448.004813,109
3,2110,14.324703,258.168365,14.340226,258.176799,109
3,2111,14.368173,296.166595,14.389070,296.169822,109
3,2112,69.018394,125.111748,69.014208,125.101456,109
3,2113,69.366035,429.097748,69.389198,429.064933,109
3,2114,102.295227,448.059235,102.310157,448.024684,109
3,2115,14.237821,182.171860,14.247560,182.177836,109
3,2116,14.455113,372.163116,14.491654,372.143175,109
3,2117,3.290365,201.183533,3.305707,201.191064,109
3,2118,3.464188,353.176544,3.502515,353.161447,109
3,2119,25.445980,391.149689,25.481157,391.124199,109
3,2120,14.281291,220.170105,14.293090,220.179466,109
3,2121,14.411643,334.164856,14.439550,334.158594,109
3,2122,3.377306,277.180023,3.400860,277.184780,109
3,2123,3.333836,239.181778,3.352457,239.190069,109
3,2124,3.420775,315.178253,3.450903,315.175215,109
3,2125,446.979156,378.068878,448.580298,376.865106,33
3,2126,455.500732,392.789764,458.004796,393.144311,33
3,2127,438.457581,363.348022,439.157085,360.583759,33
3,2128,455.467010,363.328552,457.967386,360.561559,33
3,2129,438.491272,392.809204,439.196908,393.163581,33
3,2130,463.988586,378.049408,467.391901,376.843651,33
3,2131,429.969727,378.088348,429.773712,376.885118,33
3,2132,447.012878,407.530090,448.621459,409.439911,33
3,2133,447.012878,407.530090,448.621459,409.439911,33
3,2134,472.510132,392.770294,476.817706,393.123600,33
3,2135,399.789368,257.066193,399.783179,257.074147,112
3,2136,410.071594,274.828552,410.067545,274.839423,112
3,2137,389.507172,239.303818,389.499684,239.307431,112
3,2138,410.030945,239.280350,410.028117,239.282757,112
3,2139,389.547821,274.852020,389.540753,274.862146,112
3,2140,420.313141,257.042694,420.312466,257.049950,112
3,2141,379.265594,257.089661,379.257240,257.097372,112
3,2142,399.830048,292.614380,399.825161,292.625486,112
3,2143,399.748718,221.517944,399.744615,221.514065,112
3,2144,399.748718,221.517944,399.744615,221.514065,112
3,2145,399.830048,292.614380,399.825161,292.625486,112
3,2146,430.595367,274.805084,430.597716,274.815755,112
3,2147,368.983398,239.327271,368.974596,239.331159,112
3,2148,430.554718,239.256851,430.559911,239.257105,112
3,2149,369.024078,274.875488,369.017323,274.883931,112
3,2150,420.353821,292.590942,420.352810,292.603263,112
3,2151,379.224976,221.541428,379.217061,221.539259,112
3,2152,420.272491,221.494476,420.275582,221.487933,112
3,2153,379.306274,292.637848,379.300852,292.646773,112
3,2154,440.836914,257.019226,440.845117,257.024830,112
3,2155,358.741821,257.113129,358.734635,257.119657,112
3,2156,410.112244,310.376770,410.110412,310.387397,112
3,2157,389.466492,203.755585,389.462015,203.743964,112
3,2158,409.990295,203.732101,409.992130,203.717310,112
3,2159,389.588440,310.400269,389.585219,310.408213,112
3,2160,451.119141,274.781586,451.131227,274.791112,112
3,2161,348.459595,239.350754,348.452812,239.353959,112
3,2162,451.078522,239.233383,451.095109,239.230522,112
3,2163,348.500275,274.898987,348.497162,274.904810,112
3,2164,440.877594,292.567474,440.883813,292.580097,112
3,2165,358.701172,221.564911,358.692795,221.563504,112
3,2166,440.796265,221.471008,440.809895,221.460841,112
3,2167,358.782471,292.661346,358.779839,292.667154,112
3,2168,430.636017,310.353302,430.638919,310.365671,112
3,2169,368.942749,203.779053,368.935282,203.769651,112
3,2170,430.514038,203.708649,430.525561,203.689709,112
3,2171,369.064697,310.423737,369.063408,310.428071,112
3,2172,461.360718,256.995758,461.381175,256.998754,112
3,2173,338.218048,257.136597,338.215320,257.141035,112
3,2174,399.870697,328.162628,399.870534,328.168201,112
3,2175,399.708069,185.969742,399.709528,185.945231,112
3,2176,399.708069,185.969742,399.709528,185.945231,112
3,2177,399.870697,328.162628,399.870534,328.168201,112
3,2178,461.401367,292.543976,461.418214,292.555956,112
3,2179,338.177368,221.588364,338.171856,221.586794,112
3,2180,461.320038,221.447540,461.347598,221.432773,112
3,2181,338.258667,292.684814,338.262136,292.686582,112
3,2182,471.642914,274.758118,471.668121,274.765541,112
3,2183,327.935822,239.374237,327.934370,239.375824,112
3,2184,471.602264,239.209915,471.633645,239.202976,112
3,2185,327.976501,274.922455,327.980333,274.924734,112
3,2186,451.159790,310.329834,451.170785,310.343005,112
3,2187,348.418945,203.802536,348.411862,203.794403,112
3,2188,451.037842,203.685165,451.062433,203.661129,112
3,2189,348.540924,310.447205,348.544854,310.447005,112
3,2190,420.394440,328.139130,420.396531,328.147881,112
3,2191,379.184296,185.993195,379.180289,185.972383,112
3,2192,420.231842,185.946259,420.242134,185.917105,112
3,2193,379.346924,328.186096,379.347813,328.187566,112
3,2194,440.918243,328.115662,440.925927,328.126653,112
3,2195,358.823151,328.209564,358.828434,328.206006,112
3,2196,364.418549,276.095764,364.407834,276.108505,63
3,2197,375.129089,294.598083,375.119768,294.611416,63
3,2198,353.708008,257.593475,353.696489,257.604578,63
3,2199,375.086731,257.569031,375.077939,257.579467,63
3,2200,353.750336,294.622559,353.739442,294.635184,63
3,2201,385.797272,276.071320,385.789860,276.083749,63
3,2202,343.039795,276.120239,343.028112,276.132626,63
3,2203,364.460907,313.124847,364.451415,313.136730,63
3,2204,364.376190,239.066727,364.366635,239.074164,63
3,2205,364.376190,239.066727,364.366635,239.074164,63
3,2206,364.460907,313.124847,364.451415,313.136730,63
3,2207,396.507812,294.573639,396.502428,294.587013,63
3,2208,332.329254,257.617950,332.317369,257.629051,63
3,2209,396.465454,257.544586,396.461757,257.553687,63
3,2210,332.371582,294.647003,332.361468,294.658265,63
3,2211,385.839600,313.100403,385.832290,313.113341,63
3,2212,342.997437,239.091187,342.985760,239.099644,63
3,2213,385.754913,239.042297,385.749850,239.048028,63
3,2214,343.082123,313.149292,343.072837,313.159460,63
3,2215,407.175995,276.046906,407.174285,276.058325,63
3,2216,321.661072,276.144684,321.650768,276.156058,63
3,2217,375.171417,331.627136,375.163974,331.637265,63
3,2218,353.665649,220.564438,353.655922,220.567837,63
3,2219,375.044403,220.539978,375.038562,220.541330,63
3,2220,353.792694,331.651581,353.784819,331.659646,63
3,2221,417.886566,294.549194,417.887461,294.561943,63
3,2222,310.950531,257.642395,310.940652,257.652836,63
3,2223,417.844177,257.520111,417.847955,257.527207,63
3,2224,310.992859,294.671448,310.985890,294.680690,63
3,2225,407.218353,313.075928,407.215586,313.089262,63
3,2226,321.618713,239.115646,321.607268,239.124458,63
3,2227,407.133667,239.017853,407.135441,239.021219,63
3,2228,321.703400,313.173737,321.696630,313.181535,63
3,2229,396.550171,331.602722,396.545513,331.614227,63
3,2230,332.286865,220.588882,332.275647,220.593660,63
3,2231,396.423096,220.515518,396.423521,220.514149,63
3,2232,332.413940,331.676056,332.407980,331.681401,63
3,2233,428.554749,276.022461,428.561119,276.032229,63
3,2234,300.282349,276.169128,300.275762,276.178833,63
3,2235,364.503265,350.153900,364.497413,350.158826,63
3,2236,364.333832,202.037674,364.327867,202.033619,63
3,2237,364.333832,202.037674,364.327867,202.033619,63
3,2238,364.503265,350.153900,364.497413,350.158826,63
3,2239,428.597076,313.051483,428.601229,313.064545,63
3,2240,300.239990,239.140091,300.231121,239.148596,63
3,2241,428.512390,238.993378,428.523421,238.993705,63
3,2242,300.324677,313.198212,300.322755,313.202987,63
3,2243,439.265289,294.524750,439.274877,294.536202,63
3,2244,289.571777,257.666840,289.566216,257.675963,63
3,2245,439.222931,257.495667,439.236544,257.500079,63
3,2246,289.614105,294.695923,289.612587,294.702490,63
3,2247,417.928894,331.578247,417.929362,331.590499,63
3,2248,310.908173,220.613327,310.897781,220.618815,63
3,2249,417.801849,220.491074,417.810923,220.486303,63
3,2250,311.035248,331.700500,311.033532,331.702478,63
3,2251,385.881958,350.129456,385.877147,350.136794,63
3,2252,342.955078,202.062134,342.945828,202.060484,63
3,2253,385.712555,202.013229,385.712251,202.006092,63
3,2254,343.124481,350.178375,343.119970,350.180234,63
3,2255,407.260712,350.105011,407.259296,350.114104,63
3,2256,321.576355,202.086578,321.566179,202.086664,63
3,2257,407.091339,201.988770,407.099048,201.977872,63
3,2258,321.745758,350.202820,321.744891,350.200964,63
3,2259,449.933472,275.997986,449.950319,276.005429,63
3,2260,278.903595,276.193604,278.903084,276.200983,63
3,2261,375.213776,368.656219,375.210592,368.657031,63
3,2262,353.623291,183.535370,353.617792,183.524876,63
3,2263,375.002045,183.510910,375.001603,183.496975,63
3,2264,353.835052,368.680664,353.832570,368.678064,63
3,2265,449.975800,313.027039,449.989257,313.039158,63
3,2266,278.861237,239.164536,278.857309,239.172076,63
3,2267,449.891144,238.968933,449.913829,238.965537,63
3,2268,278.945953,313.222656,278.951202,313.223764,63
3,2269,439.307648,331.553802,439.315645,331.566134,63
3,2270,289.529419,220.637787,289.522203,220.643336,63
3,2271,439.180573,220.466629,439.200693,220.457776,63
3,2272,289.656464,331.724945,289.661352,331.722907,63
3,2273,460.644043,294.500275,460.664717,294.509758,63
3,2274,268.193054,257.691315,268.194133,257.698464,63
3,2275,460.601685,257.471222,460.627562,257.472270,63
3,2276,268.235382,294.720337,268.241631,294.723615,63
3,2277,428.639435,350.080566,428.643785,350.090755,63
3,2278,300.197632,202.111038,300.188881,202.112190,63
3,2279,428.470032,201.964325,428.488183,201.948983,63
3,2280,300.367035,350.227264,300.372138,350.221048,63
3,2281,396.592529,368.631744,396.590964,368.635318,63
3,2282,332.244507,183.559814,332.236351,183.552087,63
3,2283,396.380768,183.486481,396.387769,183.468408,63
3,2284,332.456299,368.705109,332.456858,368.698449,63
3,2285,417.971252,368.607300,417.973695,368.612977,63
3,2286,310.865814,183.584274,310.857327,183.578639,63
3,2287,417.759491,183.462021,417.776328,183.439142,63
3,2288,311.077606,368.729553,311.083531,368.718188,63
3,2289,471.312225,275.973541,471.341922,275.977978,63
3,2290,257.524841,276.218048,257.532695,276.222456,63
3,2291,364.545593,387.182983,364.545753,387.174895,63
3,2292,364.291504,165.008621,364.291578,164.986837,63
3,2293,364.291504,165.008621,364.291578,164.986837,63
3,2294,364.545593,387.182983,364.545753,387.174895,63
3,2295,460.686401,331.529358,460.704316,331.541100,63
3,2296,268.150696,220.662231,268.148984,220.667169,63
3,2297,460.559326,220.442169,460.592872,220.428548,63
3,2298,268.277740,331.749390,268.291513,331.742694,63
3,2299,471.354584,313.002594,471.379712,313.013097,63
3,2300,257.482483,239.188995,257.485792,239.194914,63
3,2301,471.269836,238.944489,471.306591,238.936684,63
3,2302,257.567200,313.247101,257.581932,313.243896,63
3,2303,450.018188,350.056091,450.030653,350.066712,63
3,2304,278.818878,202.135498,278.813925,202.137052,63
3,2305,449.848785,201.939880,449.879782,201.919393,63
3,2306,278.988312,350.251740,279.001700,350.240518,63
3,2307,385.924316,387.158539,385.924384,387.154207,63
3,2308,342.912750,165.033081,342.908365,165.015100,63
3,2309,385.670197,164.984177,385.677114,164.957908,63
3,2310,343.166840,387.207397,343.169434,387.194935,63
3,2311,246.814285,257.715759,246.824338,257.720287,63
3,2312,481.980408,257.446777,482.020966,257.443777,63
3,2313,246.856628,294.744781,246.872956,294.744094,63
3,2314,289.487061,183.608719,289.480596,183.604509,63
3,2315,439.138245,183.437561,439.167318,183.409189,63
3,2316,289.698822,368.754028,289.712464,368.737314,63
3,2317,321.534027,165.057510,321.527549,165.042671,63
3,2318,407.048950,164.959717,407.065098,164.928279,63
3,2319,321.788086,387.231873,321.795474,387.214359,63
3,2320,300.155273,165.081970,300.149091,165.069583,63
3,2321,236.146118,276.242493,236.164642,276.243284,63
3,2322,353.580933,146.506317,353.582146,146.475662,63
3,2323,374.959686,146.481857,374.967111,146.446354,63
3,2324,246.771927,220.686676,246.778060,220.690347,63
3,2325,257.440125,202.159927,257.441271,202.161240,63
3,2326,268.108337,183.633179,268.106232,183.629728,63
3,2327,145.061676,296.508331,145.043912,296.526060,137
3,2328,156.061859,315.510956,156.044591,315.528488,137
3,2329,134.061554,277.505707,134.043717,277.522923,137
3,2330,156.018387,277.480621,156.000908,277.497690,137
3,2331,134.105042,315.536072,134.088175,315.552823,137
3,2332,167.018539,296.483215,167.001546,296.501067,137
3,2333,123.104881,296.533478,123.087939,296.550634,137
3,2334,145.105194,334.538696,145.088838,334.554306,137
3,2335,145.018204,258.477997,145.000670,258.493601,137
3,2336,145.018204,258.477997,145.000670,258.493601,137
3,2337,145.105194,334.538696,145.088838,334.554306,137
3,2338,178.018723,315.485840,178.002641,315.503736,137
3,2339,112.104752,277.530823,112.088157,277.547709,137
3,2340,177.975250,277.455505,177.959737,277.472005,137
3,2341,112.148262,315.561188,112.133415,315.576684,137
3,2342,167.062042,334.513611,167.045698,334.530239,137
3,2343,123.061401,258.503082,123.043921,258.519077,137
3,2344,166.975067,258.452850,166.959085,258.467646,137
3,2345,123.148384,334.563812,123.133635,334.577929,137
3,2346,188.975372,296.458130,188.960762,296.475624,137
3,2347,101.148048,296.558563,101.133533,296.574734,137
3,2348,156.105377,353.541321,156.089955,353.555086,137
3,2349,134.018051,239.475372,134.000889,239.488800,137
3,2350,155.974884,239.450256,155.958862,239.462631,137
3,2351,134.148544,353.566437,134.134308,353.578472,137
3,2352,199.975555,315.460754,199.962273,315.478533,137
3,2353,90.147896,277.555939,90.134133,277.572077,137
3,2354,199.932083,277.430359,199.920153,277.445839,137
3,2355,90.191399,315.586304,90.180158,315.600103,137
3,2356,189.018875,334.488464,189.004135,334.505697,137
3,2357,101.104538,258.528198,101.088714,258.544103,137
3,2358,188.931900,258.427734,188.919085,258.441266,137
3,2359,101.191559,334.588928,101.179995,334.601110,137
3,2360,178.062241,353.516235,178.047231,353.531258,137
3,2361,112.061249,239.500473,112.044551,239.514518,137
3,2362,177.931747,239.425140,177.918477,239.435993,137
3,2363,112.191711,353.591553,112.180254,353.601445,137
3,2364,210.932205,296.433014,210.921595,296.449728,137
3,2365,79.191185,296.583679,79.180688,296.598391,137
3,2366,145.148697,372.569061,145.135406,372.578313,137
3,2367,144.974701,220.447617,144.959068,220.456842,137
3,2368,144.974701,220.447617,144.959068,220.456842,137
3,2369,145.148697,372.569061,145.135406,372.578313,137
3,2370,210.975708,334.463348,210.964185,334.480735,137
3,2371,79.147682,258.553314,79.135100,258.568712,137
3,2372,210.888733,258.402649,210.880708,258.414429,137
3,2373,79.234695,334.614044,79.227911,334.623881,137
3,2374,221.932388,315.435638,221.923525,315.452879,137
3,2375,68.191032,277.581055,68.181698,277.595974,137
3,2376,221.888916,277.405273,221.882193,277.419245,137
3,2377,68.234543,315.611389,68.228485,315.623082,137
3,2378,200.019058,353.491089,200.006086,353.506954,137
3,2379,90.104385,239.525589,90.089755,239.539800,137
3,2380,199.888580,239.400024,199.879683,239.408897,137
3,2381,90.234848,353.616669,90.227758,353.623951,137
3,2382,167.105560,372.543945,167.091498,372.555165,137
3,2383,123.017899,220.472733,123.001536,220.483270,137
3,2384,166.931564,220.422501,166.918270,220.429974,137
3,2385,123.191895,372.594177,123.180966,372.601050,137
3,2386,189.062393,372.518829,189.049163,372.531573,137
3,2387,101.061096,220.497849,101.045609,220.509245,137
3,2388,188.888397,220.397400,188.879062,220.402649,137
3,2389,101.235062,372.619293,101.228085,372.623320,137
3,2390,232.889038,296.407898,232.884053,296.423349,137
3,2391,57.234329,296.608765,57.229424,296.621608,137
3,2392,156.148849,391.571686,156.136928,391.577456,137
3,2393,133.974548,201.445007,133.959733,201.450380,137
3,2394,155.931381,201.419891,155.918495,201.423252,137
3,2395,134.192017,391.596802,134.182043,391.599957,137
3,2396,232.932541,334.438263,232.925856,334.455321,137
3,2397,57.190819,258.578430,57.183074,258.592848,137
3,2398,232.845566,258.377533,232.843959,258.387133,137
3,2399,57.277832,334.639160,57.277405,334.646187,137
3,2400,221.975891,353.465973,221.966556,353.482231,137
3,2401,68.147530,239.550705,68.136550,239.564636,137
3,2402,221.845398,239.374924,221.842518,239.381357,137
3,2403,68.277992,353.641785,68.276842,353.646020,137
3,2404,243.889221,315.410492,243.886402,315.426742,137
3,2405,46.234173,277.606171,46.230843,277.619429,137
3,2406,243.845749,277.380157,243.845863,277.392194,137
3,2407,46.277679,315.636536,46.278389,315.645653,137
3,2408,211.019226,372.493713,211.008437,372.507508,137
3,2409,79.104233,220.522949,79.091221,220.534755,137
3,2410,210.845215,220.372284,210.841481,220.374849,137
3,2411,79.278198,372.644379,79.276757,372.645155,137
3,2412,178.105713,391.546570,178.093437,391.554544,137
3,2413,112.017738,201.470108,112.002612,201.477037,137
3,2414,177.888229,201.394775,177.878902,201.395681,137
3,2415,112.235214,391.621918,112.228777,391.621993,137
3,2416,200.062546,391.521454,200.051522,391.531189,137
3,2417,90.060883,201.495224,90.047035,201.503256,137
3,2418,199.845062,201.369659,199.840906,201.367635,137
3,2419,90.278358,391.647003,90.277035,391.643593,137
3,2420,254.845901,296.382782,254.848172,296.396541,137
3,2421,35.277466,296.633911,35.279736,296.644416,137
3,2422,145.192169,410.599426,145.183573,410.598169,137
3,2423,144.931198,182.417267,144.919150,182.415809,137
3,2424,144.931198,182.417267,144.919150,182.415809,137
3,2425,145.192169,410.599426,145.183573,410.598169,137
3,2426,243.932724,353.440887,243.928648,353.457057,137
3,2427,46.190666,239.575806,46.184930,239.589013,137
3,2428,243.802231,239.349792,243.806987,239.353341,137
3,2429,46.321129,353.666870,46.327497,353.667656,137
3,2430,254.889404,334.413116,254.889184,334.429425,137
3,2431,35.233959,258.603546,35.232626,258.616543,137
3,2432,254.802414,258.352448,254.808877,258.359377,137
3,2433,35.320972,334.664246,35.328470,334.668058,137
3,2434,232.976044,372.468597,232.969327,372.483024,137
3,2435,57.147373,220.548080,57.138424,220.559833,137
3,2436,232.802048,220.347168,232.805533,220.346586,137
3,2437,57.321342,372.669495,57.327002,372.666556,137
3,2438,167.149033,410.574280,167.138903,410.575902,137
3,2439,122.974388,182.442368,122.960828,182.443168,137
3,2440,166.888046,182.392151,166.879145,182.387978,137
3,2441,123.235374,410.624542,123.229890,410.619969,137
3,2442,265.846069,315.385406,265.850942,315.400176,137
3,2443,24.277370,277.631287,24.281620,277.642475,137
3,2444,265.802612,277.355042,265.811201,277.364682,137
3,2445,24.320877,315.661652,24.329920,315.667760,137
3,2446,222.019379,391.496368,222.011216,391.507390,137
3,2447,68.104019,201.520355,68.093055,201.529024,137
3,2448,221.801895,201.344559,221.804542,201.339140,137
3,2449,68.321495,391.672150,68.326869,391.664789,137
3,2450,189.105865,410.549194,189.095803,410.553225,137
3,2451,101.017586,182.467484,101.004116,182.470085,137
3,2452,188.844879,182.367050,188.840736,182.359699,137
3,2453,101.278572,410.649628,101.277792,410.641336,137
3,2454,211.062698,410.524078,211.054307,410.530107,137
3,2455,79.060722,182.492599,79.048947,182.496534,137
3,2456,210.801712,182.341919,210.803957,182.330942,137
3,2457,79.321709,410.674774,79.327212,410.662299,137
3,2458,276.802734,296.357666,276.813901,296.369272,137
3,2459,13.320664,296.659027,13.331674,296.666760,137
3,2460,156.192352,429.602051,156.185554,429.595685,137
3,2461,133.931061,163.414642,133.920294,163.407644,137
3,2462,155.887894,163.389526,155.879850,163.379565,137
3,2463,134.235519,429.627136,134.231426,429.617253,137
3,2464,265.889587,353.415771,265.892398,353.431431,137
3,2465,24.233864,239.600922,24.234947,239.612947,137
3,2466,265.759094,239.324677,265.773128,239.324859,137
3,2467,24.364326,353.692017,24.379777,353.688889,137
3,2468,254.932907,372.443512,254.931870,372.458089,137
3,2469,35.190510,220.573196,35.187211,220.584465,137
3,2470,254.758911,220.322067,254.771255,220.317872,137
3,2471,35.364479,372.694641,35.378814,372.687555,137
3,2472,276.846222,334.388031,276.854118,334.403101,137
3,2473,13.277157,258.628662,13.283809,258.639827,137
3,2474,276.759247,258.327301,276.775409,258.331127,137
3,2475,13.364171,334.689362,13.381158,334.689496,137
3,2476,243.976212,391.471222,243.972528,391.483115,137
3,2477,46.147160,201.545456,46.140665,201.554329,137
3,2478,243.758728,201.319443,243.769817,201.310164,137
3,2479,46.364635,391.697266,46.378271,391.685526,137
3,2480,178.149216,429.576904,178.141304,429.573653,137
3,2481,111.974236,163.439758,111.962352,163.435250,137
3,2482,177.844757,163.364426,177.841057,163.351039,137
3,2483,112.278725,429.652252,112.278912,429.638386,137
3,2484,287.802917,315.360291,287.817095,315.373151,137
3,2485,2.320510,277.656403,2.333906,277.665056,137
3,2486,287.759430,277.329926,287.778154,277.336677,137
3,2487,2.364017,315.686737,2.382957,315.689434,137
3,2488,233.019531,410.498993,233.014423,410.506544,137
3,2489,57.103867,182.517715,57.095374,182.522546,137
3,2490,232.758545,182.316803,232.768816,182.301718,137
3,2491,57.364849,410.699860,57.378203,410.682803,137
3,2492,200.106049,429.551819,200.098623,429.551211,137
3,2493,90.017372,163.464874,90.005990,163.462412,137
3,2494,199.801590,163.339310,199.803864,163.322033,137
3,2495,90.321861,429.677399,90.327918,429.659116,137
3,2496,145.235687,448.629761,145.233384,448.613844,137
3,2497,144.887711,144.386902,144.880957,144.370428,137
3,2498,144.887711,144.386902,144.880957,144.370428,137
3,2499,145.235687,448.629761,145.233384,448.613844,137
3,2500,276.889740,372.418396,276.896014,372.432702,137
3,2501,13.233708,220.598297,13.237632,220.608640,137
3,2502,276.715759,220.296951,276.738596,220.288691,137
3,2503,13.407678,372.719727,13.432245,372.708096,137
3,2504,287.846436,353.390656,287.857755,353.405319,137
3,2505,2.277003,239.626038,2.286476,239.636456,137
3,2506,287.715942,239.299576,287.740890,239.295925,137
3,2507,2.407465,353.717102,2.433557,353.709664,137
3,2508,265.933075,391.446106,265.935494,391.458419,137
3,2509,24.190357,201.570572,24.189914,201.579203,137
3,2510,265.715576,201.294342,265.736769,201.280735,137
3,2511,24.407833,391.722351,24.431292,391.705834,137
3,2512,222.062881,429.526703,222.057549,429.528328,137
3,2513,68.060516,163.489990,68.051228,163.489121,137
3,2514,221.758423,163.314194,221.768308,163.292575,137
3,2515,68.365005,429.702484,68.378496,429.679389,137
3,2516,167.192535,448.604675,167.187959,448.592510,137
3,2517,122.930908,144.412018,122.921840,144.398740,137
3,2518,166.844574,144.361786,166.841753,144.341638,137
3,2519,123.278877,448.654877,123.280453,448.634745,137
3,2520,298.759583,296.332550,298.781307,296.341513,137
3,2521,13.320664,296.659027,13.331674,296.666760,137
3,2522,298.803101,334.362915,298.820723,334.376318,137
3,2523,13.277157,258.628662,13.283809,258.639827,137
3,2524,298.716125,258.302185,298.743621,258.302440,137
3,2525,13.364171,334.689362,13.381158,334.689496,137
3,2526,254.976395,410.473877,254.976188,410.482535,137
3,2527,35.147003,182.542816,35.143388,182.548095,137
3,2528,254.715408,182.291702,254.735350,182.272040,137
3,2529,35.407986,410.724976,35.430756,410.702880,137
3,2530,189.149368,448.579559,189.144099,448.570740,137
3,2531,100.974075,144.437134,100.964306,144.426607,137
3,2532,188.801407,144.336685,188.804149,144.312398,137
3,2533,101.322014,448.679993,101.329043,448.655244,137
3,2534,309.759735,315.335175,309.784895,315.345635,137
3,2535,2.320510,277.656403,2.333906,277.665056,137
3,2536,309.716278,277.304810,309.746761,277.308236,137
3,2537,2.364017,315.686737,2.382957,315.689434,137
3,2538,244.019714,429.501556,244.018088,429.504972,137
3,2539,46.103653,163.515091,46.098060,163.515363,137
3,2540,243.715256,163.289078,243.734397,163.262633,137
3,2541,46.408142,429.727600,46.430638,429.699234,137
3,2542,211.106201,448.554443,211.101840,448.548532,137
3,2543,79.017220,144.462234,79.008351,144.454002,137
3,2544,210.758240,144.311569,210.768179,144.282676,137
3,2545,79.365158,448.705109,79.379207,448.675285,137
3,2546,156.235870,467.632385,156.235793,467.609746,137
3,2547,133.887558,125.384270,133.882526,125.360549,137
3,2548,155.844391,125.359154,155.842884,125.331510,137
3,2549,134.279037,467.657501,134.282414,467.630415,137
3,2550,298.846619,372.393250,298.861826,372.406831,137
3,2551,13.233708,220.598297,13.237632,220.608640,137
3,2552,298.672607,220.271820,298.707623,220.259011,137
3,2553,13.407678,372.719727,13.432245,372.708096,137
3,2554,287.889893,391.421021,287.900063,391.433271,137
3,2555,2.233496,201.595673,2.240681,201.603620,137
3,2556,287.672424,201.269211,287.705346,201.250820,137
3,2557,2.450972,391.747467,2.485811,391.725717,137
3,2558,309.803253,353.365540,309.824756,353.378778,137
3,2559,2.277003,239.626038,2.286476,239.636456,137
3,2560,309.672760,239.274475,309.710309,239.266522,137
3,2561,2.407465,353.717102,2.433557,353.709664,137
3,2562,276.933228,410.448730,276.939549,410.458048,137
3,2563,13.190202,182.567932,13.193041,182.573211,137
3,2564,276.672241,182.266586,276.703507,182.241876,137
3,2565,13.451184,410.750122,13.484924,410.722560,137
3,2566,178.192719,467.607300,178.190788,467.588644,137
3,2567,111.930786,125.409378,111.923845,125.389109,137
3,2568,177.801254,125.334045,177.804897,125.302020,137
3,2569,112.322227,467.682617,112.330646,467.650683,137
3,2570,233.063034,448.529327,233.061189,448.525855,137
3,2571,57.060356,144.487350,57.053994,144.480956,137
3,2572,232.715073,144.286438,232.733852,144.252483,137
3,2573,57.408295,448.730225,57.430936,448.694899,137
3,2574,320.716400,296.307434,320.750309,296.313316,137
3,2575,13.320664,296.659027,13.331674,296.666760,137
3,2576,320.759888,334.337799,320.788920,334.349074,137
3,2577,13.277157,258.628662,13.283809,258.639827,137
3,2578,320.672913,258.277100,320.713435,258.273283,137
3,2579,13.364171,334.689362,13.381158,334.689496,137
3,2580,265.976562,429.476471,265.980277,429.481200,137
3,2581,24.146851,163.540207,24.146536,163.541170,137
3,2582,265.672119,163.263977,265.702166,163.232233,137
3,2583,200.149551,467.582153,200.147349,467.567078,137
3,2584,89.973923,125.434494,89.966690,125.417224,137
3,2585,199.758087,125.308929,199.768515,125.272047,137
3,2586,331.716583,315.310059,331.754351,315.317683,137
3,2587,2.320510,277.656403,2.333906,277.665056,137
3,2588,331.673096,277.279724,331.717028,277.279326,137
3,2589,2.364017,315.686737,2.382957,315.689434,137
3,2590,35.103497,144.512451,35.101230,144.507444,137
3,2591,254.671936,144.261337,254.701205,144.221832,137
3,2592,68.017067,125.459618,68.011140,125.444881,137
3,2593,221.714920,125.283829,221.733774,125.241618,137
3,2594,144.844208,106.356544,144.844447,106.320680,137
3,2595,144.844208,106.356544,144.844447,106.320680,137
3,2596,309.846741,391.395905,309.866272,391.407668,137
3,2597,2.233496,201.595673,2.240681,201.603620,137
3,2598,309.629242,201.244095,309.675585,201.220431,137
3,2599,2.450972,391.747467,2.485811,391.725717,137
3,2600,320.803406,372.368164,320.829225,372.380531,137
3,2601,13.233708,220.598297,13.237632,220.608640,137
3,2602,320.629395,220.246719,320.678255,220.228886,137
3,2603,13.407678,372.719727,13.432245,372.708096,137
3,2604,13.190202,182.567932,13.193041,182.573211,137
3,2605,298.629089,182.241486,298.673355,182.211251,137
3,2606,13.451184,410.750122,13.484924,410.722560,137
3,2607,122.887405,106.381653,122.884527,106.349954,137
3,2608,166.801071,106.331429,166.806051,106.290925,137
3,2609,2.277003,239.626038,2.286476,239.636456,137
3,2610,331.629578,239.249359,331.681394,239.236631,137
3,2611,2.407465,353.717102,2.433557,353.709664,137
3,2612,287.628937,163.238861,287.671564,163.201343,137
3,2613,188.757904,106.306320,188.769258,106.260715,137
3,2614,243.671753,125.258705,243.700682,125.210701,137
3,2615,13.320664,296.659027,13.331674,296.666760,137
3,2616,13.277157,258.628662,13.283809,258.639827,137
3,2617,145.061676,296.508331,145.043912,296.526060,136
3,2618,156.061859,315.510956,156.044591,315.528488,136
3,2619,134.061554,277.505707,134.043717,277.522923,136
3,2620,156.018387,277.480621,156.000908,277.497690,136
3,2621,134.105042,315.536072,134.088175,315.552823,136
3,2622,167.018539,296.483215,167.001546,296.501067,136
3,2623,123.104881,296.533478,123.087939,296.550634,136
3,2624,145.105194,334.538696,145.088838,334.554306,136
3,2625,145.018204,258.477997,145.000670,258.493601,136
3,2626,145.018204,258.477997,145.000670,258.493601,136
3,2627,145.105194,334.538696,145.088838,334.554306,136
3,2628,178.018723,315.485840,178.002641,315.503736,136
3,2629,112.104752,277.530823,112.088157,277.547709,136
3,2630,177.975250,277.455505,177.959737,277.472005,136
3,2631,112.148262,315.561188,112.133415,315.576684,136
3,2632,167.062042,334.513611,167.045698,334.530239,136
3,2633,123.061401,258.503082,123.043921,258.519077,136
3,2634,166.975067,258.452850,166.959085,258.467646,136
3,2635,123.148384,334.563812,123.133635,334.577929,136
3,2636,188.975372,296.458130,188.960762,296.475624,136
3,2637,101.148048,296.558563,101.133533,296.574734,136
3,2638,156.105377,353.541321,156.089955,353.555086,136
3,2639,134.018051,239.475372,134.000889,239.488800,136
3,2640,155.974884,239.450256,155.958862,239.462631,136
3,2641,134.148544,353.566437,134.134308,353.578472,136
3,2642,199.975555,315.460754,199.962273,315.478533,136
3,2643,90.147896,277.555939,90.134133,277.572077,136
3,2644,199.932083,277.430359,199.920153,277.445839,136
3,2645,90.191399,315.586304,90.180158,315.600103,136
3,2646,189.018875,334.488464,189.004135,334.505697,136
3,2647,101.104538,258.528198,101.088714,258.544103,136
3,2648,188.931900,258.427734,188.919085,258.441266,136
3,2649,101.191559,334.588928,101.179995,334.601110,136
3,2650,178.062241,353.516235,178.047231,353.531258,136
3,2651,112.061249,239.500473,112.044551,239.514518,136
3,2652,177.931747,239.425140,177.918477,239.435993,136
3,2653,112.191711,353.591553,112.180254,353.601445,136
3,2654,210.932205,296.433014,210.921595,296.449728,136
3,2655,79.191185,296.583679,79.180688,296.598391,136
3,2656,145.148697,372.569061,145.135406,372.578313,136
3,2657,144.974701,220.447617,144.959068,220.456842,136
3,2658,144.974701,220.447617,144.959068,220.456842,136
3,2659,145.148697,372.569061,145.135406,372.578313,136
3,2660,210.975708,334.463348,210.964185,334.480735,136
3,2661,79.147682,258.553314,79.135100,258.568712,136
3,2662,210.888733,258.402649,210.880708,258.414429,136
3,2663,79.234695,334.614044,79.227911,334.623881,136
3,2664,221.932388,315.435638,221.923525,315.452879,136
3,2665,68.191032,277.581055,68.181698,277.595974,136
3,2666,221.888916,277.405273,221.882193,277.419245,136
3,2667,68.234543,315.611389,68.228485,315.623082,136
3,2668,200.019058,353.491089,200.006086,353.506954,136
3,2669,90.104385,239.525589,90.089755,239.539800,136
3,2670,199.888580,239.400024,199.879683,239.408897,136
3,2671,90.234848,353.616669,90.227758,353.623951,136
3,2672,167.105560,372.543945,167.091498,372.555165,136
3,2673,123.017899,220.472733,123.001536,220.483270,136
3,2674,166.931564,220.422501,166.918270,220.429974,136
3,2675,123.191895,372.594177,123.180966,372.601050,136
3,2676,189.062393,372.518829,189.049163,372.531573,136
3,2677,101.061096,220.497849,101.045609,220.509245,136
3,2678,188.888397,220.397400,188.879062,220.402649,136
3,2679,101.235062,372.619293,101.228085,372.623320,136
3,2680,232.889038,296.407898,232.884053,296.423349,136
3,2681,57.234329,296.608765,57.229424,296.621608,136
3,2682,156.148849,391.571686,156.136928,391.577456,136
3,2683,133.974548,201.445007,133.959733,201.450380,136
3,2684,155.931381,201.419891,155.918495,201.423252,136
3,2685,134.192017,391.596802,134.182043,391.599957,136
3,2686,232.932541,334.438263,232.925856,334.455321,136
3,2687,57.190819,258.578430,57.183074,258.592848,136
3,2688,232.845566,258.377533,232.843959,258.387133,136
3,2689,57.277832,334.639160,57.277405,334.646187,136
3,2690,221.975891,353.465973,221.966556,353.482231,136
3,2691,68.147530,239.550705,68.136550,239.564636,136
3,2692,221.845398,239.374924,221.842518,239.381357,136
3,2693,68.277992,353.641785,68.276842,353.646020,136
3,2694,243.889221,315.410492,243.886402,315.426742,136
3,2695,46.234173,277.606171,46.230843,277.619429,136
3,2696,243.845749,277.380157,243.845863,277.392194,136
3,2697,46.277679,315.636536,46.278389,315.645653,136
3,2698,211.019226,372.493713,211.008437,372.507508,136
3,2699,79.104233,220.522949,79.091221,220.534755,136
3,2700,210.845215,220.372284,210.841481,220.374849,136
3,2701,79.278198,372.644379,79.276757,372.645155,136
3,2702,178.105713,391.546570,178.093437,391.554544,136
3,2703,112.017738,201.470108,112.002612,201.477037,136
3,2704,177.888229,201.394775,177.878902,201.395681,136
3,2705,112.235214,391.621918,112.228777,391.621993,136
3,2706,200.062546,391.521454,200.051522,391.531189,136
3,2707,90.060883,201.495224,90.047035,201.503256,136
3,2708,199.845062,201.369659,199.840906,201.367635,136
3,2709,90.278358,391.647003,90.277035,391.643593,136
3,2710,254.845901,296.382782,254.848172,296.396541,136
3,2711,35.277466,296.633911,35.279736,296.644416,136
3,2712,145.192169,410.599426,145.183573,410.598169,136
3,2713,144.931198,182.417267,144.919150,182.415809,136
3,2714,144.931198,182.417267,144.919150,182.415809,136
3,2715,145.192169,410.599426,145.183573,410.598169,136
3,2716,243.932724,353.440887,243.928648,353.457057,136
3,2717,46.190666,239.575806,46.184930,239.589013,136
3,2718,243.802231,239.349792,243.806987,239.353341,136
3,2719,46.321129,353.666870,46.327497,353.667656,136
3,2720,254.889404,334.413116,254.889184,334.429425,136
3,2721,35.233959,258.603546,35.232626,258.616543,136
3,2722,254.802414,258.352448,254.808877,258.359377,136
3,2723,35.320972,334.664246,35.328470,334.668058,136
3,2724,232.976044,372.468597,232.969327,372.483024,136
3,2725,57.147373,220.548080,57.138424,220.559833,136
3,2726,232.802048,220.347168,232.805533,220.346586,136
3,2727,57.321342,372.669495,57.327002,372.666556,136
3,2728,167.149033,410.574280,167.138903,410.575902,136
3,2729,122.974388,182.442368,122.960828,182.443168,136
3,2730,166.888046,182.392151,166.879145,182.387978,136
3,2731,123.235374,410.624542,123.229890,410.619969,136
3,2732,265.846069,315.385406,265.850942,315.400176,136
3,2733,24.277370,277.631287,24.281620,277.642475,136
3,2734,265.802612,277.355042,265.811201,277.364682,136
3,2735,24.320877,315.661652,24.329920,315.667760,136
3,2736,222.019379,391.496368,222.011216,391.507390,136
3,2737,68.104019,201.520355,68.093055,201.529024,136
3,2738,221.801895,201.344559,221.804542,201.339140,136
3,2739,68.321495,391.672150,68.326869,391.664789,136
3,2740,189.105865,410.549194,189.095803,410.553225,136
3,2741,101.017586,182.467484,101.004116,182.470085,136
3,2742,188.844879,182.367050,188.840736,182.359699,136
3,2743,101.278572,410.649628,101.277792,410.641336,136
3,2744,211.062698,410.524078,211.054307,410.530107,136
3,2745,79.060722,182.492599,79.048947,182.496534,136
3,2746,210.801712,182.341919,210.803957,182.330942,136
3,2747,79.321709,410.674774,79.327212,410.662299,136
3,2748,276.802734,296.357666,276.813901,296.369272,136
3,2749,13.320664,296.659027,13.331674,296.666760,136
3,2750,156.192352,429.602051,156.185554,429.595685,136
3,2751,133.931061,163.414642,133.920294,163.407644,136
3,2752,155.887894,163.389526,155.879850,163.379565,136
3,2753,134.235519,429.627136,134.231426,429.617253,136
3,2754,265.889587,353.415771,265.892398,353.431431,136
3,2755,24.233864,239.600922,24.234947,239.612947,136
3,2756,265.759094,239.324677,265.773128,239.324859,136
3,2757,24.364326,353.692017,24.379777,353.688889,136
3,2758,254.932907,372.443512,254.931870,372.458089,136
3,2759,35.190510,220.573196,35.187211,220.584465,136
3,2760,254.758911,220.322067,254.771255,220.317872,136
3,2761,35.364479,372.694641,35.378814,372.687555,136
3,2762,276.846222,334.388031,276.854118,334.403101,136
3,2763,13.277157,258.628662,13.283809,258.639827,136
3,2764,276.759247,258.327301,276.775409,258.331127,136
3,2765,13.364171,334.689362,13.381158,334.689496,136
3,2766,243.976212,391.471222,243.972528,391.483115,136
3,2767,46.147160,201.545456,46.140665,201.554329,136
3,2768,243.758728,201.319443,243.769817,201.310164,136
3,2769,46.364635,391.697266,46.378271,391.685526,136
3,2770,178.149216,429.576904,178.141304,429.573653,136
3,2771,111.974236,163.439758,111.962352,163.435250,136
3,2772,177.844757,163.364426,177.841057,163.351039,136
3,2773,112.278725,429.652252,112.278912,429.638386,136
3,2774,287.802917,315.360291,287.817095,315.373151,136
3,2775,2.320510,277.656403,2.333906,277.665056,136
3,2776,287.759430,277.329926,287.778154,277.336677,136
3,2777,2.364017,315.686737,2.382957,315.689434,136
3,2778,233.019531,410.498993,233.014423,410.506544,136
3,2779,57.103867,182.517715,57.095374,182.522546,136
3,2780,232.758545,182.316803,232.768816,182.301718,136
3,2781,57.364849,410.699860,57.378203,410.682803,136
3,2782,200.106049,429.551819,200.098623,429.551211,136
3,2783,90.017372,163.464874,90.005990,163.462412,136
3,2784,199.801590,163.339310,199.803864,163.322033,136
3,2785,90.321861,429.677399,90.327918,429.659116,136
3,2786,145.235687,448.629761,145.233384,448.613844,136
3,2787,144.887711,144.386902,144.880957,144.370428,136
3,2788,144.887711,144.386902,144.880957,144.370428,136
3,2789,145.235687,448.629761,145.233384,448.613844,136
3,2790,276.889740,372.418396,276.896014,372.432702,136
3,2791,13.233708,220.598297,13.237632,220.608640,136
3,2792,276.715759,220.296951,276.738596,220.288691,136
3,2793,13.407678,372.719727,13.432245,372.708096,136
3,2794,287.846436,353.390656,287.857755,353.405319,136
3,2795,2.277003,239.626038,2.286476,239.636456,136
3,2796,287.715942,239.299576,287.740890,239.295925,136
3,2797,2.407465,353.717102,2.433557,353.709664,136
3,2798,265.933075,391.446106,265.935494,391.458419,136
3,2799,24.190357,201.570572,24.189914,201.579203,136
3,2800,265.715576,201.294342,265.736769,201.280735,136
3,2801,24.407833,391.722351,24.431292,391.705834,136
3,2802,222.062881,429.526703,222.057549,429.528328,136
3,2803,68.060516,163.489990,68.051228,163.489121,136
3,2804,221.758423,163.314194,221.768308,163.292575,136
3,2805,68.365005,429.702484,68.378496,429.679389,136
3,2806,167.192535,448.604675,167.187959,448.592510,136
3,2807,122.930908,144.412018,122.921840,144.398740,136
3,2808,166.844574,144.361786,166.841753,144.341638,136
3,2809,123.278877,448.654877,123.280453,448.634745,136
3,2810,298.759583,296.332550,298.781307,296.341513,136
3,2811,13.320664,296.659027,13.331674,296.666760,136
3,2812,298.803101,334.362915,298.820723,334.376318,136
3,2813,13.277157,258.628662,13.283809,258.639827,136
3,2814,298.716125,258.302185,298.743621,258.302440,136
3,2815,13.364171,334.689362,13.381158,334.689496,136
3,2816,254.976395,410.473877,254.976188,410.482535,136
3,2817,35.147003,182.542816,35.143388,182.548095,136
3,2818,254.715408,182.291702,254.735350,182.272040,136
3,2819,35.407986,410.724976,35.430756,410.702880,136
3,2820,189.149368,448.579559,189.144099,448.570740,136
3,2821,100.974075,144.437134,100.964306,144.426607,136
3,2822,188.801407,144.336685,188.804149,144.312398,136
3,2823,101.322014,448.679993,101.329043,448.655244,136
3,2824,309.759735,315.335175,309.784895,315.345635,136
3,2825,2.320510,277.656403,2.333906,277.665056,136
3,2826,309.716278,277.304810,309.746761,277.308236,136
3,2827,2.364017,315.686737,2.382957,315.689434,136
3,2828,244.019714,429.501556,244.018088,429.504972,136
3,2829,46.103653,163.515091,46.098060,163.515363,136
3,2830,243.715256,163.289078,243.734397,163.262633,136
3,2831,46.408142,429.727600,46.430638,429.699234,136
3,2832,211.106201,448.554443,211.101840,448.548532,136
3,2833,79.017220,144.462234,79.008351,144.454002,136
3,2834,210.758240,144.311569,210.768179,144.282676,136
3,2835,79.365158,448.705109,79.379207,448.675285,136
3,2836,156.235870,467.632385,156.235793,467.609746,136
3,2837,133.887558,125.384270,133.882526,125.360549,136
3,2838,155.844391,125.359154,155.842884,125.331510,136
3,2839,134.279037,467.657501,134.282414,467.630415,136
3,2840,298.846619,372.393250,298.861826,372.406831,136
3,2841,13.233708,220.598297,13.237632,220.608640,136
3,2842,298.672607,220.271820,298.707623,220.259011,136
3,2843,13.407678,372.719727,13.432245,372.708096,136
3,2844,287.889893,391.421021,287.900063,391.433271,136
3,2845,2.233496,201.595673,2.240681,201.603620,136
3,2846,287.672424,201.269211,287.705346,201.250820,136
3,2847,2.450972,391.747467,2.485811,391.725717,136
3,2848,309.803253,353.365540,309.824756,353.378778,136
3,2849,2.277003,239.626038,2.286476,239.636456,136
3,2850,309.672760,239.274475,309.710309,239.266522,136
3,2851,2.407465,353.717102,2.433557,353.709664,136
3,2852,276.933228,410.448730,276.939549,410.458048,136
3,2853,13.190202,182.567932,13.193041,182.573211,136
3,2854,276.672241,182.266586,276.703507,182.241876,136
3,2855,13.451184,410.750122,13.484924,410.722560,136
3,2856,178.192719,467.607300,178.190788,467.588644,136
3,2857,111.930786,125.409378,111.923845,125.389109,136
3,2858,177.801254,125.334045,177.804897,125.302020,136
3,2859,112.322227,467.682617,112.330646,467.650683,136
3,2860,233.063034,448.529327,233.061189,448.525855,136
3,2861,57.060356,144.487350,57.053994,144.480956,136
3,2862,232.715073,144.286438,232.733852,144.252483,136
3,2863,57.408295,448.730225,57.430936,448.694899,136
3,2864,320.716400,296.307434,320.750309,296.313316,136
3,2865,13.320664,296.659027,13.331674,296.666760,136
3,2866,320.759888,334.337799,320.788920,334.349074,136
3,2867,13.277157,258.628662,13.283809,258.639827,136
3,2868,320.672913,258.277100,320.713435,258.273283,136
3,2869,13.364171,334.689362,13.381158,334.689496,136
3,2870,265.976562,429.476471,265.980277,429.481200,136
3,2871,24.146851,163.540207,24.146536,163.541170,136
3,2872,265.672119,163.263977,265.702166,163.232233,136
3,2873,200.149551,467.582153,200.147349,467.567078,136
3,2874,89.973923,125.434494,89.966690,125.417224,136
3,2875,199.758087,125.308929,199.768515,125.272047,136
3,2876,331.716583,315.310059,331.754351,315.317683,136
3,2877,2.320510,277.656403,2.333906,277.665056,136
3,2878,331.673096,277.279724,331.717028,277.279326,136
3,2879,2.364017,315.686737,2.382957,315.689434,136
3,2880,35.103497,144.512451,35.101230,144.507444,136
3,2881,254.671936,144.261337,254.701205,144.221832,136
3,2882,68.017067,125.459618,68.011140,125.444881,136
3,2883,221.714920,125.283829,221.733774,125.241618,136
3,2884,144.844208,106.356544,144.844447,106.320680,136
3,2885,144.844208,106.356544,144.844447,106.320680,136
3,2886,309.846741,391.395905,309.866272,391.407668,136
3,2887,2.233496,201.595673,2.240681,201.603620,136
3,2888,309.629242,201.244095,309.675585,201.220431,136
3,2889,2.450972,391.747467,2.485811,391.725717,136
3,2890,320.803406,372.368164,320.829225,372.380531,136
3,2891,13.233708,220.598297,13.237632,220.608640,136
3,2892,320.629395,220.246719,320.678255,220.228886,136
3,2893,13.407678,372.719727,13.432245,372.708096,136
3,2894,13.190202,182.567932,13.193041,182.573211,136
3,2895,298.629089,182.241486,298.673355,182.211251,136
3,2896,13.451184,410.750122,13.484924,410.722560,136
3,2897,122.887405,106.381653,122.884527,106.349954,136
3,2898,166.801071,106.331429,166.806051,106.290925,136
3,2899,2.277003,239.626038,2.286476,239.636456,136
3,2900,331.629578,239.249359,331.681394,239.236631,136
3,2901,2.407465,353.717102,2.433557,353.709664,136
3,2902,287.628937,163.238861,287.671564,163.201343,136
3,2903,188.757904,106.306320,188.769258,106.260715,136
3,2904,243.671753,125.258705,243.700682,125.210701,136
3,2905,13.320664,296.659027,13.331674,296.666760,136
3,2906,13.277157,258.628662,13.283809,258.639827,136
3,2907,98.476479,296.653687,98.462982,296.669641,135
3,2908,109.437408,315.588470,109.424248,315.603919,135
3,2909,87.515594,277.718933,87.502226,277.734612,135
3,2910,109.394058,277.693878,109.380906,277.709304,135
3,2911,87.558952,315.613495,87.546384,315.628221,135
3,2912,120.354912,296.628693,120.342070,296.644615,135
3,2913,76.598015,296.678711,76.585555,296.694195,135
3,2914,98.519829,334.548248,98.507606,334.561500,135
3,2915,98.433128,258.759125,98.420108,258.773268,135
3,2916,98.433128,258.759125,98.420108,258.773268,135
3,2917,98.519829,334.548248,98.507606,334.561500,135
3,2918,131.315796,315.563446,131.303716,315.579147,135
3,2919,65.637131,277.743958,65.625234,277.759419,135
3,2920,131.272461,277.668884,131.261224,277.683550,135
3,2921,65.680489,315.638489,65.670204,315.652055,135
3,2922,120.398262,334.523254,120.385879,334.537450,135
3,2923,76.554665,258.784149,76.541864,258.798830,135
3,2924,120.311584,258.734100,120.300047,258.747258,135
3,2925,76.641365,334.573303,76.630989,334.585111,135
3,2926,142.233322,296.603638,142.222827,296.619087,135
3,2927,54.719551,296.703735,54.709810,296.718281,135
3,2928,109.480705,353.483063,109.469278,353.494062,135
3,2929,87.472244,239.824356,87.459822,239.836491,135
3,2930,109.350708,239.799332,109.339324,239.810211,135
3,2931,87.602242,353.508087,87.592223,353.517394,135
3,2932,153.194229,315.538422,153.184942,315.553873,135
3,2933,43.758671,277.768951,43.749923,277.783758,135
3,2934,153.150894,277.643860,153.143274,277.657319,135
3,2935,43.802025,315.663544,43.795700,315.675452,135
3,2936,142.276672,334.498230,142.265816,334.512930,135
3,2937,54.676197,258.809174,54.665307,258.823892,135
3,2938,142.189987,258.709076,142.181630,258.720772,135
3,2939,54.762901,334.598328,54.756050,334.608229,135
3,2940,131.359146,353.458008,131.347991,353.470235,135
3,2941,65.593781,239.849380,65.582012,239.862295,135
3,2942,131.229111,239.774307,131.220470,239.783468,135
3,2943,65.723778,353.533081,65.716848,353.540262,135
3,2944,164.111786,296.578613,164.105346,296.593111,135
3,2945,32.841087,296.728760,32.835741,296.741929,135
3,2946,98.563179,372.442841,98.553965,372.448935,135
3,2947,98.389832,220.864563,98.379057,220.872406,135
3,2948,98.389832,220.864563,98.379057,220.872406,135
3,2949,98.563179,372.442841,98.553965,372.448935,135
3,2950,164.155136,334.473206,164.147511,334.487938,135
3,2951,32.797737,258.834198,32.790429,258.848484,135
3,2952,164.068451,258.684052,164.064979,258.693776,135
3,2953,32.884438,334.623322,32.882782,334.630884,135
3,2954,175.072693,315.513397,175.067902,315.528151,135
3,2955,21.880266,277.794006,21.876344,277.807658,135
3,2956,175.029358,277.618835,175.027064,277.630608,135
3,2957,21.923618,315.688568,21.922923,315.698357,135
3,2958,153.237579,353.433014,153.228398,353.445966,135
3,2959,43.715321,239.874405,43.705887,239.887611,135
3,2960,153.107544,239.749298,153.103352,239.756243,135
3,2961,43.845318,353.558105,43.843145,353.562668,135
3,2962,120.441612,372.417816,120.431430,372.425852,135
3,2963,76.511368,220.889572,76.499988,220.898928,135
3,2964,120.268234,220.839523,120.259766,220.845390,135
3,2965,76.684715,372.467865,76.678152,372.471553,135
3,2966,142.320023,372.392792,142.310555,372.402275,135
3,2967,54.632904,220.914597,54.622612,220.924988,135
3,2968,142.146637,220.814499,142.142182,220.817893,135
3,2969,54.806252,372.492859,54.804013,372.493711,135
3,2970,185.990219,296.553619,185.989548,296.566657,135
3,2971,10.962681,296.753784,10.963396,296.765084,135
3,2972,109.524055,391.377625,109.516098,391.379735,135
3,2973,87.428894,201.929779,87.419186,201.933840,135
3,2974,109.307358,201.904755,109.299519,201.906566,135
3,2975,87.645592,391.402618,87.639846,391.402105,135
3,2976,186.033569,334.448181,186.030886,334.462441,135
3,2977,10.919331,258.859222,10.917280,258.872637,135
3,2978,185.946884,258.659027,185.950017,258.666325,135
3,2979,11.006033,334.648346,11.011235,334.653079,135
3,2980,175.116043,353.407990,175.110536,353.421226,135
3,2981,21.836914,239.899414,21.831498,239.912457,135
3,2982,174.986008,239.724274,174.987979,239.728520,135
3,2983,21.966911,353.583160,21.971165,353.584643,135
3,2984,196.951126,315.488373,196.952548,315.501952,135
3,2985,0.001803,277.819031,0.004373,277.831065,135
3,2986,196.907791,277.593811,196.912544,277.603386,135
3,2987,0.045155,315.713562,0.051751,315.720801,135
3,2988,164.198486,372.367767,164.191433,372.378258,135
3,2989,32.754440,220.939636,32.746919,220.950574,135
3,2990,164.025101,220.789490,164.026370,220.789926,135
3,2991,32.927788,372.517914,32.931540,372.515438,135
3,2992,131.402466,391.352600,131.393975,391.356901,135
3,2993,65.550430,201.954819,65.540551,201.960634,135
3,2994,131.185760,201.879745,131.181498,201.878825,135
3,2995,65.767128,391.427673,65.765269,391.424043,135
3,2996,153.280899,391.327545,153.273571,391.333574,135
3,2997,43.671970,201.979828,43.663606,201.986936,135
3,2998,153.064194,201.854706,153.065219,201.850584,135
3,2999,43.888668,391.452698,43.892361,391.445495,135
3,3000,207.868652,296.528595,207.875471,296.539720,135
3,3001,10.962681,296.753784,10.963396,296.765084,135
3,3002,98.606529,410.337402,98.602046,410.331919,135
3,3003,98.346481,182.969986,98.339727,182.966979,135
3,3004,98.346481,182.969986,98.339727,182.966979,135
3,3005,98.606529,410.337402,98.602046,410.331919,135
3,3006,196.994476,353.382935,196.994354,353.395982,135
3,3007,196.864441,239.699234,196.874299,239.700311,135
3,3008,0.088448,353.608154,0.100785,353.606133,135
3,3009,207.912003,334.423157,207.915975,334.436496,135
3,3010,10.919331,258.859222,10.917280,258.872637,135
3,3011,207.825317,258.634003,207.836780,258.638390,135
3,3012,11.006033,334.648346,11.011235,334.653079,135
3,3013,186.076920,372.342743,186.073986,372.353769,135
3,3014,10.876036,220.964645,10.872960,220.975675,135
3,3015,185.903534,220.764465,185.912250,220.761472,135
3,3016,11.049384,372.542938,11.060784,372.536681,135
3,3017,120.484940,410.312378,120.478681,410.309796,135
3,3018,76.468018,182.994995,76.459828,182.994497,135
3,3019,120.224884,182.944962,120.221272,182.938963,135
3,3020,76.728065,410.362457,76.727030,410.353610,135
3,3021,218.829559,315.463379,218.838915,315.475271,135
3,3022,0.001803,277.819031,0.004373,277.831065,135
3,3023,218.786224,277.568787,218.799750,277.575708,135
3,3024,0.045155,315.713562,0.051751,315.720801,135
3,3025,175.159363,391.302551,175.154892,391.309806,135
3,3026,21.793564,202.004852,21.788401,202.012779,135
3,3027,174.942657,201.829697,174.950689,201.821870,135
3,3028,22.010262,391.477692,22.021170,391.466491,135
3,3029,142.363342,410.287384,142.357000,410.287211,135
3,3030,54.589554,183.020035,54.581625,183.021549,135
3,3031,142.103287,182.919937,142.104528,182.910476,135
3,3032,54.849606,410.387451,54.853684,410.374816,135
3,3033,164.241806,410.262329,164.237067,410.264132,135
3,3034,32.711090,183.045044,32.705110,183.048110,135
3,3035,163.981750,182.894913,163.989560,182.881487,135
3,3036,32.971142,410.412476,32.982000,410.395566,135
3,3037,229.747086,296.503540,229.763122,296.512270,135
3,3038,10.962681,296.753784,10.963396,296.765084,135
3,3039,109.567406,429.272186,109.564636,429.260998,135
3,3040,87.385544,164.035217,87.380334,164.026626,135
3,3041,109.264008,164.010193,109.261503,163.998350,135
3,3042,87.688942,429.297211,87.689180,429.282443,135
3,3043,218.872910,353.357910,218.879889,353.370291,135
3,3044,218.742874,239.674225,218.762351,239.671628,135
3,3045,0.088448,353.608154,0.100785,353.606133,135
3,3046,207.955353,372.317719,207.958249,372.328778,135
3,3047,10.876036,220.964645,10.872960,220.975675,135
3,3048,207.781967,220.739441,207.799860,220.732514,135
3,3049,11.049384,372.542938,11.060784,372.536681,135
3,3050,229.790436,334.398132,229.802788,334.410070,135
3,3051,10.919331,258.859222,10.917280,258.872637,135
3,3052,229.703766,258.609009,229.725275,258.609965,135
3,3053,11.006033,334.648346,11.011235,334.653079,135
3,3054,197.037796,391.277527,197.037890,391.285569,135
3,3055,196.821091,201.804672,196.837859,201.792651,135
3,3056,0.131800,391.502716,0.151575,391.487033,135
3,3057,131.445816,429.247162,131.441713,429.239122,135
3,3058,65.507080,164.060242,65.500867,164.054418,135
3,3059,131.142441,163.985168,131.144353,163.969602,135
3,3060,65.810486,429.322235,65.815395,429.303402,135
3,3061,240.707993,315.438324,240.727011,315.448077,135
3,3062,0.001803,277.819031,0.004373,277.831065,135
3,3063,240.664673,277.543762,240.688690,277.547543,135
3,3064,0.045155,315.713562,0.051751,315.720801,135
3,3065,186.120239,410.237305,186.118805,410.240615,135
3,3066,10.832685,183.070068,10.830334,183.074209,135
3,3067,185.860184,182.869904,185.876290,182.852021,135
3,3068,11.092735,410.437531,11.112028,410.415892,135
3,3069,153.324249,429.222137,153.320503,429.216784,135
3,3070,43.628616,164.085266,43.623094,164.081716,135
3,3071,153.020874,163.960144,153.028920,163.940351,135
3,3072,43.932018,429.347260,43.943274,429.323907,135
3,3073,98.649826,448.231995,98.651777,448.210542,135
3,3074,98.303131,145.075409,98.302191,145.056968,135
3,3075,98.303131,145.075409,98.302191,145.056968,135
3,3076,98.649826,448.231995,98.651777,448.210542,135
3,3077,229.833786,372.292694,229.844231,372.303338,135
3,3078,10.876036,220.964645,10.872960,220.975675,135
3,3079,229.660400,220.714417,229.689207,220.703064,135
3,3080,11.049384,372.542938,11.060784,372.536681,135
3,3081,240.751343,353.332916,240.767149,353.344119,135
3,3082,240.621307,239.649200,240.652142,239.642438,135
3,3083,0.088448,353.608154,0.100785,353.606133,135
3,3084,218.916229,391.252502,218.922601,391.260857,135
3,3085,218.699524,201.779648,218.726763,201.762953,135
3,3086,0.131800,391.502716,0.151575,391.487033,135
3,3087,175.202713,429.197083,175.201016,429.193953,135
3,3088,21.750212,164.110291,21.747066,164.108549,135
3,3089,174.899338,163.935120,174.915240,163.910622,135
3,3090,22.053614,429.372253,22.072866,429.343960,135
3,3091,120.528290,448.206940,120.527674,448.189342,135
3,3092,76.424667,145.100433,76.421454,145.085491,135
3,3093,120.181564,145.050385,120.184608,145.027944,135
3,3094,76.771362,448.256989,76.777552,448.231256,135
3,3095,251.625549,296.478546,251.652536,296.484362,135
3,3096,10.962681,296.753784,10.963396,296.765084,135
3,3097,251.668900,334.373108,251.691361,334.383132,135
3,3098,10.919331,258.859222,10.917280,258.872637,135
3,3099,251.582214,258.583984,251.615539,258.581050,135
3,3100,11.006033,334.648346,11.011235,334.653079,135
3,3101,207.998672,410.212311,208.002250,410.216627,135
3,3102,10.832685,183.070068,10.830334,183.074209,135
3,3103,207.738617,182.844864,207.764754,182.822047,135
3,3104,11.092735,410.437531,11.112028,410.415892,135
3,3105,142.406693,448.181915,142.405194,448.167713,135
3,3106,54.546204,145.125458,54.542418,145.113544,135
3,3107,142.059967,145.025375,142.068711,144.998444,135
3,3108,54.892899,448.282013,54.904992,448.251517,135
3,3109,262.586456,315.413300,262.616873,315.420426,135
3,3110,0.001803,277.819031,0.004373,277.831065,135
3,3111,262.543121,277.518738,262.579400,277.518887,135
3,3112,0.045155,315.713562,0.051751,315.720801,135
3,3113,197.081146,429.172089,197.083200,429.170685,135
3,3114,196.777771,163.910095,196.803265,163.880385,135
3,3115,0.175151,429.397278,0.204051,429.363563,135
3,3116,164.285156,448.156921,164.284458,448.145622,135
3,3117,32.667740,145.150467,32.665074,145.141101,135
3,3118,163.938431,145.000336,163.954595,144.968438,135
3,3119,33.014435,448.307068,33.034090,448.271355,135
3,3120,87.342247,126.140625,87.343337,126.114801,135
3,3121,109.220711,126.115601,109.225350,126.085515,135
3,3122,251.712250,372.267670,251.731969,372.277420,135
3,3123,10.876036,220.964645,10.872960,220.975675,135
3,3124,251.538864,220.689392,251.580327,220.673133,135
3,3125,11.049384,372.542938,11.060784,372.536681,135
3,3126,240.794662,391.227478,240.809031,391.235642,135
3,3127,240.577957,201.754623,240.617411,201.732746,135
3,3128,0.131800,391.502716,0.151575,391.487033,135
3,3129,262.629791,353.307892,262.656170,353.317465,135
3,3130,262.499786,239.624161,262.543707,239.612754,135
3,3131,0.088448,353.608154,0.100785,353.606133,135
3,3132,229.877106,410.187286,229.887408,410.192166,135
3,3133,10.832685,183.070068,10.830334,183.074209,135
3,3134,229.617050,182.819839,229.654960,182.791576,135
3,3135,11.092735,410.437531,11.112028,410.415892,135
3,3136,65.463783,126.165657,65.463031,126.143601,135
3,3137,131.099091,126.090584,131.108991,126.055752,135
3,3138,10.789333,145.175507,10.789474,145.168194,135
3,3139,185.816864,144.975327,185.842181,144.937951,135
3,3140,273.503967,296.453522,273.543666,296.455965,135
3,3141,10.962681,296.753784,10.963396,296.765084,135
3,3142,10.919331,258.859222,10.917280,258.872637,135
3,3143,273.460663,258.558929,273.507523,258.551612,135
3,3144,11.006033,334.648346,11.011235,334.653079,135
3,3145,218.656204,163.885086,218.693030,163.849665,135
3,3146,0.175151,429.397278,0.204051,429.363563,135
3,3147,43.585323,126.190674,43.584424,126.171901,135
3,3148,152.977524,126.065552,152.994411,126.025481,135
3,3149,0.001803,277.819031,0.004373,277.831065,135
3,3150,0.045155,315.713562,0.051751,315.720801,135
3,3151,10.789333,145.175507,10.789474,145.168194,135
3,3152,10.876036,220.964645,10.872960,220.975675,135
3,3153,10.832685,183.070068,10.830334,183.074209,135
3,3154,411.118561,235.441864,411.178842,235.452327,128
3,3155,421.161255,252.790497,421.257431,252.860238,128
3,3156,401.075806,218.093170,401.101214,218.042733,128
3,3157,421.121582,218.070251,421.217924,218.018971,128
3,3158,401.115540,252.813446,401.142613,252.881811,128
3,3159,431.164307,235.418915,431.296491,235.429112,128
3,3160,391.072815,235.464783,391.064990,235.474444,128
3,3161,411.158234,270.162109,411.221219,270.287553,128
3,3162,411.078857,200.721603,411.140345,200.607193,128
3,3163,411.078857,200.721603,411.140345,200.607193,128
3,3164,411.158234,270.162109,411.221219,270.287553,128
3,3165,441.207001,252.767578,441.376049,252.837621,128
3,3166,381.030090,218.116104,380.988351,218.065435,128
3,3167,441.167328,218.047333,441.338417,217.994131,128
3,3168,381.069794,252.836365,381.031577,252.902295,128
3,3169,431.204010,270.139191,431.337032,270.266575,128
3,3170,391.033081,200.744522,391.024599,200.631543,128
3,3171,431.124573,200.698669,431.259846,200.581776,128
3,3172,391.112518,270.185028,391.109218,270.307470,128
3,3173,451.210052,235.395996,451.417981,235.404846,128
3,3174,371.027069,235.487701,370.954917,235.495496,128
3,3175,421.200989,287.510773,421.300835,287.691676,128
3,3176,401.036102,183.372940,401.063730,183.193772,128
3,3177,421.081848,183.350006,421.182294,183.167764,128
3,3178,401.155243,287.533691,401.187866,287.711027,128
3,3179,461.252777,252.744659,461.498510,252.813928,128
3,3180,360.984314,218.139038,360.879210,218.087071,128
3,3181,461.213043,218.024399,461.462739,217.968192,128
3,3182,361.024048,252.859283,360.924307,252.921720,128
3,3183,451.249756,270.116241,451.456621,270.244501,128
3,3184,370.987366,200.767456,370.912668,200.654805,128
3,3185,451.170349,200.675751,451.383225,200.555259,128
3,3186,371.066803,270.207947,371.001013,270.326330,128
3,3187,441.246735,287.487854,441.417593,287.671264,128
3,3188,380.990387,183.395859,380.948969,183.218686,128
3,3189,441.127625,183.327072,441.304706,183.140667,128
3,3190,381.109497,287.556610,381.078670,287.729324,128
3,3191,471.255768,235.373077,471.543249,235.379497,128
3,3192,350.981293,235.510635,350.848579,235.515502,128
3,3193,411.039124,166.001343,411.105734,165.752117,128
3,3194,411.039124,166.001343,411.105734,165.752117,128
3,3195,350.941589,200.790375,350.804483,200.677013,128
3,3196,360.944611,183.418793,360.837969,183.242537,128
3,3197,390.993378,166.024277,390.988103,165.778705,128
3,3198,431.084839,165.978424,431.227129,165.724452,128
3,3199,387.526031,236.709152,387.519206,236.718599,8
3,3200,397.997986,254.799301,397.993097,254.810928,8
3,3201,377.054108,218.619003,377.046077,218.624995,8
3,3202,397.956573,218.595093,397.952989,218.599883,8
3,3203,377.095490,254.823196,377.087594,254.834320,8
3,3204,408.428528,236.685257,408.426890,236.693942,8
3,3205,366.623535,236.733063,366.614448,236.742430,8
3,3206,387.567444,272.913330,387.561500,272.924954,8
3,3207,387.484619,200.504974,387.479881,200.504599,8
3,3208,387.484619,200.504974,387.479881,200.504599,8
3,3209,387.567444,272.913330,387.561500,272.924954,8
3,3210,418.900482,254.775375,418.901528,254.786684,8
3,3211,356.151581,218.642914,356.142034,218.649281,8
3,3212,418.859100,218.571198,418.862893,218.573952,8
3,3213,356.192993,254.847092,356.185008,254.856892,8
3,3214,408.469910,272.889435,408.467750,272.902000,8
3,3215,366.582123,200.528870,366.573684,200.530141,8
3,3216,408.387146,200.481064,408.389040,200.478210,8
3,3217,366.664978,272.937225,366.658197,272.947088,8
3,3218,429.331024,236.661331,429.337514,236.668427,8
3,3219,345.721039,236.756973,345.712576,236.765454,8
3,3220,398.039398,291.003479,398.036194,291.014335,8
3,3221,377.012695,182.414810,377.007536,182.408018,8
3,3222,397.915161,182.390915,397.915925,182.381197,8
3,3223,377.136902,291.027374,377.132116,291.036034,8
3,3224,439.802979,254.751465,439.812902,254.761638,8
3,3225,335.249054,218.666824,335.240902,218.672730,8
3,3226,439.761566,218.547302,439.775721,218.547184,8
3,3227,335.290466,254.871017,335.285296,254.878675,8
3,3228,429.372437,272.865540,429.376958,272.878223,8
3,3229,345.679626,200.552780,345.670381,200.554868,8
3,3230,429.289612,200.457153,429.301092,200.450996,8
3,3231,345.762451,272.961151,345.757744,272.968436,8
3,3232,418.941895,290.979584,418.943192,290.991818,8
3,3233,356.110168,182.438736,356.102052,182.434018,8
3,3234,418.817657,182.367004,418.827259,182.353523,8
3,3235,356.234375,291.051300,356.230919,291.056947,8
3,3236,450.233551,236.637436,450.251120,236.642103,8
3,3237,324.818542,236.780884,324.813631,236.787660,8
3,3238,387.608826,309.117554,387.606766,309.123760,8
3,3239,387.443207,164.300781,387.443577,164.282909,8
3,3240,387.443207,164.300781,387.443577,164.282909,8
3,3241,387.608826,309.117554,387.606766,309.123760,8
3,3242,450.274933,272.841614,450.289084,272.853589,8
3,3243,324.777130,200.576675,324.770013,200.578758,8
3,3244,450.192139,200.433243,450.216161,200.422927,8
3,3245,324.859955,272.985046,324.860209,272.988946,8
3,3246,460.705475,254.727570,460.727260,254.735757,8
3,3247,314.346588,218.690720,314.342722,218.695362,8
3,3248,460.664062,218.523376,460.691513,218.519561,8
3,3249,314.388000,254.894928,314.388528,254.899620,8
3,3250,439.844391,290.955688,439.853125,290.968478,8
3,3251,335.207642,182.462631,335.199487,182.459175,8
3,3252,439.720184,182.343094,439.741580,182.325005,8
3,3253,335.331879,291.075195,335.332616,291.077023,8
3,3254,408.511353,309.093628,408.511620,309.102468,8
3,3255,366.540741,164.324677,366.535957,164.310177,8
3,3256,408.345734,164.276871,408.354196,164.254787,8
3,3257,366.706360,309.141449,366.704877,309.144212,8
3,3258,429.413849,309.069702,429.419370,309.080386,8
3,3259,345.638214,164.348587,345.631210,164.336623,8
3,3260,429.248199,164.252960,429.267716,164.225834,8
3,3261,345.803833,309.165344,345.805831,309.163856,8
3,3262,471.136017,236.613541,471.167637,236.614939,8
3,3263,303.916046,236.804779,303.917573,236.809041,8
3,3264,398.080811,327.207672,398.082256,327.210214,8
3,3265,376.971252,146.210632,376.972024,146.183329,8
3,3266,397.873779,146.186722,397.881902,146.154772,8
3,3267,377.178314,327.231567,377.179564,327.230234,8
3,3268,471.177429,272.817719,471.204169,272.828149,8
3,3269,303.874634,200.600586,303.872540,200.601843,8
3,3270,303.957458,273.008972,303.965554,273.008650,8
3,3271,460.746918,290.931763,460.766033,290.944284,8
3,3272,314.305176,182.486542,314.299882,182.483521,8
3,3273,314.429413,291.099091,314.437250,291.096296,8
3,3274,293.444092,218.714645,293.447370,218.717207,8
3,3275,293.485504,254.918823,293.494582,254.919758,8
3,3276,324.735718,164.372498,324.729408,164.362225,8
3,3277,324.901337,309.189240,324.909696,309.182697,8
3,3278,418.983276,327.183746,418.987806,327.189355,8
3,3279,356.275818,327.255463,356.279799,327.249447,8
3,3280,353.680237,256.823456,353.670405,256.834196,166
3,3281,364.287292,275.146973,364.278714,275.159157,166
3,3282,343.073151,238.499939,343.062775,238.508125,166
3,3283,364.245331,238.475723,364.237407,238.483137,166
3,3284,343.115112,275.171204,343.105354,275.182644,166
3,3285,374.852386,256.799255,374.845673,256.809614,166
3,3286,332.508026,256.847687,332.497708,256.858073,166
3,3287,353.722137,293.494720,353.713649,293.506096,166
3,3288,353.638275,220.152191,353.629794,220.155532,166
3,3289,353.638275,220.152191,353.629794,220.155532,166
3,3290,353.722137,293.494720,353.713649,293.506096,166
3,3291,385.459442,275.122772,385.454621,275.134966,166
3,3292,321.901001,238.524155,321.890768,238.532379,166
3,3293,385.417511,238.451508,385.414621,238.457426,166
3,3294,321.942963,275.195404,321.934612,275.205376,166
3,3295,374.894348,293.470490,374.887675,293.482997,166
3,3296,332.466095,220.176407,332.455824,220.180899,166
3,3297,374.810455,220.127975,374.806372,220.129414,166
3,3298,332.549957,293.518951,332.542216,293.528440,166
3,3299,396.024536,256.775024,396.023553,256.784296,166
3,3300,311.335907,256.871887,311.327656,256.881193,166
3,3301,364.329224,311.818268,364.322649,311.828431,166
3,3302,343.031219,201.828674,343.022863,201.826796,166
3,3303,364.203400,201.804443,364.198778,201.800282,166
3,3304,343.157043,311.842468,343.150550,311.850389,166
3,3305,406.631592,275.098572,406.633170,275.110039,166
3,3306,300.728821,238.548370,300.721347,238.555889,166
3,3307,406.589661,238.427307,406.594456,238.430974,166
3,3308,300.770782,275.219635,300.766449,275.227385,166
3,3309,396.066498,293.446289,396.064278,293.459195,166
3,3310,311.293945,220.200607,311.284505,220.205531,166
3,3311,395.982605,220.103760,395.985512,220.102552,166
3,3312,311.377838,293.543152,311.373419,293.550062,166
3,3313,385.501343,311.794037,385.497288,311.805747,166
3,3314,321.859039,201.852875,321.849581,201.852556,166
3,3315,385.375549,201.780243,385.377282,201.773038,166
3,3316,321.984863,311.866669,321.981063,311.871626,166
3,3317,417.196716,256.750793,417.204057,256.758209,166
3,3318,290.163727,256.896088,290.160124,256.903590,166
3,3319,353.764099,330.165985,353.759561,330.171226,166
3,3320,353.596313,183.480927,353.591869,183.470014,166
3,3321,353.596313,183.480927,353.591869,183.470014,166
3,3322,353.764099,330.165985,353.759561,330.171226,166
3,3323,417.238647,293.422089,417.243497,293.434659,166
3,3324,290.121765,220.224838,290.115714,220.229460,166
3,3325,417.154785,220.079544,417.167340,220.074957,166
3,3326,290.205627,293.567383,290.207136,293.570994,166
3,3327,427.803772,275.074341,427.814372,275.084373,166
3,3328,279.556671,238.572571,279.554500,238.578674,166
3,3329,427.761841,238.403076,427.776925,238.403747,166
3,3330,279.598633,275.243866,279.600852,275.248702,166
3,3331,406.673553,311.769806,406.674589,311.782306,166
3,3332,300.686890,201.877106,300.678892,201.877595,166
3,3333,406.547729,201.756027,406.558443,201.745032,166
3,3334,300.812714,311.890900,300.814146,311.892174,166
3,3335,374.936249,330.141785,374.932299,330.149653,166
3,3336,332.424133,183.505127,332.416614,183.496911,166
3,3337,374.768524,183.456711,374.769738,183.442359,166
3,3338,332.591919,330.190216,332.589380,330.192107,166
3,3339,396.108459,330.117584,396.107663,330.127356,166
3,3340,311.252014,183.529358,311.244018,183.523080,166
3,3341,395.940674,183.432495,395.950205,183.413968,166
3,3342,311.419769,330.214417,311.421828,330.212243,166
3,3343,438.368866,256.726593,438.387197,256.731405,166
3,3344,268.991547,256.920349,268.995184,256.925294,166
3,3345,364.371185,348.489502,364.369246,348.490954,166
3,3346,342.989288,165.157410,342.985670,165.138607,166
3,3347,364.161469,165.133179,364.162879,165.110553,166
3,3348,343.198975,348.513733,343.198398,348.511452,166
3,3349,438.410828,293.397888,438.425345,293.409384,166
3,3350,268.949615,220.249054,268.949522,220.252635,166
3,3351,438.326935,220.055344,438.351783,220.046611,166
3,3352,269.033478,293.591583,269.043438,293.591184,166
3,3353,427.845703,311.745605,427.854481,311.758159,166
3,3354,279.514709,201.901321,279.510784,201.901903,166
3,3355,427.719879,201.731812,427.742188,201.716287,166
3,3356,279.640564,311.915100,279.649790,311.911980,166
3,3357,448.975952,275.050110,448.998185,275.057934,166
3,3358,258.384491,238.596802,258.390188,238.600752,166
3,3359,448.934021,238.378860,448.962067,238.375798,166
3,3360,258.426453,275.268066,258.437784,275.269276,166
3,3361,417.280579,330.093353,417.285581,330.104302,166
3,3362,290.079803,183.553558,290.073956,183.548500,166
3,3363,417.112823,183.408279,417.133312,183.384810,166
3,3364,290.247589,330.238647,290.256784,330.231667,166
3,3365,385.543304,348.465302,385.542627,348.469765,166
3,3366,321.817108,165.181610,321.811102,165.165901,166
3,3367,385.333588,165.108978,385.342656,165.081763,166
3,3368,322.026825,348.537964,322.030154,348.531206,166
3,3369,406.715485,348.441101,406.718663,348.447853,166
3,3370,300.644958,165.205826,300.639133,165.192467,166
3,3371,406.505798,165.084747,406.525125,165.052204,166
3,3372,300.854675,348.562164,300.864474,348.550249,166
3,3373,459.541046,256.702393,459.573013,256.703851,166
3,3374,247.819366,256.944550,247.832770,256.946254,166
3,3375,353.806061,366.837280,353.808090,366.829692,166
3,3376,353.806061,366.837280,353.808090,366.829692,166
3,3377,449.017853,311.721405,449.037004,311.733275,166
3,3378,448.892059,201.707596,448.928643,201.686772,166
3,3379,459.583008,293.373627,459.609862,293.383338,166
3,3380,459.499115,220.031113,459.538881,220.017495,166
3,3381,438.452759,330.069122,438.466176,330.080543,166
3,3382,374.978210,366.813049,374.979579,366.809604,166
3,3383,332.633881,366.861481,332.639151,366.849065,166
3,3384,352.916260,256.939331,352.904077,256.952156,167
3,3385,363.703125,275.573425,363.691960,275.587361,167
3,3386,342.129425,238.305283,342.116762,238.316024,167
3,3387,363.660461,238.280640,363.650421,238.290416,167
3,3388,342.172089,275.598053,342.159366,275.611715,167
3,3389,374.447266,256.914734,374.438264,256.926890,167
3,3390,331.385254,256.963989,331.372038,256.976836,167
3,3391,352.958893,294.232147,352.947233,294.245658,167
3,3392,352.873596,219.646576,352.863122,219.652998,167
3,3393,352.873596,219.646576,352.863122,219.652998,167
3,3394,352.958893,294.232147,352.947233,294.245658,167
3,3395,385.234070,275.548798,385.226677,275.562422,167
3,3396,320.598450,238.329910,320.585306,238.341017,167
3,3397,385.191437,238.256027,385.186237,238.264205,167
3,3398,320.641113,275.622681,320.628969,275.635432,167
3,3399,374.489929,294.207489,374.480385,294.221628,167
3,3400,331.342590,219.671188,331.330016,219.678920,167
3,3401,374.404633,219.621933,374.398410,219.626443,167
3,3402,331.427887,294.256744,331.416252,294.269050,167
3,3403,395.978271,256.890106,395.974637,256.901008,167
3,3404,309.854279,256.988617,309.842223,257.000878,167
3,3405,363.745758,312.866211,363.735696,312.878665,167
3,3406,342.086761,201.012497,342.076393,201.014632,167
3,3407,363.617798,200.987854,363.611126,200.987746,167
3,3408,342.214722,312.890839,342.204158,312.901735,167
3,3409,406.765076,275.524170,406.763610,275.536867,167
3,3410,299.067444,238.354523,299.056015,238.365385,167
3,3411,406.722443,238.231415,406.724248,238.237372,167
3,3412,299.110107,275.647308,299.100731,275.658543,167
3,3413,396.020935,294.182861,396.015689,294.197015,167
3,3414,309.811615,219.695801,309.799141,219.704227,167
3,3415,395.935608,219.597305,395.935834,219.599266,167
3,3416,309.896912,294.281372,309.887489,294.291838,167
3,3417,385.276703,312.841614,385.269350,312.854988,167
3,3418,320.555786,201.037109,320.543868,201.040884,167
3,3419,385.148773,200.963242,385.148023,200.960252,167
3,3420,320.683746,312.915466,320.674811,312.924200,167
3,3421,417.509247,256.865448,417.513208,256.874476,167
3,3422,288.323273,257.013214,288.314508,257.024313,167
3,3423,353.001556,331.524902,352.992629,331.533489,167
3,3424,352.830933,182.353790,352.824415,182.348099,167
3,3425,352.830933,182.353790,352.824415,182.348099,167
3,3426,353.001556,331.524902,352.992629,331.533489,167
3,3427,417.551910,294.158264,417.553183,294.171787,167
3,3428,288.280609,219.720444,288.270372,219.728950,167
3,3429,417.466614,219.572693,417.475518,219.571477,167
3,3430,288.365906,294.306030,288.360820,294.314052,167
3,3431,428.296082,275.499573,428.302771,275.510693,167
3,3432,277.536438,238.379150,277.528878,238.389145,167
3,3433,428.253418,238.206772,428.264464,238.209887,167
3,3434,277.579102,275.671936,277.574642,275.681080,167
3,3435,406.807739,312.816956,406.805243,312.830672,167
3,3436,299.024780,201.061737,299.013515,201.066534,167
3,3437,406.679810,200.938614,406.687148,200.932117,167
3,3438,299.152740,312.940094,299.147617,312.946093,167
3,3439,374.532562,331.500305,374.524697,331.510741,167
3,3440,331.299927,182.378403,331.290235,182.375302,167
3,3441,374.361969,182.329147,374.360785,182.320258,167
3,3442,331.470551,331.549561,331.462697,331.555661,167
3,3443,396.063599,331.475677,396.058969,331.487388,167
3,3444,309.768951,182.403030,309.758289,182.401899,167
3,3445,395.892975,182.304535,395.899326,182.291804,167
3,3446,309.939575,331.574188,309.934976,331.577204,167
3,3447,439.040253,256.840851,439.053986,256.847349,167
3,3448,266.792267,257.037872,266.788970,257.047174,167
3,3449,363.788422,350.158997,363.781665,350.164314,167
3,3450,342.044128,163.719711,342.038305,163.707498,167
3,3451,363.575165,163.695068,363.574122,163.679324,167
3,3452,342.257385,350.183624,342.251175,350.186166,167
3,3453,439.082916,294.133636,439.092879,294.145940,167
3,3454,266.749603,219.745071,266.743784,219.753037,167
3,3455,438.997620,219.548065,439.017387,219.543059,167
3,3456,266.834900,294.330627,266.836321,294.335640,167
3,3457,428.338715,312.792328,428.343301,312.805770,167
3,3458,277.493774,201.086380,277.485323,201.091571,167
3,3459,428.210754,200.913986,428.228428,200.903366,167
3,3460,277.621735,312.964722,277.622567,312.967360,167
3,3461,449.827087,275.474915,449.844112,275.483867,167
3,3462,256.005432,238.403778,256.003859,238.412316,167
3,3463,449.784454,238.182144,449.806923,238.181801,167
3,3464,256.048096,275.696564,256.050664,275.702989,167
3,3465,417.594543,331.451019,417.595369,331.463395,167
3,3466,288.237946,182.427643,288.228456,182.427865,167
3,3467,417.423950,182.279907,417.440076,182.262704,167
3,3468,288.408569,331.598785,288.409345,331.598151,167
3,3469,385.319366,350.134369,385.314266,350.141888,167
3,3470,320.513153,163.744324,320.504704,163.735034,167
3,3471,385.106110,163.670456,385.112080,163.650535,167
3,3472,320.726410,350.208252,320.722870,350.207390,167
3,3473,406.850403,350.109741,406.849101,350.118856,167
3,3474,298.982147,163.768951,298.973279,163.761962,167
3,3475,406.637146,163.645828,406.652301,163.621100,167
3,3476,299.195404,350.232880,299.196711,350.228018,167
3,3477,460.571259,256.816223,460.597009,256.819594,167
3,3478,245.261246,257.062500,245.265540,257.069406,167
3,3479,353.044220,368.817719,353.040217,368.815746,167
3,3480,352.788300,145.061005,352.788005,145.037432,167
3,3481,352.788300,145.061005,352.788005,145.037432,167
3,3482,353.044220,368.817719,353.040217,368.815746,167
3,3483,449.869720,312.767731,449.883562,312.780249,167
3,3484,255.962769,201.110992,255.959253,201.115985,167
3,3485,449.741791,200.889359,449.771986,200.873966,167
3,3486,256.090729,312.989319,256.099622,312.988032,167
3,3487,460.613922,294.109009,460.634814,294.119442,167
3,3488,245.218582,219.769684,245.219311,219.776519,167
3,3489,460.528595,219.523438,460.561479,219.513994,167
3,3490,245.303879,294.355255,245.313926,294.356633,167
3,3491,439.125580,331.426422,439.134020,331.438817,167
3,3492,266.706940,182.452286,266.700811,182.453231,167
3,3493,438.954987,182.255264,438.983073,182.232970,167
3,3494,266.877563,331.623413,266.885877,331.618505,167
3,3495,374.575226,368.793091,374.571240,368.794242,167
3,3496,331.257294,145.085617,331.252740,145.065927,167
3,3497,374.319305,145.036362,374.325438,145.008294,167
3,3498,331.513214,368.842316,331.511325,368.836651,167
3,3499,471.358093,275.450287,471.387672,275.456442,167
3,3500,234.474442,238.428406,234.481004,238.434886,167
3,3501,471.315430,238.157532,471.351551,238.153083,167
3,3502,234.517105,275.721191,234.528845,275.724303,167
3,3503,428.381378,350.085144,428.386093,350.095215,167
3,3504,277.451141,163.793594,277.444022,163.788273,167
3,3505,428.168091,163.621201,428.194683,163.591044,167
3,3506,277.664398,350.257507,277.672691,350.248082,167
3,3507,396.106232,368.768433,396.104431,368.772108,167
3,3508,309.726318,145.110245,309.719716,145.093810,167
3,3509,395.850311,145.011749,395.865104,144.978537,167
3,3510,309.982239,368.866943,309.984639,368.856961,167
3,3511,417.637207,368.743835,417.639801,368.749398,167
3,3512,288.195312,145.134857,288.188810,145.121057,167
3,3513,417.381287,144.987122,417.406929,144.948129,167
3,3514,288.451233,368.891602,288.460036,368.876708,167
3,3515,482.102264,256.791595,482.142231,256.791208,167
3,3516,223.730255,257.087097,223.744267,257.091041,167
3,3517,363.831055,387.451782,363.829795,387.444404,167
3,3518,342.001465,126.426910,342.002463,126.394566,167
3,3519,363.532501,126.402275,363.539372,126.365091,167
3,3520,342.300018,387.476410,342.300343,387.464992,167
3,3521,471.400757,312.743103,471.426064,312.754107,167
3,3522,234.431778,201.135620,234.435354,201.139808,167
3,3523,234.559738,313.013977,234.578830,313.008143,167
3,3524,460.656586,331.401794,460.674876,331.413622,167
3,3525,245.175919,182.476898,245.175287,182.477973,167
3,3526,245.346542,331.648071,245.364507,331.638297,167
3,3527,223.687592,219.794312,223.697001,219.799413,167
3,3528,223.772888,294.379913,223.793681,294.377062,167
3,3529,449.912384,350.060486,449.925282,350.070933,167
3,3530,255.920135,163.818207,255.916893,163.813956,167
3,3531,256.133392,350.282135,256.150770,350.267528,167
3,3532,385.362030,387.427185,385.361379,387.423219,167
3,3533,320.769043,387.501038,320.773070,387.485013,167
3,3534,212.943436,238.453018,212.960275,238.456844,167
3,3535,212.986099,275.745789,213.009146,275.745024,167
3,3536,266.920227,368.916199,266.937591,368.895838,167
3,3537,299.238037,387.525665,299.247939,387.504415,167
3,3538,410.441254,236.644241,410.436791,236.652914,6
3,3539,420.664062,254.304016,420.662380,254.315892,6
3,3540,400.218384,218.984421,400.212080,218.988385,6
3,3541,420.623657,218.961090,420.623550,218.963614,6
3,3542,400.258820,254.327377,400.252651,254.338655,6
3,3543,430.846497,236.620895,430.849120,236.628643,6
3,3544,390.036011,236.667572,390.027948,236.676173,6
3,3545,410.481659,271.987183,410.478258,271.999643,6
3,3546,410.400848,201.301300,410.398889,201.297082,6
3,3547,410.400848,201.301300,410.398889,201.297082,6
3,3548,410.481659,271.987183,410.478258,271.999643,6
3,3549,441.069305,254.280685,441.075599,254.292172,6
3,3550,379.813171,219.007767,379.804148,219.012182,6
3,3551,441.028900,218.937759,441.038492,218.937852,6
3,3552,379.853577,254.350708,379.846396,254.360412,6
3,3553,430.886932,271.963837,430.888903,271.977429,6
3,3554,389.995575,201.324646,389.988303,201.322393,6
3,3555,430.806061,201.277969,430.812917,201.270790,6
3,3556,390.076416,272.010498,390.071116,272.020881,6
3,3557,451.251770,236.597565,451.264979,236.603409,6
3,3558,369.630737,236.690903,369.622576,236.698453,6
3,3559,420.704498,289.646973,420.704795,289.659144,6
3,3560,400.177979,183.641510,400.175110,183.629040,6
3,3561,420.583221,183.618164,420.588280,183.602205,6
3,3562,400.299255,289.670288,400.296765,289.679863,6
3,3563,461.474579,254.257355,461.492352,254.267464,6
3,3564,359.407898,219.031113,359.399630,219.034999,6
3,3565,461.434143,218.914429,461.456951,218.911079,6
3,3566,359.448334,254.374039,359.443599,254.381198,6
3,3567,451.292175,271.940491,451.303015,271.954206,6
3,3568,369.590332,201.347977,369.581225,201.346704,6
3,3569,451.211334,201.254623,451.230512,201.243486,6
3,3570,369.671173,272.033844,369.667463,272.041147,6
3,3571,441.109741,289.623627,441.116305,289.637450,6
3,3572,379.772736,183.664841,379.765433,183.654868,6
3,3573,440.988495,183.594818,441.004988,183.574368,6
3,3574,379.894012,289.693634,379.892199,289.699611,6
3,3575,471.656982,236.574234,471.684304,236.577178,6
3,3576,349.225464,236.714249,349.220633,236.719773,6
3,3577,410.522095,307.330078,410.523287,307.337362,6
3,3578,410.360413,165.958359,410.364556,165.932118,6
3,3579,410.360413,165.958359,410.364556,165.932118,6
3,3580,410.522095,307.330078,410.523287,307.337362,6
3,3581,471.697418,271.917145,471.720636,271.930022,6
3,3582,349.185028,201.371323,349.177585,201.370045,6
3,3583,471.616577,201.231293,471.651609,201.215191,6
3,3584,349.265900,272.057190,349.267202,272.060474,6
3,3585,339.002625,219.054443,338.998564,219.056827,6
3,3586,339.043060,254.397400,339.044217,254.401043,6
3,3587,461.515015,289.600281,461.531339,289.614748,6
3,3588,359.367462,183.688171,359.359206,183.679720,6
3,3589,359.488739,289.716980,359.491055,289.718423,6
3,3590,430.927338,307.306763,430.932209,307.317161,6
3,3591,389.955139,165.981705,389.952240,165.959486,6
3,3592,430.765625,165.935028,430.780324,165.903762,6
3,3593,390.116821,307.353455,390.117806,307.356622,6
3,3594,369.711578,307.376770,369.715830,307.374892,6
3,3595,328.820221,236.737595,328.822155,236.740124,6
3,3596,422.062744,255.671204,422.059177,255.680433,5
3,3597,432.170593,273.132355,432.170437,273.144713,5
3,3598,411.954926,238.210114,411.948914,238.214607,5
3,3599,432.130615,238.187027,432.131317,238.190444,5
3,3600,411.994904,273.155426,411.989837,273.166677,5
3,3601,442.238434,255.648132,442.242532,255.656858,5
3,3602,401.887085,255.694305,401.879555,255.702982,5
3,3603,422.102722,290.616547,422.101111,290.628779,5
3,3604,422.022797,220.725906,422.021075,220.722424,5
3,3605,422.022797,220.725906,422.021075,220.722424,5
3,3606,422.102722,290.616547,422.101111,290.628779,5
3,3607,452.346283,273.109253,452.354746,273.121671,5
3,3608,391.779266,238.233185,391.770240,238.237689,5
3,3609,452.306335,238.163956,452.317493,238.165246,5
3,3610,391.819214,273.178497,391.812982,273.187595,5
3,3611,442.278412,290.593475,442.282638,290.607372,5
3,3612,401.847107,220.748962,401.839593,220.747124,5
3,3613,442.198486,220.702835,442.206272,220.696662,5
3,3614,401.927063,290.639618,401.923306,290.649142,5
3,3615,462.414154,255.625076,462.429663,255.632223,5
3,3616,381.711395,255.717361,381.703648,255.724457,5
3,3617,432.210541,308.077667,432.213325,308.089293,5
3,3618,411.914978,203.264786,411.911804,203.252794,5
3,3619,432.090637,203.241714,432.096027,203.226466,5
3,3620,412.034882,308.100739,412.034567,308.109102,5
3,3621,472.521973,273.086182,472.542808,273.097598,5
3,3622,371.603577,238.256256,371.595277,238.259723,5
3,3623,472.481995,238.140884,472.507380,238.138983,5
3,3624,371.643555,273.201569,371.639855,273.207474,5
3,3625,462.454132,290.570374,462.467931,290.584888,5
3,3626,381.671448,220.772049,381.661891,220.770781,5
3,3627,462.374176,220.679749,462.395230,220.669819,5
3,3628,381.751373,290.662659,381.749205,290.668467,5
3,3629,452.386230,308.054596,452.395810,308.068441,5
3,3630,391.739288,203.287857,391.731268,203.278073,5
3,3631,452.266357,203.218628,452.284059,203.199055,5
3,3632,391.859161,308.123810,391.859489,308.127901,5
3,3633,482.589844,255.602005,482.620534,255.606524,5
3,3634,361.535706,255.740433,361.531439,255.744891,5
3,3635,421.982819,185.780579,421.986783,185.754640,5
3,3636,421.982819,185.780579,421.986783,185.754640,5
3,3637,361.495728,220.795135,361.487843,220.793389,5
3,3638,361.575653,290.685760,361.578766,290.686785,5
3,3639,351.427856,238.279327,351.423983,238.280728,5
3,3640,351.467834,273.224640,351.470360,273.226345,5
3,3641,371.563599,203.310928,371.554481,203.302280,5
3,3642,401.807159,185.803665,401.803480,185.781550,5
3,3643,442.158539,185.757507,442.173866,185.726660,5
3,3644,121.845177,297.218658,121.828184,297.236379,203
3,3645,132.875916,316.274109,132.859109,316.291904,203
3,3646,110.814461,278.163177,110.797694,278.180148,203
3,3647,132.832321,278.138000,132.815830,278.154563,203
3,3648,110.858093,316.299286,110.841740,316.316606,203
3,3649,143.863022,297.193451,143.846714,297.210994,203
3,3650,99.827293,297.243835,99.811150,297.261309,203
3,3651,121.888802,335.354736,121.872648,335.371231,203
3,3652,121.801575,259.082550,121.785326,259.097455,203
3,3653,121.801575,259.082550,121.785326,259.097455,203
3,3654,121.888802,335.354736,121.872648,335.371231,203
3,3655,154.893799,316.248901,154.878063,316.266748,203
3,3656,88.796547,278.188385,88.781024,278.205336,203
3,3657,154.850204,278.112823,154.835525,278.128550,203
3,3658,88.840179,316.324463,88.825802,316.340885,203
3,3659,143.906662,335.329559,143.890442,335.346756,203
3,3660,99.783661,259.107697,99.767525,259.123270,203
3,3661,143.819427,259.057373,143.804597,259.071211,203
3,3662,99.870918,335.379913,99.856346,335.395284,203
3,3663,165.880936,297.168274,165.866833,297.185210,203
3,3664,77.809380,297.269012,77.795605,297.285815,203
3,3665,132.919540,354.410217,132.903992,354.425185,203
3,3666,110.770836,240.027084,110.755230,240.039666,203
3,3667,132.788696,240.001907,132.774109,240.013191,203
3,3668,110.901657,354.435394,110.887295,354.449040,203
3,3669,176.911713,316.223724,176.898579,316.241193,203
3,3670,66.778641,278.213562,66.765871,278.230070,203
3,3671,176.868118,278.087646,176.856786,278.102105,203
3,3672,66.822266,316.349640,66.811378,316.364743,203
3,3673,165.924561,335.304382,165.909821,335.321857,203
3,3674,77.765755,259.132904,77.751246,259.148686,203
3,3675,165.837341,259.032166,165.825463,259.044506,203
3,3676,77.853004,335.405121,77.841529,335.418945,203
3,3677,154.937424,354.385040,154.922211,354.400937,203
3,3678,88.752922,240.052261,88.737821,240.065726,203
3,3679,154.806564,239.976730,154.794551,239.986283,203
3,3680,88.883751,354.460571,88.872084,354.472447,203
3,3681,187.898819,297.143097,187.888461,297.158995,203
3,3682,55.791466,297.294189,55.781572,297.309900,203
3,3683,121.932426,373.490875,121.918677,373.502100,203
3,3684,121.757950,220.946426,121.744029,220.954474,203
3,3685,121.757950,220.946426,121.744029,220.954474,203
3,3686,121.932426,373.490875,121.918677,373.502100,203
3,3687,187.942444,335.279205,187.930706,335.296501,203
3,3688,55.747841,259.158081,55.736483,259.173649,203
3,3689,187.855225,259.006989,187.847841,259.017396,203
3,3690,55.835094,335.430298,55.828220,335.442159,203
3,3691,198.929596,316.198547,198.920605,316.215208,203
3,3692,44.760727,278.238708,44.752227,278.254382,203
3,3693,198.886002,278.062439,198.879561,278.075197,203
3,3694,44.804352,316.374847,44.798459,316.388212,203
3,3695,176.955338,354.359863,176.941987,354.376264,203
3,3696,66.735008,240.077454,66.721932,240.091358,203
3,3697,176.824478,239.951538,176.816563,239.958927,203
3,3698,66.865837,354.485748,66.858383,354.495436,203
3,3699,143.950287,373.465668,143.935741,373.478470,203
3,3700,99.740097,220.971619,99.725542,220.981195,203
3,3701,143.775803,220.921249,143.764049,220.927320,203
3,3702,99.914543,373.516052,99.903101,373.525281,203
3,3703,165.968201,373.440491,165.954386,373.454447,203
3,3704,77.722183,220.996796,77.708523,221.007472,203
3,3705,165.793716,220.896072,165.785667,220.899745,203
3,3706,77.896637,373.541199,77.889006,373.548046,203
3,3707,209.916702,297.117920,209.911635,297.132347,203
3,3708,33.773556,297.319397,33.769043,297.333594,203
3,3709,132.963135,392.546326,132.950406,392.554492,203
3,3710,110.727203,201.890976,110.714359,201.895087,203
3,3711,132.745056,201.865799,132.733988,201.867714,203
3,3712,110.945290,392.571503,110.934463,392.577450,203
3,3713,209.960327,335.254028,209.953131,335.270745,203
3,3714,33.729927,259.183258,33.723228,259.198189,203
3,3715,209.873108,258.981812,209.871770,258.989849,203
3,3716,33.817184,335.455475,33.816411,335.464957,203
3,3717,198.973221,354.334656,198.963271,354.351136,203
3,3718,44.717098,240.102631,44.707558,240.116550,203
3,3719,198.842361,239.926361,198.840094,239.931133,203
3,3720,44.847923,354.510925,44.846183,354.518010,203
3,3721,220.947479,316.173401,220.944178,316.188790,203
3,3722,22.742872,278.263916,22.740145,278.278304,203
3,3723,220.903885,278.037262,220.903887,278.047883,203
3,3724,22.786499,316.400024,22.787098,316.411235,203
3,3725,187.986084,373.415314,187.974533,373.430001,203
3,3726,55.704269,221.021988,55.693024,221.033334,203
3,3727,187.811600,220.870895,187.808802,220.871732,203
3,3728,55.878723,373.566376,55.876414,373.570397,203
3,3729,154.981018,392.521118,154.967896,392.531087,203
3,3730,88.709297,201.916168,88.696205,201.922041,203
3,3731,154.762939,201.840607,154.755183,201.839891,203
3,3732,88.927376,392.596680,88.919974,392.599991,203
3,3733,176.998932,392.495941,176.986940,392.507289,203
3,3734,66.691383,201.941360,66.679575,201.948563,203
3,3735,176.780853,201.815445,176.777953,201.811644,203
3,3736,66.909462,392.621887,66.906989,392.622148,203
3,3737,231.934586,297.092712,231.936360,297.105235,203
3,3738,11.755701,297.344543,11.758070,297.356843,203
3,3739,121.976028,411.626953,121.966229,411.628954,203
3,3740,121.714317,182.810333,121.704337,182.807392,203
3,3741,121.714317,182.810333,121.704337,182.807392,203
3,3742,121.976028,411.626953,121.966229,411.628954,203
3,3743,220.991104,354.309479,220.986097,354.325608,203
3,3744,22.699245,240.127808,22.694749,240.141319,203
3,3745,220.860245,239.901184,220.865180,239.902914,203
3,3746,22.830070,354.536133,22.835537,354.540201,203
3,3747,231.978210,335.228851,231.977105,335.244557,203
3,3748,11.712073,259.208466,11.711534,259.222338,203
3,3749,231.890991,258.956635,231.897254,258.961863,203
3,3750,11.799329,335.480652,11.806155,335.487342,203
3,3751,210.003967,373.390106,209.996216,373.405100,203
3,3752,33.686356,221.047180,33.679037,221.058771,203
3,3753,209.829483,220.845703,209.833491,220.843264,203
3,3754,33.860809,373.591583,33.865320,373.592364,203
3,3755,143.993881,411.601776,143.982569,411.606220,203
3,3756,99.696465,182.835510,99.685099,182.835013,203
3,3757,143.732178,182.785156,143.725111,182.779349,203
3,3758,99.958176,411.652130,99.951402,411.651273,203
3,3759,242.965363,316.148193,242.969305,316.161909,203
3,3760,0.724960,278.289093,0.729502,278.301779,203
3,3761,242.921768,278.012085,242.929771,278.020130,203
3,3762,0.768588,316.425201,0.777172,316.433845,203
3,3763,199.016815,392.470764,199.007487,392.483069,203
3,3764,44.673470,201.966522,44.664464,201.974643,203
3,3765,198.798737,201.790253,198.802246,201.782941,203
3,3766,44.891552,392.647034,44.895503,392.643863,203
3,3767,166.011795,411.576569,166.000486,411.583038,203
3,3768,77.678551,182.860687,77.667334,182.862186,203
3,3769,165.750092,182.759964,165.747487,182.750852,203
3,3770,77.940262,411.677338,77.938023,411.673207,203
3,3771,188.029678,411.551392,188.019901,411.559465,203
3,3772,55.660641,182.885880,55.651093,182.888941,203
3,3773,187.767975,182.734787,187.771386,182.721929,203
3,3774,55.922352,411.702515,55.926143,411.694701,203
3,3775,253.952499,297.067566,253.962674,297.077714,203
3,3776,11.755701,297.344543,11.758070,297.356843,203
3,3777,133.006775,430.682404,132.998398,430.679796,203
3,3778,110.683578,163.754868,110.675096,163.746395,203
3,3779,132.701462,163.729691,132.695509,163.718117,203
3,3780,110.988914,430.707581,110.983174,430.701892,203
3,3781,243.008987,354.284302,243.010472,354.299648,203
3,3782,0.681332,240.153000,0.683382,240.165682,203
3,3783,242.878128,239.875992,242.891828,239.874238,203
3,3784,0.812158,354.561310,0.826323,354.561951,203
3,3785,232.021851,373.364929,232.019444,373.379799,203
3,3786,11.668503,221.072342,11.666615,221.083769,203
3,3787,231.847366,220.820526,231.859740,220.814354,203
3,3788,11.842957,373.616760,11.855774,373.613892,203
3,3789,253.996124,335.203644,254.002662,335.217905,203
3,3790,11.712073,259.208466,11.711534,259.222338,203
3,3791,253.908905,258.931458,253.924330,258.933436,203
3,3792,11.799329,335.480652,11.806155,335.487342,203
3,3793,221.034698,392.445587,221.029572,392.458423,203
3,3794,22.655617,201.991714,22.650922,202.000310,203
3,3795,220.816620,201.765076,220.828098,201.753810,203
3,3796,22.873697,392.672211,22.885566,392.665169,203
3,3797,155.024658,430.657227,155.015165,430.657284,203
3,3798,88.665665,163.780060,88.656191,163.774251,203
3,3799,154.719345,163.704514,154.717464,163.689385,203
3,3800,88.971001,430.732788,88.969399,430.723605,203
3,3801,264.983276,316.123016,264.996020,316.134619,203
3,3802,0.724960,278.289093,0.729502,278.301779,203
3,3803,264.939667,277.986908,264.957249,277.991936,203
3,3804,0.768588,316.425201,0.777172,316.433845,203
3,3805,210.047562,411.526215,210.040849,411.535470,203
3,3806,33.642731,182.911057,33.636368,182.915252,203
3,3807,209.785858,182.709610,209.796842,182.692547,203
3,3808,33.904438,411.727692,33.915757,411.715785,203
3,3809,177.042572,430.632019,177.033482,430.634326,203
3,3810,66.647758,163.805252,66.638814,163.801672,203
3,3811,176.737259,163.679337,176.740998,163.660225,203
3,3812,66.953094,430.757965,66.957126,430.744877,203
3,3813,122.019653,449.763031,122.015349,449.751852,203
3,3814,121.670723,144.674225,121.666290,144.656179,203
3,3815,121.670723,144.674225,121.666290,144.656179,203
3,3816,122.019653,449.763031,122.015349,449.751852,203
3,3817,254.039764,373.339752,254.044251,373.354068,203
3,3818,11.668503,221.072342,11.666615,221.083769,203
3,3819,253.865280,220.795349,253.887586,220.785013,203
3,3820,11.842957,373.616760,11.855774,373.613892,203
3,3821,265.026886,354.259125,265.036432,354.273255,203
3,3822,0.681332,240.153000,0.683382,240.165682,203
3,3823,264.896057,239.850800,264.920073,239.845118,203
3,3824,0.812158,354.561310,0.826323,354.561951,203
3,3825,243.052582,392.420380,243.053202,392.433320,203
3,3826,0.637704,202.016891,0.638826,202.025539,203
3,3827,242.834503,201.739883,242.855516,201.724219,203
3,3828,0.855785,392.697388,0.877057,392.686068,203
3,3829,199.060440,430.606873,199.053298,430.610977,203
3,3830,44.629845,163.830429,44.622959,163.828646,203
3,3831,198.755142,163.654144,198.766059,163.630607,203
3,3832,44.935181,430.783142,44.946347,430.765741,203
3,3833,144.037506,449.737854,144.030971,449.729977,203
3,3834,99.652840,144.699417,99.646267,144.684707,203
3,3835,143.688568,144.649048,143.687826,144.627225,203
3,3836,100.001747,449.788239,100.001178,449.773343,203
3,3837,275.970398,297.042389,275.990525,297.049753,203
3,3838,11.755701,297.344543,11.758070,297.356843,203
3,3839,276.014008,335.178467,276.029752,335.190846,203
3,3840,11.712073,259.208466,11.711534,259.222338,203
3,3841,275.926788,258.906250,275.952948,258.904536,203
3,3842,11.799329,335.480652,11.806155,335.487342,203
3,3843,232.065445,411.501038,232.063336,411.511050,203
3,3844,11.624876,182.936249,11.623211,182.941151,203
3,3845,231.803741,182.684418,231.823862,182.662719,203
3,3846,11.886583,411.752869,11.906915,411.736492,203
3,3847,166.055420,449.712708,166.048167,449.707688,203
3,3848,77.634926,144.724594,77.627750,144.712784,203
3,3849,165.706482,144.623856,165.710967,144.597814,203
3,3850,77.983833,449.813416,77.988509,449.794395,203
3,3851,287.001160,316.097839,287.024275,316.106889,203
3,3852,0.724960,278.289093,0.729502,278.301779,203
3,3853,286.957550,277.961731,286.986269,277.963269,203
3,3854,0.768588,316.425201,0.777172,316.433845,203
3,3855,221.078323,430.581696,221.074648,430.587206,203
3,3856,22.611988,163.855606,22.608677,163.855204,203
3,3857,220.773026,163.628967,220.792684,163.600556,203
3,3858,22.917324,430.808319,22.937114,430.786199,203
3,3859,188.073303,449.687531,188.066855,449.684981,203
3,3860,55.617016,144.749771,55.610759,144.740439,203
3,3861,187.724365,144.598694,187.735635,144.567972,203
3,3862,55.965919,449.838593,55.977336,449.815040,203
3,3863,133.050400,468.818512,133.047926,468.801154,203
3,3864,110.640007,125.618752,110.637512,125.593547,203
3,3865,132.657837,125.593582,132.658629,125.564356,203
3,3866,111.032539,468.843689,111.033415,468.822424,203
3,3867,276.057648,373.314575,276.070587,373.327903,203
3,3868,11.668503,221.072342,11.666615,221.083769,203
3,3869,275.883148,220.770172,275.916978,220.755224,203
3,3870,11.842957,373.616760,11.855774,373.613892,203
3,3871,265.070496,392.395203,265.078413,392.407816,203
3,3872,0.637704,202.016891,0.638826,202.025539,203
3,3873,264.852417,201.714706,264.884536,201.694194,203
3,3874,0.855785,392.697388,0.877057,392.686068,203
3,3875,287.044769,354.233917,287.063927,354.246397,203
3,3876,0.681332,240.153000,0.683382,240.165682,203
3,3877,286.913940,239.825623,286.949866,239.815565,203
3,3878,0.812158,354.561310,0.826323,354.561951,203
3,3879,254.083359,411.475891,254.087399,411.486202,203
3,3880,11.624876,182.936249,11.623211,182.941151,203
3,3881,253.821655,182.659241,253.852484,182.632457,203
3,3882,11.886583,411.752869,11.906915,411.736492,203
3,3883,155.068283,468.793335,155.063976,468.779500,203
3,3884,88.622101,125.643944,88.617849,125.622312,203
3,3885,154.675720,125.568390,154.681350,125.534707,203
3,3886,89.014633,468.868866,89.020349,468.843257,203
3,3887,210.091187,449.662354,210.087073,449.661856,203
3,3888,33.599102,144.774948,33.595290,144.767647,203
3,3889,209.742249,144.573502,209.761864,144.537669,203
3,3890,33.948009,449.863800,33.967652,449.835307,203
3,3891,297.988281,297.017181,298.019978,297.021320,203
3,3892,11.755701,297.344543,11.758070,297.356843,203
3,3893,298.031921,335.153290,298.058440,335.163348,203
3,3894,11.712073,259.208466,11.711534,259.222338,203
3,3895,297.944702,258.881073,297.983173,258.875219,203
3,3896,11.799329,335.480652,11.806155,335.487342,203
3,3897,243.096207,430.556488,243.097539,430.562982,203
3,3898,0.594077,163.880783,0.595847,163.881320,203
3,3899,242.790909,163.603790,242.820879,163.570041,203
3,3900,0.899413,430.833496,0.929304,430.806253,203
3,3901,177.086197,468.768158,177.081572,468.757432,203
3,3902,66.604187,125.669128,66.599718,125.650638,203
3,3903,176.693634,125.543213,176.705655,125.504627,203
3,3904,66.996719,468.894043,67.008781,468.863682,203
3,3905,309.019043,316.072632,309.054104,316.078689,203
3,3906,0.724960,278.289093,0.729502,278.301779,203
3,3907,308.975433,277.936554,309.016869,277.934187,203
3,3908,0.768588,316.425201,0.777172,316.433845,203
3,3909,232.109070,449.637146,232.108827,449.638279,203
3,3910,11.581247,144.800140,11.581393,144.794438,203
3,3911,231.760132,144.548309,231.789663,144.506915,203
3,3912,11.930154,449.888977,11.959509,449.855142,203
3,3913,199.104080,468.742950,199.100663,468.734918,203
3,3914,44.586273,125.694305,44.583114,125.678514,203
3,3915,198.711517,125.518028,198.731490,125.474085,203
3,3916,44.978806,468.919250,44.998704,468.883730,203
3,3917,122.063286,487.899170,122.065995,487.870850,203
3,3918,121.627090,106.538124,121.629846,106.500805,203
3,3919,121.627090,106.538124,121.629846,106.500805,203
3,3920,122.063286,487.899170,122.065995,487.870850,203
3,3921,287.088379,392.370056,287.105154,392.381880,203
3,3922,0.637704,202.016891,0.638826,202.025539,203
3,3923,286.870300,201.689529,286.915108,201.663703,203
3,3924,0.855785,392.697388,0.877057,392.686068,203
3,3925,298.075562,373.289368,298.098516,373.301274,203
3,3926,11.668503,221.072342,11.666615,221.083769,203
3,3927,297.901062,220.744965,297.947980,220.724957,203
3,3928,11.842957,373.616760,11.855774,373.613892,203
3,3929,276.101227,411.450684,276.112987,411.460896,203
3,3930,11.624876,182.936249,11.623211,182.941151,203
3,3931,275.839539,182.634048,275.882656,182.601729,203
3,3932,11.886583,411.752869,11.906915,411.736492,203
3,3933,144.081131,487.873993,144.080905,487.849828,203
3,3934,99.609207,106.563309,99.609060,106.530248,203
3,3935,143.644943,106.512947,143.652148,106.470932,203
3,3936,100.045372,487.924377,100.052532,487.891492,203
3,3937,309.062653,354.208740,309.092992,354.219129,203
3,3938,0.681332,240.153000,0.683382,240.165682,203
3,3939,308.931824,239.800446,308.981242,239.785563,203
3,3940,0.812158,354.561310,0.826323,354.561951,203
3,3941,265.114136,430.531311,265.122008,430.538360,203
3,3942,0.594077,163.880783,0.595847,163.881320,203
3,3943,264.808807,163.578613,264.850681,163.539089,203
3,3944,0.899413,430.833496,0.929304,430.806253,203
3,3945,166.099045,487.848816,166.097385,487.828394,203
3,3946,78.027458,487.949524,78.040568,487.911669,203
3,3947,221.121964,468.717804,221.121284,468.712044,203
3,3948,320.006165,296.992004,320.050953,296.992470,203
3,3949,11.755701,297.344543,11.758070,297.356843,203
3,3950,320.049774,335.128113,320.088646,335.135408,203
3,3951,11.712073,259.208466,11.711534,259.222338,203
3,3952,319.962555,258.855896,320.014924,258.845452,203
3,3953,11.799329,335.480652,11.806155,335.487342,203
3,3954,254.126984,449.611969,254.132152,449.614308,203
3,3955,11.581247,144.800140,11.581393,144.794438,203
3,3956,11.930154,449.888977,11.959509,449.855142,203
3,3957,188.116928,487.823608,188.115354,487.806518,203
3,3958,0.724960,278.289093,0.729502,278.301779,203
3,3959,0.768588,316.425201,0.777172,316.433845,203
3,3960,0.637704,202.016891,0.638826,202.025539,203
3,3961,0.855785,392.697388,0.877057,392.686068,203
3,3962,11.624876,182.936249,11.623211,182.941151,203
3,3963,11.886583,411.752869,11.906915,411.736492,203
3,3964,11.842957,373.616760,11.855774,373.613892,203
3,3965,0.899413,430.833496,0.929304,430.806253,203
3,3966,433.597809,237.105942,433.768713,237.027405,211
3,3967,443.798248,254.727066,444.018784,254.733199,211
3,3968,423.397369,219.484818,423.519535,219.320135,211
3,3969,443.757935,219.461533,443.980064,219.295196,211
3,3970,423.437683,254.750336,423.559950,254.756127,211
3,3971,453.958405,237.082657,454.230144,237.002986,211
3,3972,413.237244,237.129242,413.310754,237.050877,211
3,3973,433.638153,272.371490,433.810063,272.459961,211
3,3974,433.557465,201.840408,433.730880,201.585925,211
3,3975,433.557465,201.840408,433.730880,201.585925,211
3,3976,433.638153,272.371490,433.810063,272.459961,211
3,3977,464.158844,254.703781,464.481093,254.709298,211
3,3978,403.036774,219.508087,403.062421,219.344098,211
3,3979,464.118500,219.438232,464.444049,219.269264,211
3,3980,403.077118,254.773651,403.104547,254.778115,211
3,3981,453.998718,272.348175,454.269776,272.437521,211
3,3982,413.196930,201.863693,413.271251,201.611384,211
3,3983,453.918060,201.817108,454.194016,201.559469,211
3,3984,413.277557,272.394775,413.353759,272.481408,211
3,3985,474.318939,237.059372,474.694981,236.977588,211
3,3986,392.876678,237.152527,392.856222,237.073353,211
3,3987,443.838593,289.992615,444.061041,290.162302,211
3,3988,423.357025,184.219269,423.482619,183.875153,211
3,3989,443.717621,184.195969,443.944883,183.848174,211
3,3990,423.478027,290.015900,423.603886,290.183236,211
3,3991,484.519409,254.680511,484.946839,254.684419,211
3,3992,382.676239,219.531387,382.608786,219.367105,211
3,3993,484.479095,219.414948,484.911535,219.242344,211
3,3994,382.716553,254.796936,382.652559,254.799114,211
3,3995,474.359283,272.324921,474.732939,272.414137,211
3,3996,392.836334,201.886978,392.815006,201.635881,211
3,3997,474.278625,201.793839,474.660596,201.532040,211
3,3998,392.916992,272.418060,392.900900,272.501894,211
3,3999,464.199188,289.969330,464.521661,290.140376,211
3,4000,402.996460,184.242554,403.023833,183.901149,211
3,4001,464.078186,184.172699,464.410586,183.820219,211
3,4002,403.117462,290.039185,403.150153,290.203212,211
3,4003,494.679535,237.036087,495.163348,236.951191,211
3,4004,372.516113,237.175797,372.405104,237.094866,211
3,4005,433.678467,307.637024,433.854874,307.883604,211
3,4006,433.517120,166.574860,433.696594,166.135413,211
3,4007,433.517120,166.574860,433.696594,166.135413,211
3,4008,433.678467,307.637024,433.854874,307.883604,211
3,4009,494.719879,272.301636,495.199595,272.389776,211
3,4010,372.475769,201.910263,372.362211,201.659393,211
3,4011,372.556458,272.441345,372.451471,272.521426,211
3,4012,362.315643,219.554672,362.158507,219.389147,211
3,4013,362.355988,254.820206,362.203972,254.819157,211
3,4014,484.559753,289.946045,484.985707,290.117506,211
3,4015,382.635895,184.265839,382.568482,183.926154,211
3,4016,382.756897,290.062469,382.699826,290.222234,211
3,4017,454.039032,307.613739,454.312909,307.863180,211
3,4018,413.317902,307.660309,413.400264,307.903070,211
3,4019,392.957306,307.683624,392.949036,307.921611,211
3,4020,352.155518,237.199097,351.957355,237.115436,211
3,4021,433.597809,237.105942,433.768713,237.027405,212
3,4022,443.798248,254.727066,444.018784,254.733199,212
3,4023,423.397369,219.484818,423.519535,219.320135,212
3,4024,443.757935,219.461533,443.980064,219.295196,212
3,4025,423.437683,254.750336,423.559950,254.756127,212
3,4026,453.958405,237.082657,454.230144,237.002986,212
3,4027,413.237244,237.129242,413.310754,237.050877,212
3,4028,433.638153,272.371490,433.810063,272.459961,212
3,4029,433.557465,201.840408,433.730880,201.585925,212
3,4030,433.557465,201.840408,433.730880,201.585925,212
3,4031,433.638153,272.371490,433.810063,272.459961,212
3,4032,464.158844,254.703781,464.481093,254.709298,212
3,4033,403.036774,219.508087,403.062421,219.344098,212
3,4034,464.118500,219.438232,464.444049,219.269264,212
3,4035,403.077118,254.773651,403.104547,254.778115,212
3,4036,453.998718,272.348175,454.269776,272.437521,212
3,4037,413.196930,201.863693,413.271251,201.611384,212
3,4038,453.918060,201.817108,454.194016,201.559469,212
3,4039,413.277557,272.394775,413.353759,272.481408,212
3,4040,474.318939,237.059372,474.694981,236.977588,212
3,4041,392.876678,237.152527,392.856222,237.073353,212
3,4042,443.838593,289.992615,444.061041,290.162302,212
3,4043,423.357025,184.219269,423.482619,183.875153,212
3,4044,443.717621,184.195969,443.944883,183.848174,212
3,4045,423.478027,290.015900,423.603886,290.183236,212
3,4046,484.519409,254.680511,484.946839,254.684419,212
3,4047,382.676239,219.531387,382.608786,219.367105,212
3,4048,484.479095,219.414948,484.911535,219.242344,212
3,4049,382.716553,254.796936,382.652559,254.799114,212
3,4050,474.359283,272.324921,474.732939,272.414137,212
3,4051,392.836334,201.886978,392.815006,201.635881,212
3,4052,474.278625,201.793839,474.660596,201.532040,212
3,4053,392.916992,272.418060,392.900900,272.501894,212
3,4054,464.199188,289.969330,464.521661,290.140376,212
3,4055,402.996460,184.242554,403.023833,183.901149,212
3,4056,464.078186,184.172699,464.410586,183.820219,212
3,4057,403.117462,290.039185,403.150153,290.203212,212
3,4058,494.679535,237.036087,495.163348,236.951191,212
3,4059,372.516113,237.175797,372.405104,237.094866,212
3,4060,433.678467,307.637024,433.854874,307.883604,212
3,4061,433.517120,166.574860,433.696594,166.135413,212
3,4062,433.517120,166.574860,433.696594,166.135413,212
3,4063,433.678467,307.637024,433.854874,307.883604,212
3,4064,494.719879,272.301636,495.199595,272.389776,212
3,4065,372.475769,201.910263,372.362211,201.659393,212
3,4066,372.556458,272.441345,372.451471,272.521426,212
3,4067,362.315643,219.554672,362.158507,219.389147,212
3,4068,362.355988,254.820206,362.203972,254.819157,212
3,4069,484.559753,289.946045,484.985707,290.117506,212
3,4070,382.635895,184.265839,382.568482,183.926154,212
3,4071,382.756897,290.062469,382.699826,290.222234,212
3,4072,454.039032,307.613739,454.312909,307.863180,212
3,4073,413.317902,307.660309,413.400264,307.903070,212
3,4074,392.957306,307.683624,392.949036,307.921611,212
3,4075,352.155518,237.199097,351.957355,237.115436,212
3,4076,377.107941,255.753204,377.102366,255.761907,195
3,4077,387.298065,273.356476,387.294897,273.367222,195
3,4078,366.917847,238.149918,366.910757,238.155069,195
3,4079,387.257782,238.126663,387.254580,238.131293,195
3,4080,366.958130,273.379730,366.952830,273.388941,195
3,4081,397.447876,255.729950,397.447091,255.738663,195
3,4082,356.768005,255.776459,356.761175,255.784156,195
3,4083,377.148254,290.983002,377.145378,290.992209,195
3,4084,377.067657,220.523376,377.062993,220.522380,195
3,4085,377.067657,220.523376,377.062993,220.522380,195
3,4086,377.148254,290.983002,377.145378,290.992209,195
3,4087,407.638000,273.333221,407.640527,273.344508,195
3,4088,346.577850,238.173187,346.570439,238.177863,195
3,4089,407.597717,238.103409,407.601950,238.106513,195
3,4090,346.618164,273.403015,346.614232,273.409699,195
3,4091,397.488190,290.959747,397.488375,290.971018,195
3,4092,356.727692,220.546646,356.720043,220.546704,195
3,4093,397.407593,220.500107,397.409434,220.497051,195
3,4094,356.808289,291.006287,356.805878,291.012440,195
3,4095,417.787842,255.706665,417.795367,255.714391,195
3,4096,336.428040,255.799744,336.423476,255.805442,195
3,4097,387.338318,308.586304,387.338817,308.593990,195
3,4098,366.877533,202.920090,366.872303,202.911947,195
3,4099,387.217468,202.896835,387.217871,202.886095,195
3,4100,366.998413,308.609558,366.998466,308.613669,195
3,4101,427.977966,273.309967,427.989738,273.320795,195
3,4102,326.237915,238.196457,326.233662,238.199665,195
3,4103,427.937653,238.080124,427.952885,238.080699,195
3,4104,326.278229,273.426270,326.279166,273.429446,195
3,4105,417.828125,290.936493,417.834914,290.948833,195
3,4106,336.387726,220.569901,336.380621,220.570017,195
3,4107,417.747559,220.476852,417.759489,220.470727,195
3,4108,336.468292,291.029541,336.469886,291.031662,195
3,4109,407.678284,308.563049,407.682749,308.573299,195
3,4110,346.537567,202.943359,346.530250,202.936807,195
3,4111,407.557434,202.873566,407.567023,202.859218,195
3,4112,346.658447,308.632812,346.661573,308.632368,195
3,4113,438.127777,255.683411,438.147210,255.689138,195
3,4114,316.088104,255.822998,316.089332,255.825716,195
3,4115,377.027374,185.293549,377.027236,185.273571,195
3,4116,377.027374,185.293549,377.027236,185.273571,195
3,4117,438.168060,290.913239,438.185009,290.925651,195
3,4118,316.047821,220.593155,316.044764,220.592337,195
3,4119,438.087494,220.453598,438.113094,220.443387,195
3,4120,448.317902,273.286682,448.342493,273.296050,195
3,4121,448.277618,238.056870,448.307426,238.053897,195
3,4122,428.018250,308.539764,428.030198,308.551642,195
3,4123,326.197632,202.966614,326.191748,202.960654,195
3,4124,427.897369,202.850311,427.919695,202.831338,195
3,4125,356.687408,185.316818,356.682538,185.299976,195
3,4126,397.367310,185.270294,397.375460,185.246168,195
3,4127,417.707245,185.247025,417.727256,185.217734,195
3,4128,377.107941,255.753204,377.102366,255.761907,196
3,4129,387.298065,273.356476,387.294897,273.367222,196
3,4130,366.917847,238.149918,366.910757,238.155069,196
3,4131,387.257782,238.126663,387.254580,238.131293,196
3,4132,366.958130,273.379730,366.952830,273.388941,196
3,4133,397.447876,255.729950,397.447091,255.738663,196
3,4134,356.768005,255.776459,356.761175,255.784156,196
3,4135,377.148254,290.983002,377.145378,290.992209,196
3,4136,377.067657,220.523376,377.062993,220.522380,196
3,4137,377.067657,220.523376,377.062993,220.522380,196
3,4138,377.148254,290.983002,377.145378,290.992209,196
3,4139,407.638000,273.333221,407.640527,273.344508,196
3,4140,346.577850,238.173187,346.570439,238.177863,196
3,4141,407.597717,238.103409,407.601950,238.106513,196
3,4142,346.618164,273.403015,346.614232,273.409699,196
3,4143,397.488190,290.959747,397.488375,290.971018,196
3,4144,356.727692,220.546646,356.720043,220.546704,196
3,4145,397.407593,220.500107,397.409434,220.497051,196
3,4146,356.808289,291.006287,356.805878,291.012440,196
3,4147,417.787842,255.706665,417.795367,255.714391,196
3,4148,336.428040,255.799744,336.423476,255.805442,196
3,4149,387.338318,308.586304,387.338817,308.593990,196
3,4150,366.877533,202.920090,366.872303,202.911947,196
3,4151,387.217468,202.896835,387.217871,202.886095,196
3,4152,366.998413,308.609558,366.998466,308.613669,196
3,4153,427.977966,273.309967,427.989738,273.320795,196
3,4154,326.237915,238.196457,326.233662,238.199665,196
3,4155,427.937653,238.080124,427.952885,238.080699,196
3,4156,326.278229,273.426270,326.279166,273.429446,196
3,4157,417.828125,290.936493,417.834914,290.948833,196
3,4158,336.387726,220.569901,336.380621,220.570017,196
3,4159,417.747559,220.476852,417.759489,220.470727,196
3,4160,336.468292,291.029541,336.469886,291.031662,196
3,4161,407.678284,308.563049,407.682749,308.573299,196
3,4162,346.537567,202.943359,346.530250,202.936807,196
3,4163,407.557434,202.873566,407.567023,202.859218,196
3,4164,346.658447,308.632812,346.661573,308.632368,196
3,4165,438.127777,255.683411,438.147210,255.689138,196
3,4166,316.088104,255.822998,316.089332,255.825716,196
3,4167,377.027374,185.293549,377.027236,185.273571,196
3,4168,377.027374,185.293549,377.027236,185.273571,196
3,4169,438.168060,290.913239,438.185009,290.925651,196
3,4170,316.047821,220.593155,316.044764,220.592337,196
3,4171,438.087494,220.453598,438.113094,220.443387,196
3,4172,448.317902,273.286682,448.342493,273.296050,196
3,4173,448.277618,238.056870,448.307426,238.053897,196
3,4174,428.018250,308.539764,428.030198,308.551642,196
3,4175,326.197632,202.966614,326.191748,202.960654,196
3,4176,427.897369,202.850311,427.919695,202.831338,196
3,4177,356.687408,185.316818,356.682538,185.299976,196
3,4178,397.367310,185.270294,397.375460,185.246168,196
3,4179,417.707245,185.247025,417.727256,185.217734,196
3,4180,575.960510,276.079315,575.898081,275.634349,19
3,4181,584.664307,291.115051,585.434261,292.105863,19
3,4182,567.256653,261.043549,566.363168,259.160754,19
3,4183,584.629883,261.023682,585.395969,259.138583,19
3,4184,567.291016,291.134918,566.403841,292.125153,19
3,4185,593.333740,276.059448,594.932140,275.612919,19
3,4186,558.587219,276.099182,556.868919,275.654377,19
3,4187,575.926086,245.987930,575.861068,242.662157,19
3,4188,575.926086,245.987930,575.861068,242.662157,19
3,4189,602.037598,291.095184,604.469633,292.085173,19
3,4190,602.003174,261.003815,604.433786,259.114976,19
3,4191,593.299377,245.968063,594.897626,242.637817,19
3,4192,610.707031,276.039551,613.971221,275.590056,19
3,4193,369.973267,479.240875,370.426851,480.022137,3
3,4194,375.806213,489.317200,375.930357,489.528291,3
3,4195,381.616089,479.227539,381.413341,480.008846,3
3,4196,168.148331,296.682312,168.131677,296.698645,236
3,4197,179.104294,315.608551,179.088203,315.624935,236
3,4198,157.192398,277.756073,157.175635,277.771599,236
3,4199,179.061005,277.731079,179.044944,277.746308,236
3,4200,157.235687,315.633575,157.219725,315.649233,236
3,4201,190.016907,296.657318,190.001400,296.673612,236
3,4202,146.279724,296.707336,146.263641,296.723199,236
3,4203,168.191666,334.559845,168.176264,334.574542,236
3,4204,168.105026,258.804810,168.088889,258.818217,236
3,4205,168.105026,258.804810,168.088889,258.818217,236
3,4206,168.191666,334.559845,168.176264,334.574542,236
3,4207,200.972885,315.583557,200.958371,315.600159,236
3,4208,135.323807,277.781067,135.308070,277.796410,236
3,4209,200.929581,277.706055,200.915947,277.720505,236
3,4210,135.367111,315.658600,135.352985,315.673082,236
3,4211,190.060242,334.534790,190.045157,334.550471,236
3,4212,146.236420,258.829834,146.220021,258.843795,236
3,4213,189.973602,258.779816,189.959448,258.792184,236
3,4214,146.323059,334.584839,146.309053,334.598108,236
3,4215,211.885483,296.632324,211.872847,296.648096,236
3,4216,124.411179,296.732361,124.397371,296.747304,236
3,4217,179.147629,353.486084,179.133257,353.499072,236
3,4218,157.149063,239.878586,157.133290,239.889422,236
3,4219,179.017670,239.853577,179.003437,239.863114,236
3,4220,157.279022,353.511078,157.265602,353.522384,236
3,4221,222.841461,315.558563,222.830263,315.574901,236
3,4222,113.455261,277.806091,113.442240,277.820743,236
3,4223,222.798157,277.681030,222.788679,277.694246,236
3,4224,113.498596,315.683594,113.488005,315.696430,236
3,4225,211.928818,334.509796,211.915770,334.525951,236
3,4226,124.367874,258.854828,124.352924,258.868864,236
3,4227,211.842178,258.754791,211.831736,258.765664,236
3,4228,124.454506,334.609833,124.443603,334.621201,236
3,4229,201.016205,353.461029,201.002596,353.475256,236
3,4230,135.280487,239.903595,135.264892,239.915230,236
3,4231,200.886246,239.828552,200.875281,239.836320,236
3,4232,135.410446,353.536072,135.399682,353.545223,236
3,4233,233.754059,296.607269,233.746025,296.622067,236
3,4234,102.542595,296.757355,102.532774,296.770907,236
3,4235,168.235001,372.437317,168.222606,372.445911,236
3,4236,168.061691,220.927322,168.047856,220.933252,236
3,4237,168.061691,220.927322,168.047856,220.933252,236
3,4238,168.235001,372.437317,168.222606,372.445911,236
3,4239,233.797394,334.484802,233.788110,334.500950,236
3,4240,102.499268,258.879852,102.487475,258.893454,236
3,4241,233.710770,258.729797,233.705759,258.738656,236
3,4242,102.585930,334.634857,102.579821,334.643823,236
3,4243,244.710037,315.533508,244.703889,315.549130,236
3,4244,91.586655,277.831116,91.578052,277.844630,236
3,4245,244.666733,277.656036,244.663149,277.667498,236
3,4246,91.629990,315.708588,91.624634,315.719306,236
3,4247,222.884796,353.436035,222.873656,353.450991,236
3,4248,113.411934,239.928604,113.398234,239.940558,236
3,4249,222.754822,239.803558,222.748860,239.809051,236
3,4250,113.541870,353.561127,113.535459,353.567621,236
3,4251,190.103577,372.412323,190.090677,372.422852,236
3,4252,146.193085,220.952316,146.178150,220.959806,236
3,4253,189.930267,220.902313,189.919259,220.906211,236
3,4254,146.366394,372.462311,146.356212,372.468498,236
3,4255,211.972153,372.387268,211.960463,372.399290,236
3,4256,124.324539,220.977341,124.310219,220.985889,236
3,4257,211.798859,220.877304,211.792394,220.878665,236
3,4258,124.497841,372.487366,124.491577,372.490644,236
3,4259,255.622665,296.582275,255.620971,296.595579,236
3,4260,80.673988,296.782349,80.669841,296.794037,236
3,4261,179.190933,391.363556,179.180034,391.368692,236
3,4262,157.105728,202.001083,157.092734,202.002639,236
3,4263,178.974335,201.976074,178.963725,201.975335,236
3,4264,157.322327,391.388550,157.313196,391.391027,236
3,4265,255.666000,334.459747,255.662213,334.475436,236
3,4266,80.630661,258.904877,80.623724,258.917597,236
3,4267,255.579376,258.704803,255.581556,258.711156,236
3,4268,80.717323,334.659882,80.717700,334.666007,236
3,4269,244.753372,353.411041,244.746444,353.426246,236
3,4270,91.543327,239.953613,91.533222,239.965420,236
3,4271,244.623398,239.778534,244.624182,239.781274,236
3,4272,91.673264,353.586121,91.672898,353.589523,236
3,4273,266.578644,315.508514,266.579284,315.522900,236
3,4274,69.718048,277.856110,69.715556,277.868015,236
3,4275,266.535339,277.631042,266.539393,277.640259,236
3,4276,69.761383,315.733612,69.762951,315.741713,236
3,4277,233.840729,372.362274,233.831971,372.375280,236
3,4278,102.455994,221.002365,102.443998,221.011490,236
3,4279,233.667435,220.852280,233.667271,220.850627,236
3,4280,102.629265,372.512360,102.628604,372.512294,236
3,4281,201.059509,391.338562,201.048551,391.345886,236
3,4282,135.237152,202.026093,135.223496,202.029468,236
3,4283,200.842911,201.951050,200.836419,201.947527,236
3,4284,135.453751,391.413605,135.448087,391.412921,236
3,4285,222.928085,391.313538,222.918785,391.322606,236
3,4286,113.368599,202.051102,113.356003,202.055797,236
3,4287,222.711487,201.926056,222.710852,201.919239,236
3,4288,113.585205,391.438599,113.584701,391.434321,236
3,4289,277.491241,296.557281,277.497636,296.568600,236
3,4290,58.805386,296.807373,58.808594,296.816698,236
3,4291,168.278305,410.314789,168.270660,410.312813,236
3,4292,168.018372,183.049820,168.008623,183.043676,236
3,4293,168.018372,183.049820,168.008623,183.043676,236
3,4294,168.278305,410.314789,168.270660,410.312813,236
3,4295,266.621979,353.386017,266.620997,353.401017,236
3,4296,69.674721,239.978638,69.669907,239.989806,236
3,4297,266.492004,239.753510,266.501282,239.753003,236
3,4298,69.804657,353.611115,69.812020,353.610960,236
3,4299,277.534576,334.434753,277.538030,334.449465,236
3,4300,58.762054,258.929871,58.761664,258.941238,236
3,4301,277.447937,258.679749,277.459076,258.683133,236
3,4302,58.848717,334.684875,58.857260,334.687695,236
3,4303,255.709335,372.337280,255.705238,372.350790,236
3,4304,80.587387,221.027359,80.579423,221.036597,236
3,4305,255.536041,220.827271,255.543925,220.822106,236
3,4306,80.760658,372.537354,80.767287,372.533480,236
3,4307,190.146881,410.289795,190.137915,410.290729,236
3,4308,146.149765,183.074844,146.138071,183.071256,236
3,4309,189.886948,183.024811,189.880876,183.015618,236
3,4310,146.409698,410.339844,146.405078,410.334457,236
3,4311,288.447205,315.483521,288.456399,315.496181,236
3,4312,47.849445,277.881134,47.854744,277.890931,236
3,4313,288.403931,277.605988,288.417362,277.612497,236
3,4314,47.892776,315.758636,47.902948,315.763683,236
3,4315,244.796677,391.288513,244.790743,391.298821,236
3,4316,91.499992,202.076111,91.490160,202.081658,236
3,4317,244.580063,201.901031,244.587032,201.890440,236
3,4318,91.716599,391.463593,91.722944,391.455257,236
3,4319,212.015457,410.264801,212.006881,410.268175,236
3,4320,124.281212,183.099838,124.269299,183.098334,236
3,4321,211.755524,182.999802,211.754867,182.987052,236
3,4322,124.541145,410.364838,124.541249,410.355606,236
3,4323,233.884033,410.239807,233.877564,410.245148,236
3,4324,102.412659,183.124863,102.402242,183.124939,236
3,4325,233.624100,182.974777,233.630603,182.957988,236
3,4326,102.672592,410.389832,102.679107,410.376293,236
3,4327,299.359863,296.532227,299.376084,296.541099,236
3,4328,36.936779,296.832397,36.949026,296.838921,236
3,4329,179.234268,429.241058,179.228576,429.233857,236
3,4330,157.062424,164.123581,157.054010,164.111259,236
3,4331,178.931030,164.098572,178.925853,164.082937,236
3,4332,157.365662,429.266083,157.362548,429.255252,236
3,4333,288.490540,353.360992,288.497266,353.375274,236
3,4334,47.806114,240.003632,47.808281,240.013704,236
3,4335,288.360596,239.728516,288.380112,239.724248,236
3,4336,47.936050,353.636139,47.952819,353.631935,236
3,4337,277.577911,372.312286,277.580213,372.325818,236
3,4338,58.718781,221.052383,58.716542,221.061241,236
3,4339,277.404602,220.802277,277.422307,220.793087,236
3,4340,58.892048,372.562378,58.907647,372.554205,236
3,4341,299.403198,334.409760,299.415625,334.423004,236
3,4342,36.893448,258.954895,36.901287,258.964409,236
3,4343,299.316559,258.654755,299.338384,258.654641,236
3,4344,36.980110,334.709869,36.998494,334.708921,236
3,4345,266.665283,391.263519,266.664461,391.274586,236
3,4346,69.631386,202.101135,69.626019,202.107039,236
3,4347,266.448669,201.876038,266.464996,201.861156,236
3,4348,69.847992,391.488647,69.862866,391.475761,236
3,4349,201.102844,429.216034,201.096279,429.212025,236
3,4350,135.193848,164.148590,135.183925,164.139104,236
3,4351,200.799606,164.073563,200.799403,164.054106,236
3,4352,135.497086,429.291077,135.498245,429.276152,236
3,4353,310.315796,315.458466,310.335270,315.468940,236
3,4354,25.980896,277.906158,25.995668,277.913408,236
3,4355,310.272491,277.580994,310.297092,277.584268,236
3,4356,26.024227,315.783630,26.044674,315.785160,236
3,4357,255.752640,410.214783,255.750002,410.221645,236
3,4358,80.544052,183.149857,80.536835,183.151046,236
3,4359,255.492706,182.949783,255.508122,182.928439,236
3,4360,80.803986,410.414886,80.818588,410.396548,236
3,4361,222.971420,429.191040,222.965694,429.189722,236
3,4362,113.325272,164.173599,113.315561,164.166444,236
3,4363,222.668182,164.048553,222.674697,164.024791,236
3,4364,113.628532,429.316071,113.635661,429.296590,236
3,4365,168.321625,448.192322,168.320469,448.175308,236
3,4366,167.975067,145.172318,167.971233,145.149468,236
3,4367,167.975067,145.172318,167.971233,145.149468,236
3,4368,168.321625,448.192322,168.320469,448.175308,236
3,4369,299.446533,372.287231,299.456963,372.300332,236
3,4370,36.850174,221.077393,36.855348,221.085411,236
3,4371,299.273224,220.777237,299.302482,220.763538,236
3,4372,37.023441,372.587402,37.049678,372.574499,236
3,4373,310.359131,353.335999,310.375286,353.349072,236
3,4374,25.937563,240.028641,25.948394,240.037131,236
3,4375,310.229156,239.703506,310.260708,239.694993,236
3,4376,26.067501,353.661163,26.095343,353.652479,236
3,4377,288.533844,391.238525,288.539890,391.249869,236
3,4378,47.762779,202.126144,47.763571,202.131928,236
3,4379,288.317261,201.851013,288.344694,201.831356,236
3,4380,47.979382,391.513641,48.004458,391.495777,236
3,4381,244.839996,429.166016,244.836828,429.166918,236
3,4382,91.456665,164.198624,91.448881,164.193312,236
3,4383,244.536758,164.023529,244.551743,163.994961,236
3,4384,91.759926,429.341125,91.774701,429.316596,236
3,4385,190.190201,448.167328,190.186916,448.154192,236
3,4386,146.106461,145.197342,146.099829,145.178069,236
3,4387,189.843643,145.147308,189.844344,145.120385,236
3,4388,146.453018,448.217316,146.455692,448.195960,236
3,4389,321.228394,296.507233,321.256238,296.513132,236
3,4390,15.068229,296.857391,15.091187,296.860651,236
3,4391,321.271729,334.384735,321.294921,334.396052,236
3,4392,15.024897,258.979919,15.042643,258.987141,236
3,4393,321.185089,258.629761,321.219402,258.625649,236
3,4394,15.111561,334.734894,15.141453,334.729686,236
3,4395,277.621216,410.189758,277.624143,410.197634,236
3,4396,58.675446,183.174881,58.673127,183.176687,236
3,4397,277.361298,182.924759,277.387373,182.898373,236
3,4398,58.935379,410.439880,58.959742,410.416316,236
3,4399,212.058792,448.142303,212.055068,448.132609,236
3,4400,124.237907,145.222336,124.230209,145.206164,236
3,4401,211.712219,145.122299,211.719197,145.090789,236
3,4402,124.584473,448.242310,124.592663,448.216149,236
3,4403,332.184387,315.433472,332.215906,315.441233,236
3,4404,4.112288,277.931152,4.138203,277.935391,236
3,4405,332.141083,277.556000,332.178592,277.555539,236
3,4406,4.155621,315.808655,4.188009,315.806177,236
3,4407,266.708618,429.140991,266.709718,429.143667,236
3,4408,69.588058,164.223633,69.583907,164.219695,236
3,4409,266.405365,163.998535,266.430578,163.964642,236
3,4410,69.891319,429.366119,69.915415,429.336117,236
3,4411,233.927368,448.117279,233.924933,448.110528,236
3,4412,102.369331,145.247360,102.362280,145.233782,236
3,4413,233.580795,145.097275,233.595801,145.060692,236
3,4414,102.715866,448.267365,102.731260,448.235909,236
3,4415,179.277603,467.118561,179.278841,467.094628,236
3,4416,157.019089,126.246063,157.017076,126.215221,236
3,4417,178.887695,126.221062,178.889777,126.185872,236
3,4418,321.315063,372.262238,321.335409,372.274386,236
3,4419,14.981623,221.102402,14.995893,221.109094,236
3,4420,321.141785,220.752243,321.184372,220.733514,236
3,4421,310.402435,391.213501,310.417065,391.224667,236
3,4422,25.894230,202.151154,25.902867,202.156356,236
3,4423,310.185822,201.825989,310.226163,201.801052,236
3,4424,332.227722,353.311005,332.255065,353.322378,236
3,4425,332.097748,239.678497,332.143079,239.665219,236
3,4426,299.489838,410.164764,299.500055,410.173172,236
3,4427,299.229889,182.899750,299.268423,182.867815,236
3,4428,135.150513,126.271080,135.146137,126.244089,236
3,4429,200.756271,126.196045,200.764191,126.156009,236
3,4430,80.500725,145.272369,80.496033,145.260898,236
3,4431,255.449402,145.072281,255.474191,145.030105,236
3,4432,343.097015,296.482239,343.138220,296.484665,236
3,4433,15.068229,296.857391,15.091187,296.860651,236
3,4434,343.140350,334.359711,343.176041,334.368576,236
3,4435,15.024897,258.979919,15.042643,258.987141,236
3,4436,343.053711,258.604706,343.102254,258.596126,236
3,4437,15.111561,334.734894,15.141453,334.729686,236
3,4438,288.273956,163.973511,288.311152,163.933802,236
3,4439,222.624847,126.171036,222.640353,126.125658,236
3,4440,4.112288,277.931152,4.138203,277.935391,236
3,4441,4.155621,315.808655,4.188009,315.806177,236
3,4442,392.319122,478.318085,392.259872,478.125522,1
3,4443,398.152069,488.394409,398.070914,488.161671,1
3,4444,403.961945,478.304749,403.859875,478.111729,1
